# Made in Blockbench 5.1.4
mtllib hoverbike_3.mtl

o obj1
v -0.0298582756261274 0.1753502866312474 0.11827768495204283
v -0.026734033046098653 0.09041005330540552 0.11891255674404823
v -0.02985837585224217 0.1753503618170238 0.11828830898614125
v -0.02673413186627727 0.09041012871686055 0.11892318170680843
v 0.2780459645703411 0.18669646993341305 0.12108204326834082
v 0.28117020715036983 0.10175623660757116 0.12171691506034622
v 0.2780460633905196 0.18669639452195805 0.12107141830558071
v 0.2811703073764846 0.10175616142179476 0.1217062910262478
v 0.2780459645703411 0.18669646993341305 0.12108204326834082
v 0.2780460633905196 0.18669639452195805 0.12107141830558071
v -0.02985837585224217 0.1753503618170238 0.11828830898614125
v -0.0298582756261274 0.1753502866312474 0.11827768495204283
v 0.2811703073764846 0.10175616142179476 0.1217062910262478
v 0.28117020715036983 0.10175623660757116 0.12171691506034622
v -0.026734033046098653 0.09041005330540552 0.11891255674404823
v -0.02673413186627727 0.09041012871686055 0.11892318170680843
v 0.2780460633905196 0.18669639452195805 0.12107141830558071
v 0.2811703073764846 0.10175616142179476 0.1217062910262478
v -0.0298582756261274 0.1753502866312474 0.11827768495204283
v -0.026734033046098653 0.09041005330540552 0.11891255674404823
v -0.02673413186627727 0.09041012871686055 0.11892318170680843
v 0.28117020715036983 0.10175623660757116 0.12171691506034622
vt 0.74614 0.711
vt 0.74614 0.74213
vt 0.74603 0.74213
vt 0.74614 0.711
vt 0.74603 0.74213
vt 0.74603 0.711
vt 0.85948 0.711
vt 0.85948 0.74213
vt 0.85937 0.74213
vt 0.85948 0.711
vt 0.85937 0.74213
vt 0.85937 0.711
vt 0.85937 0.74213
vt 0.85937 0.74225
vt 0.74614 0.74213
vt 0.74614 0.74213
vt 0.85937 0.74225
vt 0.74614 0.74225
vt 0.97259 0.74213
vt 0.97259 0.74225
vt 0.85948 0.74213
vt 0.85948 0.74213
vt 0.97259 0.74225
vt 0.85948 0.74225
vt 0.85948 0.711
vt 0.85948 0.74213
vt 0.97259 0.74213
vt 0.85948 0.711
vt 0.97259 0.74213
vt 0.97259 0.711
vt 0.74614 0.711
vt 0.74614 0.74213
vt 0.85937 0.74213
vt 0.74614 0.711
vt 0.85937 0.74213
vt 0.85937 0.711
vn 0.99927973650637 0.03682367869672475 0.0091665094228901
vn 0.9992809893884851 0.03682274149840594 0.009032715832566872
vn -0.9992809900032915 -0.0368227247851352 -0.009032715950362756
vn -0.9992797358915593 -0.036823695411403776 -0.009166509299818933
vn -0.03675608319444181 0.9992966123437055 -0.007434440570575405
vn -0.03675622931031949 0.9992967237317594 -0.00741872939653254
vn 0.036756229851763515 -0.9992967237118064 0.007418729401597711
vn 0.03675608265300294 -0.9992966123636252 0.007434440569959507
vn -0.0093355082521277 0.007130454990225965 0.9999310000681582
vn -0.009335510829742433 0.00713044409902952 0.9999310001217577
vn 0.009335511226307325 -0.007130454880629911 -0.9999310000411724
vn 0.009335507855562529 -0.00713044420862635 -0.9999310001487435
usemtl m_9b79bb34-d962-cde2-c94e-e1adc5879949
f 2/1/1 1/2/1 3/3/1
f 2/4/2 3/5/2 4/6/2
f 6/7/3 5/8/3 7/9/3
f 6/10/4 7/11/4 8/12/4
f 9/13/5 10/14/5 11/15/5
f 11/16/6 10/17/6 12/18/6
f 13/19/7 14/20/7 15/21/7
f 15/22/8 14/23/8 16/24/8
f 18/25/9 17/26/9 19/27/9
f 18/28/10 19/29/10 20/30/10
f 21/31/11 11/32/11 9/33/11
f 21/34/12 9/35/12 22/36/12
o obj2
v -0.028092694406938682 0.17400172912406603 -0.07083424234975254
v -0.02496845057495976 0.08906149444705912 -0.07019936901276373
v -0.028092793227117243 0.17400180453552105 -0.07082361738699242
v -0.024968550647088496 0.08906157120967916 -0.07018874559498703
v 0.2798115457895298 0.18534791242623166 -0.06802988403345464
v 0.28293578977549466 0.10040767932606844 -0.06739501131278736
v 0.2798116460156446 0.18534783724045525 -0.06804050806755305
v 0.28293588749848436 0.10040760293159914 -0.06740563437558454
v 0.2798115457895298 0.18534791242623166 -0.06802988403345464
v 0.2798116460156446 0.18534783724045525 -0.06804050806755305
v -0.028092793227117243 0.17400180453552105 -0.07082361738699242
v -0.028092694406938682 0.17400172912406603 -0.07083424234975254
v 0.28293588749848436 0.10040760293159914 -0.06740563437558454
v 0.28293578977549466 0.10040767932606844 -0.06739501131278736
v -0.02496845057495976 0.08906149444705912 -0.07019936901276373
v -0.024968550647088496 0.08906157120967916 -0.07018874559498703
v 0.2798116460156446 0.18534783724045525 -0.06804050806755305
v 0.28293588749848436 0.10040760293159914 -0.06740563437558454
v -0.028092694406938682 0.17400172912406603 -0.07083424234975254
v -0.02496845057495976 0.08906149444705912 -0.07019936901276373
v -0.024968550647088496 0.08906157120967916 -0.07018874559498703
v 0.28293578977549466 0.10040767932606844 -0.06739501131278736
vt 0.74614 0.711
vt 0.74614 0.74213
vt 0.74603 0.74213
vt 0.74614 0.711
vt 0.74603 0.74213
vt 0.74603 0.711
vt 0.85948 0.711
vt 0.85948 0.74213
vt 0.85937 0.74213
vt 0.85948 0.711
vt 0.85937 0.74213
vt 0.85937 0.711
vt 0.85937 0.74213
vt 0.85937 0.74225
vt 0.74614 0.74213
vt 0.74614 0.74213
vt 0.85937 0.74225
vt 0.74614 0.74225
vt 0.97259 0.74213
vt 0.97259 0.74225
vt 0.85948 0.74213
vt 0.85948 0.74213
vt 0.97259 0.74225
vt 0.85948 0.74225
vt 0.85948 0.711
vt 0.85948 0.74213
vt 0.97259 0.74213
vt 0.85948 0.711
vt 0.97259 0.74213
vt 0.97259 0.711
vt 0.74614 0.711
vt 0.74614 0.74213
vt 0.85937 0.74213
vt 0.74614 0.711
vt 0.85937 0.74213
vt 0.85937 0.711
vn 0.9992809894777801 0.03682273907214022 0.009032715844855484
vn 0.9992799195204818 0.03682354030832701 0.009147093653210479
vn -0.9992797358915833 -0.03682369541134114 -0.009166509297467205
vn -0.9992819615694588 -0.03682196267944148 -0.008927729068958055
vn -0.03675622931031821 0.9992967237317585 -0.007418729396660771
vn -0.03675608319443159 0.9992966123436977 -0.007434440571656761
vn 0.03675524444723701 -0.9992959696321373 0.007524432376626032
vn 0.03675484607168988 -0.9992956633636646 0.007566932854189743
vn -0.00933551165266666 0.007130466472270667 0.9999309999545323
vn -0.009335512719346238 0.007130461965228594 0.9999309999767131
vn 0.009335507855562473 -0.007130444208626461 -0.9999310001487435
vn 0.009335511226307545 -0.007130454880631075 -0.9999310000411723
usemtl m_9b79bb34-d962-cde2-c94e-e1adc5879949
f 24/37/13 23/38/13 25/39/13
f 24/40/14 25/41/14 26/42/14
f 28/43/15 27/44/15 29/45/15
f 28/46/16 29/47/16 30/48/16
f 31/49/17 32/50/17 33/51/17
f 33/52/18 32/53/18 34/54/18
f 35/55/19 36/56/19 37/57/19
f 37/58/20 36/59/20 38/60/20
f 40/61/21 39/62/21 41/63/21
f 40/64/22 41/65/22 42/66/22
f 43/67/23 33/68/23 31/69/23
f 43/70/24 31/71/24 44/72/24
o obj3
v 0.07399589905946492 0.13515311588657689 -0.05001217669542177
v 0.11291465514765488 0.09899775586506179 -0.04939100310544198
v 0.07419427913481204 0.13500159193134778 -0.07126070528689067
v 0.11311303537698812 0.09884623348667626 -0.07063953231323276
v 0.038036991516182575 0.09607972390373795 -0.07132072570847692
v 0.07695574760437264 0.059924363882222775 -0.07069955211849728
v 0.037838611286849455 0.0962312462821234 -0.05007219650068629
v 0.0767573673750394 0.060075886260608315 -0.04945102291070651
v 0.038036991516182575 0.09607972390373795 -0.07132072570847692
v 0.037838611286849455 0.0962312462821234 -0.05007219650068629
v 0.07419427913481204 0.13500159193134778 -0.07126070528689067
v 0.07399589905946492 0.13515311588657689 -0.05001217669542177
v 0.0767573673750394 0.060075886260608315 -0.04945102291070651
v 0.07695574760437264 0.059924363882222775 -0.07069955211849728
v 0.11291465514765488 0.09899775586506179 -0.04939100310544198
v 0.11311303537698812 0.09884623348667626 -0.07063953231323276
v 0.037838611286849455 0.0962312462821234 -0.05007219650068629
v 0.0767573673750394 0.060075886260608315 -0.04945102291070651
v 0.07399589905946492 0.13515311588657689 -0.05001217669542177
v 0.11291465514765488 0.09899775586506179 -0.04939100310544198
v 0.07419427913481204 0.13500159193134778 -0.07126070528689067
v 0.11311303537698812 0.09884623348667626 -0.07063953231323276
v 0.038036991516182575 0.09607972390373795 -0.07132072570847692
v 0.07695574760437264 0.059924363882222775 -0.07069955211849728
vt 0.33209 0.66008
vt 0.33209 0.64069
vt 0.33978 0.66008
vt 0.33978 0.66008
vt 0.33209 0.64069
vt 0.33978 0.64069
vt 0.35943 0.66008
vt 0.35943 0.64069
vt 0.36712 0.66008
vt 0.36712 0.66008
vt 0.35943 0.64069
vt 0.36712 0.64069
vt 0.35932 0.66024
vt 0.35932 0.66791
vt 0.33989 0.66024
vt 0.33989 0.66024
vt 0.35932 0.66791
vt 0.33989 0.66791
vt 0.37886 0.66791
vt 0.37886 0.66024
vt 0.35943 0.66791
vt 0.35943 0.66791
vt 0.37886 0.66024
vt 0.35943 0.66024
vt 0.36722 0.66008
vt 0.36722 0.64069
vt 0.38666 0.66008
vt 0.38666 0.66008
vt 0.36722 0.64069
vt 0.38666 0.64069
vt 0.33989 0.66008
vt 0.33989 0.64069
vt 0.35932 0.66008
vt 0.35932 0.66008
vt 0.33989 0.64069
vt 0.35932 0.64069
vn 0.6806079141452024 0.7326469756113592 0.0011297479566807764
vn 0.680607896225246 0.732646992167526 0.0011298069402443376
vn -0.6806079135919348 -0.7326469760339455 -0.0011298072174296815
vn -0.6806079135919353 -0.7326469760339452 -0.0011298072174309585
vn -0.732588417863674 0.6805714441374819 -0.011692708694794047
vn -0.7325884298343576 0.680571430469291 -0.011692754244138402
vn 0.7325884302594227 -0.6805714307939562 0.01169270871537764
vn 0.7325884302594227 -0.6805714307939562 0.01169270871537764
vn -0.009335506365746924 0.007130462361902621 0.9999310000332026
vn -0.009335506365746924 0.007130462361902566 0.9999310000332026
vn 0.009335505772337493 -0.0071304462286480574 -0.9999310001537882
vn 0.00933550636574465 -0.007130462361900403 -0.9999310000332028
usemtl m_9b79bb34-d962-cde2-c94e-e1adc5879949
f 45/73/25 46/74/25 47/75/25
f 47/76/26 46/77/26 48/78/26
f 49/79/27 50/80/27 51/81/27
f 51/82/28 50/83/28 52/84/28
f 53/85/29 54/86/29 55/87/29
f 55/88/30 54/89/30 56/90/30
f 57/91/31 58/92/31 59/93/31
f 59/94/32 58/95/32 60/96/32
f 61/97/33 62/98/33 63/99/33
f 63/100/34 62/101/34 64/102/34
f 65/103/35 66/104/35 67/105/35
f 67/106/36 66/107/36 68/108/36
o obj4
v -0.5837851337240074 0.2482371436328665 -0.0669779534579058
v -0.5837847586627675 0.2482269502817337 -0.06697787711257941
v -0.5853721742593685 0.24944933057799082 0.10301039456934627
v -0.5853718004500785 0.24943913857802305 0.10301046936968919
v -0.23499850049338375 0.2623604112804222 0.10618946846750697
v -0.23499812543214374 0.26235021792928936 0.10618954481283333
v -0.23341146011200878 0.2611482227584542 -0.06379887894342344
v -0.2334110848967827 0.261138030984165 -0.06379880321441889
v -0.23499850049338375 0.2623604112804222 0.10618946846750697
v -0.23341146011200878 0.2611482227584542 -0.06379887894342344
v -0.5853721742593685 0.24944933057799082 0.10301039456934627
v -0.5837851337240074 0.2482371436328665 -0.0669779534579058
v -0.2334110848967827 0.261138030984165 -0.06379880321441889
v -0.23499812543214374 0.26235021792928936 0.10618954481283333
v -0.5837847586627675 0.2482269502817337 -0.06697787711257941
v -0.5853718004500785 0.24943913857802305 0.10301046936968919
v -0.23341146011200878 0.2611482227584542 -0.06379887894342344
v -0.2334110848967827 0.261138030984165 -0.06379880321441889
v -0.5837851337240074 0.2482371436328665 -0.0669779534579058
v -0.5837847586627675 0.2482269502817337 -0.06697787711257941
v -0.23499850049338375 0.2623604112804222 0.10618946846750697
v -0.23499812543214374 0.26235021792928936 0.10618954481283333
vt 0.63287 0.37897000000000003
vt 0.63287 0.37884000000000007
vt 0.69532 0.37884000000000007
vt 0.63287 0.37897000000000003
vt 0.69532 0.37884000000000007
vt 0.69532 0.37897000000000003
vt 0.82431 0.37897000000000003
vt 0.82431 0.37884000000000007
vt 0.88657 0.37884000000000007
vt 0.82431 0.37897000000000003
vt 0.88657 0.37884000000000007
vt 0.88657 0.37897000000000003
vt 0.82413 0.37897000000000003
vt 0.82413 0.44135
vt 0.69532 0.37897000000000003
vt 0.69532 0.37897000000000003
vt 0.82413 0.44135
vt 0.69532 0.44135
vt 0.95312 0.44135
vt 0.95312 0.37897000000000003
vt 0.82431 0.44135
vt 0.82431 0.44135
vt 0.95312 0.37897000000000003
vt 0.82431 0.37897000000000003
vt 0.88675 0.37897000000000003
vt 0.88675 0.37884000000000007
vt 1.01556 0.37884000000000007
vt 0.88675 0.37897000000000003
vt 1.01556 0.37884000000000007
vt 1.01556 0.37897000000000003
vt 0.69532 0.37897000000000003
vt 0.69532 0.37884000000000007
vt 0.82413 0.37884000000000007
vt 0.69532 0.37897000000000003
vt 0.82413 0.37884000000000007
vt 0.82413 0.37897000000000003
vn 0.9992801879935838 0.03683611673189528 0.00906677382658216
vn 0.9992845620642915 0.0367170445993917 0.009067670917256463
vn -0.9992801880048398 -0.036836116725329625 -0.009066772612698558
vn -0.9992794437840947 -0.03685633708865687 -0.009066622687517676
vn -0.03675576107269956 0.9992963653624399 -0.007469149977309573
vn -0.03675575667135513 0.9992963655938623 -0.007469140674423334
vn 0.03675576115917233 -0.9992963654284885 0.0074691407151434835
vn 0.0367557570697321 -0.9992963655172857 0.007469148959166448
vn -0.009333884787320999 0.007086262553819609 0.9999313293810708
vn -0.009336068633146231 0.00714568264898102 0.9999308861326153
vn 0.009330578018432288 -0.0069964088952123565 -0.9999319929757289
vn 0.009336072975037022 -0.007145682489782033 -0.9999308860932139
usemtl m_9b79bb34-d962-cde2-c94e-e1adc5879949
f 70/109/37 69/110/37 71/111/37
f 70/112/38 71/113/38 72/114/38
f 74/115/39 73/116/39 75/117/39
f 74/118/40 75/119/40 76/120/40
f 77/121/41 78/122/41 79/123/41
f 79/124/42 78/125/42 80/126/42
f 81/127/43 82/128/43 83/129/43
f 83/130/44 82/131/44 84/132/44
f 86/133/45 85/134/45 87/135/45
f 86/136/46 87/137/46 88/138/46
f 72/139/47 71/140/47 89/141/47
f 72/142/48 89/143/48 90/144/48
o obj5
v 0.07260720746560838 0.1362138028056149 0.09873088008918263
v 0.03644991672713449 0.0972919311729606 0.09867085904291636
v 0.07240882769900849 0.13636532600350837 0.11997941150927635
v 0.036251536960534694 0.097443454370854 0.11991939046300994
v 0.11132758690704296 0.10020996958703768 0.12060058572393598
v 0.07517029616856914 0.061288097954383336 0.12054056467766966
v 0.11152596761684573 0.10005844579531488 0.09935205302020103
v 0.07536867593516898 0.06113657475648991 0.099292033257576
v 0.11132758690704296 0.10020996958703768 0.12060058572393598
v 0.11152596761684573 0.10005844579531488 0.09935205302020103
v 0.07240882769900849 0.13636532600350837 0.11997941150927635
v 0.07260720746560838 0.1362138028056149 0.09873088008918263
v 0.07536867593516898 0.06113657475648991 0.099292033257576
v 0.07517029616856914 0.061288097954383336 0.12054056467766966
v 0.03644991672713449 0.0972919311729606 0.09867085904291636
v 0.036251536960534694 0.097443454370854 0.11991939046300994
v 0.11152596761684573 0.10005844579531488 0.09935205302020103
v 0.07536867593516898 0.06113657475648991 0.099292033257576
v 0.07260720746560838 0.1362138028056149 0.09873088008918263
v 0.03644991672713449 0.0972919311729606 0.09867085904291636
v 0.07240882769900849 0.13636532600350837 0.11997941150927635
v 0.036251536960534694 0.097443454370854 0.11991939046300994
v 0.11132758690704296 0.10020996958703768 0.12060058572393598
v 0.07517029616856914 0.061288097954383336 0.12054056467766966
vt 0.33209 0.64069
vt 0.33209 0.66008
vt 0.33978 0.66008
vt 0.33209 0.64069
vt 0.33978 0.66008
vt 0.33978 0.64069
vt 0.35943 0.64069
vt 0.35943 0.66008
vt 0.36712 0.66008
vt 0.35943 0.64069
vt 0.36712 0.66008
vt 0.36712 0.64069
vt 0.35932 0.66024
vt 0.35932 0.66791
vt 0.33989 0.66024
vt 0.33989 0.66024
vt 0.35932 0.66791
vt 0.33989 0.66791
vt 0.37886 0.66791
vt 0.37886 0.66024
vt 0.35943 0.66791
vt 0.35943 0.66791
vt 0.37886 0.66024
vt 0.35943 0.66024
vt 0.36722 0.64069
vt 0.36722 0.66008
vt 0.38666 0.66008
vt 0.36722 0.64069
vt 0.38666 0.66008
vt 0.38666 0.64069
vt 0.33989 0.64069
vt 0.33989 0.66008
vt 0.35932 0.66008
vt 0.33989 0.64069
vt 0.35932 0.66008
vt 0.35932 0.64069
vn 0.7325884198367693 -0.680571441857594 0.011692717773957693
vn 0.732588419836771 -0.6805714418575922 0.01169271777395142
vn -0.7325884193622537 0.6805714414951584 -0.01169276859932472
vn -0.7325884059989568 0.6805714567534432 -0.01169271775098457
vn 0.6806078481916072 0.7326470368422707 0.0011297726454565778
vn 0.680607845448947 0.732647039405099 0.0011297629334364179
vn -0.6806078482818579 -0.7326470367733373 -0.0011297629786514022
vn -0.6806078482818578 -0.7326470367733371 -0.0011297629786511244
vn -0.009335496169658562 0.007130454660061956 0.9999310001833162
vn -0.009335530660751821 0.00713045338908158 0.9999309998703652
vn 0.00933553066075393 -0.007130453389079082 -0.9999309998703652
vn 0.009335530660754097 -0.007130453389081746 -0.9999309998703653
usemtl m_9b79bb34-d962-cde2-c94e-e1adc5879949
f 92/145/49 91/146/49 93/147/49
f 92/148/50 93/149/50 94/150/50
f 96/151/51 95/152/51 97/153/51
f 96/154/52 97/155/52 98/156/52
f 99/157/53 100/158/53 101/159/53
f 101/160/54 100/161/54 102/162/54
f 103/163/55 104/164/55 105/165/55
f 105/166/56 104/167/56 106/168/56
f 108/169/57 107/170/57 109/171/57
f 108/172/58 109/173/58 110/174/58
f 112/175/59 111/176/59 113/177/59
f 112/178/60 113/179/60 114/180/60
o obj6
v 0.31864672116199355 0.19931868833230176 -0.1627225347410703
v 0.35411244255413915 0.15987629401526282 -0.1656798531355284
v 0.314593536683242 0.19723033106650523 -0.183477603054005
v 0.35005925807538757 0.15778793674946628 -0.1864349214484632
v 0.2763604234290546 0.16202656280427166 -0.1724690221719386
v 0.31182614482120025 0.12258416848723261 -0.17542634056639694
v 0.2804136079078063 0.1641149200700681 -0.15171395385900402
v 0.3158793292999518 0.12467252575302915 -0.15467127225346217
v 0.2763604234290546 0.16202656280427166 -0.1724690221719386
v 0.2804136079078063 0.1641149200700681 -0.15171395385900402
v 0.314593536683242 0.19723033106650523 -0.183477603054005
v 0.31864672116199355 0.19931868833230176 -0.1627225347410703
v 0.3158793292999518 0.12467252575302915 -0.15467127225346217
v 0.31182614482120025 0.12258416848723261 -0.17542634056639694
v 0.35411244255413915 0.15987629401526282 -0.1656798531355284
v 0.35005925807538757 0.15778793674946628 -0.1864349214484632
v 0.2804136079078063 0.1641149200700681 -0.15171395385900402
v 0.3158793292999518 0.12467252575302915 -0.15467127225346217
v 0.31864672116199355 0.19931868833230176 -0.1627225347410703
v 0.35411244255413915 0.15987629401526282 -0.1656798531355284
v 0.314593536683242 0.19723033106650523 -0.183477603054005
v 0.35005925807538757 0.15778793674946628 -0.1864349214484632
v 0.2763604234290546 0.16202656280427166 -0.1724690221719386
v 0.31182614482120025 0.12258416848723261 -0.17542634056639694
vt 0.33209 0.66008
vt 0.33209 0.64069
vt 0.33978 0.66008
vt 0.33978 0.66008
vt 0.33209 0.64069
vt 0.33978 0.64069
vt 0.35943 0.66008
vt 0.35943 0.64069
vt 0.36712 0.66008
vt 0.36712 0.66008
vt 0.35943 0.64069
vt 0.36712 0.64069
vt 0.35932 0.66024
vt 0.35932 0.66791
vt 0.33989 0.66024
vt 0.33989 0.66024
vt 0.35932 0.66791
vt 0.33989 0.66791
vt 0.37886 0.66791
vt 0.37886 0.66024
vt 0.35943 0.66791
vt 0.35943 0.66791
vt 0.37886 0.66024
vt 0.35943 0.66024
vt 0.36722 0.66008
vt 0.36722 0.64069
vt 0.38666 0.66008
vt 0.38666 0.66008
vt 0.36722 0.64069
vt 0.38666 0.64069
vt 0.33989 0.66008
vt 0.33989 0.64069
vt 0.35932 0.66008
vt 0.35932 0.66008
vt 0.33989 0.64069
vt 0.35932 0.64069
vn 0.7196822094769341 0.6626592005022807 -0.2072204173146957
vn 0.7196822094769341 0.6626592005022802 -0.20722041731469656
vn -0.7196822094769326 -0.662659200502281 0.20722041731469903
vn -0.7196822094769344 -0.6626592005022806 0.20722041731469565
vn -0.6675900831747518 0.7424450488748257 0.05566713795396386
vn -0.6675900831747553 0.7424450488748233 0.05566713795395771
vn 0.6675900831747551 -0.7424450488748232 -0.055667137953957696
vn 0.6675900831747552 -0.7424450488748232 -0.055667137953958265
vn 0.19073810324173823 0.09827558330372224 0.9767092124568382
vn 0.1907381032417378 0.09827558330372232 0.9767092124568384
vn -0.1907381032417404 -0.09827558330372413 -0.9767092124568377
vn -0.19073810324174034 -0.09827558330372033 -0.9767092124568382
usemtl m_9b79bb34-d962-cde2-c94e-e1adc5879949
f 115/181/61 116/182/61 117/183/61
f 117/184/62 116/185/62 118/186/62
f 119/187/63 120/188/63 121/189/63
f 121/190/64 120/191/64 122/192/64
f 123/193/65 124/194/65 125/195/65
f 125/196/66 124/197/66 126/198/66
f 127/199/67 128/200/67 129/201/67
f 129/202/68 128/203/68 130/204/68
f 131/205/69 132/206/69 133/207/69
f 133/208/70 132/209/70 134/210/70
f 135/211/71 136/212/71 137/213/71
f 137/214/72 136/215/72 138/216/72
o obj7
v -0.20596277228020207 0.16564644621622698 -0.09473930873377004
v -0.16172393476342684 0.06905051782848687 -0.09363746816378855
v -0.20814495699538865 0.1673132072356192 0.13899515022180914
v -0.1639061204218163 0.07071727944170844 0.14009699207543186
v -0.13086722583379426 0.20271007951090544 0.1394642146701494
v -0.08662838816303309 0.10611415270000903 0.14056605462380928
v -0.12868503876946866 0.20104331812336254 -0.0942702446404092
v -0.08444620344784656 0.10444739168061683 -0.0931684043317698
v -0.13086722583379426 0.20271007951090544 0.1394642146701494
v -0.12868503876946866 0.20104331812336254 -0.0942702446404092
v -0.20814495699538865 0.1673132072356192 0.13899515022180914
v -0.20596277228020207 0.16564644621622698 -0.09473930873377004
v -0.08444620344784656 0.10444739168061683 -0.0931684043317698
v -0.08662838816303309 0.10611415270000903 0.14056605462380928
v -0.16172393476342684 0.06905051782848687 -0.09363746816378855
v -0.1639061204218163 0.07071727944170844 0.14009699207543186
v -0.12868503876946866 0.20104331812336254 -0.0942702446404092
v -0.08444620344784656 0.10444739168061683 -0.0931684043317698
v -0.20596277228020207 0.16564644621622698 -0.09473930873377004
v -0.16172393476342684 0.06905051782848687 -0.09363746816378855
v -0.20814495699538865 0.1673132072356192 0.13899515022180914
v -0.1639061204218163 0.07071727944170844 0.14009699207543186
v -0.13086722583379426 0.20271007951090544 0.1394642146701494
v -0.08662838816303309 0.10611415270000903 0.14056605462380928
vt 0.00006 0.55084
vt 0.00006 0.58976
vt 0.08589 0.58976
vt 0.00006 0.55084
vt 0.08589 0.58976
vt 0.08589 0.55084
vt 0.11724 0.55084
vt 0.11724 0.58976
vt 0.20307 0.58976
vt 0.11724 0.55084
vt 0.20307 0.58976
vt 0.20307 0.55084
vt 0.11713 0.58989
vt 0.11713 0.67572
vt 0.086 0.58989
vt 0.086 0.58989
vt 0.11713 0.67572
vt 0.086 0.67572
vt 0.14837 0.67572
vt 0.14837 0.58989
vt 0.11724 0.67572
vt 0.11724 0.67572
vt 0.14837 0.58989
vt 0.11724 0.58989
vt 0.20319 0.55084
vt 0.20319 0.58976
vt 0.23431 0.58976
vt 0.20319 0.55084
vt 0.23431 0.58976
vt 0.23431 0.55084
vt 0.086 0.55084
vt 0.086 0.58976
vt 0.11713 0.58976
vt 0.086 0.55084
vt 0.11713 0.58976
vt 0.11713 0.55084
vn 0.9091493767706602 0.41643361794289924 0.0055183842297885635
vn 0.9091493791101104 0.41643361280048885 0.005518386868742397
vn -0.9091493735830453 -0.4164336247907953 -0.0055183926242684525
vn -0.9091493814229943 -0.41643360778448263 -0.005518384345663038
vn -0.41636552607940036 0.9091381660201792 -0.01037033162870093
vn -0.4163655121295162 0.9091381724737716 -0.01037032594360132
vn 0.4163655408475528 -0.9091381593195464 0.010370326117914606
vn 0.4163655309783567 -0.909138163795248 0.010370329990693481
vn -0.009335512294185553 0.007130446552947643 0.9999310000905866
vn -0.009335510756030061 0.007130449606912058 0.9999310000831695
vn 0.009335522323786481 -0.007130457730083804 -0.9999309999172451
vn 0.009335494511240215 -0.007130450769855188 -0.9999310002265402
usemtl m_9b79bb34-d962-cde2-c94e-e1adc5879949
f 140/217/73 139/218/73 141/219/73
f 140/220/74 141/221/74 142/222/74
f 144/223/75 143/224/75 145/225/75
f 144/226/76 145/227/76 146/228/76
f 147/229/77 148/230/77 149/231/77
f 149/232/78 148/233/78 150/234/78
f 151/235/79 152/236/79 153/237/79
f 153/238/80 152/239/80 154/240/80
f 156/241/81 155/242/81 157/243/81
f 156/244/82 157/245/82 158/246/82
f 160/247/83 159/248/83 161/249/83
f 160/250/84 161/251/84 162/252/84
o obj8
v -0.5210052931069931 0.262632532801773 -0.013365819330117767
v -0.5206147631502447 0.2520150101430358 -0.01328646138368228
v -0.5216004344836462 0.2630871046782722 0.0503798646557751
v -0.5212099032749478 0.2524695806683699 0.050459224147194115
v -0.38357474985497336 0.26817327510077466 0.05163222501575049
v -0.38318421849228884 0.25755575266771596 0.05171158389084771
v -0.38297960832433414 0.26771870480111915 -0.012113459586464093
v -0.3825890785215718 0.2571011805655382 -0.012034101023706861
v -0.38357474985497336 0.26817327510077466 0.05163222501575049
v -0.38297960832433414 0.26771870480111915 -0.012113459586464093
v -0.5216004344836462 0.2630871046782722 0.0503798646557751
v -0.5210052931069931 0.262632532801773 -0.013365819330117767
v -0.3825890785215718 0.2571011805655382 -0.012034101023706861
v -0.38318421849228884 0.25755575266771596 0.05171158389084771
v -0.5206147631502447 0.2520150101430358 -0.01328646138368228
v -0.5212099032749478 0.2524695806683699 0.050459224147194115
v -0.38297960832433414 0.26771870480111915 -0.012113459586464093
v -0.3825890785215718 0.2571011805655382 -0.012034101023706861
v -0.5210052931069931 0.262632532801773 -0.013365819330117767
v -0.5206147631502447 0.2520150101430358 -0.01328646138368228
v -0.5216004344836462 0.2630871046782722 0.0503798646557751
v -0.5212099032749478 0.2524695806683699 0.050459224147194115
v -0.38357474985497336 0.26817327510077466 0.05163222501575049
v -0.38318421849228884 0.25755575266771596 0.05171158389084771
vt 0.51959 0.40240999999999993
vt 0.51959 0.4062
vt 0.54292 0.4062
vt 0.51959 0.40240999999999993
vt 0.54292 0.4062
vt 0.54292 0.40240999999999993
vt 0.59379 0.40240999999999993
vt 0.59379 0.4062
vt 0.61712 0.4062
vt 0.59379 0.40240999999999993
vt 0.61712 0.4062
vt 0.61712 0.40240999999999993
vt 0.59371 0.40630999999999995
vt 0.59371 0.42962999999999996
vt 0.54299 0.40630999999999995
vt 0.54299 0.40630999999999995
vt 0.59371 0.42962999999999996
vt 0.54299 0.42962999999999996
vt 0.6445 0.42962999999999996
vt 0.6445 0.40630999999999995
vt 0.59379 0.42962999999999996
vt 0.59379 0.42962999999999996
vt 0.6445 0.40630999999999995
vt 0.59379 0.40630999999999995
vt 0.61726 0.40240999999999993
vt 0.61726 0.4062
vt 0.66791 0.4062
vt 0.61726 0.40240999999999993
vt 0.66791 0.4062
vt 0.66791 0.40240999999999993
vt 0.54299 0.40240999999999993
vt 0.54299 0.4062
vt 0.59371 0.4062
vt 0.54299 0.40240999999999993
vt 0.59371 0.4062
vt 0.59371 0.40240999999999993
vn 0.9992806720748659 0.03682295572585722 0.009066882000778929
vn 0.999280668048647 0.036823069890980935 0.009066862084197434
vn -0.999280667126613 -0.036823089457640505 -0.009066884238040583
vn -0.9992806729968962 -0.0368229361592244 -0.009066859846935501
vn -0.03675575006561315 0.9992963658560448 -0.0074691381039636556
vn -0.03675576122719578 0.9992963652601199 -0.007469162906419078
vn 0.03675574981057663 -0.9992963656612466 0.007469165421021716
vn 0.03675576143334807 -0.9992963654175805 0.007469140825298924
vn -0.009335507527371388 0.0071304092606767604 0.9999310004010185
vn -0.009335509816955521 0.007130352059324439 0.9999310007875382
vn 0.009335515087488089 -0.007130495351840793 -0.9999309997165249
vn 0.009335508601879703 -0.007130438473855414 -0.99993100018267
usemtl m_9b79bb34-d962-cde2-c94e-e1adc5879949
f 164/253/85 163/254/85 165/255/85
f 164/256/86 165/257/86 166/258/86
f 168/259/87 167/260/87 169/261/87
f 168/262/88 169/263/88 170/264/88
f 171/265/89 172/266/89 173/267/89
f 173/268/90 172/269/90 174/270/90
f 175/271/91 176/272/91 177/273/91
f 177/274/92 176/275/92 178/276/92
f 180/277/93 179/278/93 181/279/93
f 180/280/94 181/281/94 182/282/94
f 184/283/95 183/284/95 185/285/95
f 184/286/96 185/287/96 186/288/96
o obj9
v -0.19238117233311153 0.2637074515060711 -0.06237139907916159
v -0.1857421614817383 0.08320960096091289 -0.061022290581079525
v -0.5746052337568792 0.24962270186241178 -0.06583946634670884
v -0.5679662229055059 0.06912485131725356 -0.06449035784862683
vt 0.50775 0.3672500000000001
vt 0.50775 0.43352999999999997
vt 0.36725 0.43352999999999997
vt 0.50775 0.3672500000000001
vt 0.36725 0.43352999999999997
vt 0.36725 0.3672500000000001
vn -0.009335516507244122 0.007130482773253842 0.9999309997929674
vn -0.009335516507244233 0.007130482773253842 0.9999309997929674
usemtl m_9b79bb34-d962-cde2-c94e-e1adc5879949
f 188/289/97 187/290/97 189/291/97
f 188/292/98 189/293/98 190/294/98
o obj10
v -0.1925305262196314 0.26422695810987884 0.10551007408773072
v -0.18589151600348897 0.08372911131223722 0.1068591826368106
v -0.5747545885866019 0.2501422090600488 0.10204200810382466
v -0.5681155785244455 0.06964436068556365 0.10339111726922634
vt 0.50775 0.3672500000000001
vt 0.50775 0.43352999999999997
vt 0.36725 0.43352999999999997
vt 0.50775 0.3672500000000001
vt 0.36725 0.43352999999999997
vt 0.36725 0.3672500000000001
vn -0.00933551313691322 0.007130483360842932 0.9999309998202434
vn -0.009335511675912343 0.007130486774503118 0.9999309998095407
usemtl m_9b79bb34-d962-cde2-c94e-e1adc5879949
f 192/295/99 191/296/99 193/297/99
f 192/298/100 193/299/100 194/300/100
o obj11
v 0.3149365118511966 0.19804688261710812 0.2147536924759514
v 0.2787792192263169 0.15912501217211256 0.2146936739969678
v 0.31270786351359264 0.20008479883941388 0.23578800879911663
v 0.27655056932879085 0.161162926591896 0.23572799000779282
v 0.3512289328145983 0.16428819688834506 0.24333759085506085
v 0.31507164003573257 0.12536632486650578 0.24327757299239872
v 0.35345758130618815 0.16225028224288296 0.22230327391557386
v 0.3173002885273224 0.12332841022104374 0.22224325605291198
v 0.3512289328145983 0.16428819688834506 0.24333759085506085
v 0.35345758130618815 0.16225028224288296 0.22230327391557386
v 0.31270786351359264 0.20008479883941388 0.23578800879911663
v 0.3149365118511966 0.19804688261710812 0.2147536924759514
v 0.3173002885273224 0.12332841022104374 0.22224325605291198
v 0.31507164003573257 0.12536632486650578 0.24327757299239872
v 0.2787792192263169 0.15912501217211256 0.2146936739969678
v 0.27655056932879085 0.161162926591896 0.23572799000779282
v 0.35345758130618815 0.16225028224288296 0.22230327391557386
v 0.3173002885273224 0.12332841022104374 0.22224325605291198
v 0.3149365118511966 0.19804688261710812 0.2147536924759514
v 0.2787792192263169 0.15912501217211256 0.2146936739969678
v 0.31270786351359264 0.20008479883941388 0.23578800879911663
v 0.27655056932879085 0.161162926591896 0.23572799000779282
v 0.3512289328145983 0.16428819688834506 0.24333759085506085
v 0.31507164003573257 0.12536632486650578 0.24327757299239872
vt 0.33209 0.64069
vt 0.33209 0.66008
vt 0.33978 0.66008
vt 0.33209 0.64069
vt 0.33978 0.66008
vt 0.33978 0.64069
vt 0.35943 0.64069
vt 0.35943 0.66008
vt 0.36712 0.66008
vt 0.35943 0.64069
vt 0.36712 0.66008
vt 0.36712 0.64069
vt 0.35932 0.66024
vt 0.35932 0.66791
vt 0.33989 0.66024
vt 0.33989 0.66024
vt 0.35932 0.66791
vt 0.33989 0.66791
vt 0.37886 0.66791
vt 0.37886 0.66024
vt 0.35943 0.66791
vt 0.35943 0.66791
vt 0.37886 0.66024
vt 0.35943 0.66024
vt 0.36722 0.64069
vt 0.36722 0.66008
vt 0.38666 0.66008
vt 0.36722 0.64069
vt 0.38666 0.66008
vt 0.38666 0.64069
vt 0.33989 0.64069
vt 0.33989 0.66008
vt 0.35932 0.66008
vt 0.33989 0.64069
vt 0.35932 0.66008
vt 0.35932 0.64069
vn 0.7251024683323594 -0.6738183712258617 0.1421098624897174
vn 0.7251024690259544 -0.6738183708632538 0.1421098606700306
vn -0.7251024867613377 0.6738183615912808 -0.14210981414021454
vn -0.7251024867613372 0.673818361591282 -0.14210981414021195
vn 0.6806078907683744 0.7326469973111333 0.001129758737554498
vn 0.680607879794695 0.7326470076010166 0.0011296967054039984
vn -0.6806078907683746 -0.7326469973111331 -0.0011297587375569405
vn -0.6806078698928273 -0.7326470166278599 -0.00112980805663318
vn -0.10487754324258738 0.09590184505773566 0.9898502599069828
vn -0.10487755581112476 0.09590184453174525 0.98985025862627
vn 0.10487755989072914 -0.09590184014021608 -0.989850258619498
vn 0.10487756055526065 -0.09590186114593421 -0.9898502565139455
usemtl m_9b79bb34-d962-cde2-c94e-e1adc5879949
f 196/301/101 195/302/101 197/303/101
f 196/304/102 197/305/102 198/306/102
f 200/307/103 199/308/103 201/309/103
f 200/310/104 201/311/104 202/312/104
f 203/313/105 204/314/105 205/315/105
f 205/316/106 204/317/106 206/318/106
f 207/319/107 208/320/107 209/321/107
f 209/322/108 208/323/108 210/324/108
f 212/325/109 211/326/109 213/327/109
f 212/328/110 213/329/110 214/330/110
f 216/331/111 215/332/111 217/333/111
f 216/334/112 217/335/112 218/336/112
o obj12
v -0.383660508436582 0.2888780666685079 -0.022896392801772025
v -0.3824889161223146 0.2570254558717354 -0.022658315368536408
v -0.38445402870426243 0.28948416014107015 0.06209778121185411
v -0.383282436389995 0.25763154934429755 0.06233585864508956
v -0.16149051582243037 0.29770024551023755 0.06412081533937201
v -0.16031892350816299 0.26584763471346506 0.06435889277260755
v -0.16069699570873597 0.2970941504608317 -0.020873358057932292
v -0.1595254032404826 0.26524154124090293 -0.02063528124101839
v -0.16149051582243037 0.29770024551023755 0.06412081533937201
v -0.16069699570873597 0.2970941504608317 -0.020873358057932292
v -0.38445402870426243 0.28948416014107015 0.06209778121185411
v -0.383660508436582 0.2888780666685079 -0.022896392801772025
v -0.1595254032404826 0.26524154124090293 -0.02063528124101839
v -0.16031892350816299 0.26584763471346506 0.06435889277260755
v -0.3824889161223146 0.2570254558717354 -0.022658315368536408
v -0.383282436389995 0.25763154934429755 0.06233585864508956
v -0.16069699570873597 0.2970941504608317 -0.020873358057932292
v -0.1595254032404826 0.26524154124090293 -0.02063528124101839
v -0.383660508436582 0.2888780666685079 -0.022896392801772025
v -0.3824889161223146 0.2570254558717354 -0.022658315368536408
v -0.38445402870426243 0.28948416014107015 0.06209778121185411
v -0.383282436389995 0.25763154934429755 0.06233585864508956
v -0.16149051582243037 0.29770024551023755 0.06412081533937201
v -0.16031892350816299 0.26584763471346506 0.06435889277260755
vt 0.36725 0.23443999999999998
vt 0.36725 0.24602999999999997
vt 0.39833 0.24602999999999997
vt 0.36725 0.23443999999999998
vt 0.39833 0.24602999999999997
vt 0.39833 0.23443999999999998
vt 0.48052 0.23443999999999998
vt 0.48052 0.24602999999999997
vt 0.51161 0.24602999999999997
vt 0.48052 0.23443999999999998
vt 0.51161 0.24602999999999997
vt 0.51161 0.23443999999999998
vt 0.48041 0.24615999999999993
vt 0.48041 0.27727999999999997
vt 0.39844 0.24615999999999993
vt 0.39844 0.24615999999999993
vt 0.48041 0.27727999999999997
vt 0.39844 0.27727999999999997
vt 0.5625 0.27727999999999997
vt 0.5625 0.24615999999999993
vt 0.48052 0.27727999999999997
vt 0.48052 0.27727999999999997
vt 0.5625 0.24615999999999993
vt 0.48052 0.24615999999999993
vt 0.51183 0.23443999999999998
vt 0.51183 0.24602999999999997
vt 0.59369 0.24602999999999997
vt 0.51183 0.23443999999999998
vt 0.59369 0.24602999999999997
vt 0.59369 0.23443999999999998
vt 0.39844 0.23443999999999998
vt 0.39844 0.24602999999999997
vt 0.48041 0.24602999999999997
vt 0.39844 0.23443999999999998
vt 0.48041 0.24602999999999997
vt 0.48041 0.23443999999999998
vn 0.9992806711307973 0.036822983810859154 0.009066871988097245
vn 0.9992806711307972 0.036822983810862756 0.009066871988095911
vn -0.9992806711534608 -0.03682298379355066 -0.009066869560603926
vn -0.9992806708928492 -0.03682299028006032 -0.00906687193974259
vn -0.03675576230380253 0.9992963652478394 -0.007469159251430988
vn -0.03675575542441533 0.9992963656398112 -0.007469140663109939
vn 0.036755762476748874 -0.9992963653799365 0.007469140727097531
vn 0.03675576247674891 -0.9992963653799365 0.007469140727097366
vn -0.009335515857544384 0.007130435312602377 0.9999310001374727
vn -0.009335513840737384 0.00713045442588822 0.9999310000200063
vn 0.009335513840736774 -0.007130454425883169 -0.9999310000200062
vn 0.009335513840737107 -0.007130454425885611 -0.9999310000200062
usemtl m_9b79bb34-d962-cde2-c94e-e1adc5879949
f 220/337/113 219/338/113 221/339/113
f 220/340/114 221/341/114 222/342/114
f 224/343/115 223/344/115 225/345/115
f 224/346/116 225/347/116 226/348/116
f 227/349/117 228/350/117 229/351/117
f 229/352/118 228/353/118 230/354/118
f 231/355/119 232/356/119 233/357/119
f 233/358/120 232/359/120 234/360/120
f 236/361/121 235/362/121 237/363/121
f 236/364/122 237/365/122 238/366/122
f 240/367/123 239/368/123 241/369/123
f 240/370/124 241/371/124 242/372/124
o obj13
v -0.5838242016356474 0.24929932389093254 -0.06698589287903794
v -0.5838238124053207 0.24928870720231172 -0.06698581290765782
v -0.5854112434229585 0.2505115121872219 0.10300245360323068
v -0.5854108519974788 0.2505008935536067 0.10300253383595301
v -0.2350375693482265 0.26342259213231756 0.10618153033001608
v -0.23503717917469702 0.26341197484986745 0.10618160901775506
v -0.23345052881286557 0.2622104051871932 -0.0638068176972361
v -0.23345013738738585 0.262199786553578 -0.06380673746451364
v -0.2350375693482265 0.26342259213231756 0.10618153033001608
v -0.23345052881286557 0.2622104051871932 -0.0638068176972361
v -0.5854112434229585 0.2505115121872219 0.10300245360323068
v -0.5838242016356474 0.24929932389093254 -0.06698589287903794
v -0.23345013738738585 0.262199786553578 -0.06380673746451364
v -0.23503717917469702 0.26341197484986745 0.10618160901775506
v -0.5838238124053207 0.24928870720231172 -0.06698581290765782
v -0.5854108519974788 0.2505008935536067 0.10300253383595301
v -0.23345052881286557 0.2622104051871932 -0.0638068176972361
v -0.23345013738738585 0.262199786553578 -0.06380673746451364
v -0.5838242016356474 0.24929932389093254 -0.06698589287903794
v -0.5838238124053207 0.24928870720231172 -0.06698581290765782
v -0.2350375693482265 0.26342259213231756 0.10618153033001608
v -0.23503717917469702 0.26341197484986745 0.10618160901775506
vt 0.63287 0.44537000000000004
vt 0.63287 0.4452499999999999
vt 0.69532 0.4452499999999999
vt 0.63287 0.44537000000000004
vt 0.69532 0.4452499999999999
vt 0.69532 0.44537000000000004
vt 0.82431 0.44537000000000004
vt 0.82431 0.4452499999999999
vt 0.88657 0.4452499999999999
vt 0.82431 0.44537000000000004
vt 0.88657 0.4452499999999999
vt 0.88657 0.44537000000000004
vt 0.82413 0.44537000000000004
vt 0.82413 0.50775
vt 0.69532 0.44537000000000004
vt 0.69532 0.44537000000000004
vt 0.82413 0.50775
vt 0.69532 0.50775
vt 0.95312 0.50775
vt 0.95312 0.44537000000000004
vt 0.82431 0.50775
vt 0.82431 0.50775
vt 0.95312 0.44537000000000004
vt 0.82431 0.44537000000000004
vt 0.88675 0.44537000000000004
vt 0.88675 0.4452499999999999
vt 1.01556 0.4452499999999999
vt 0.88675 0.44537000000000004
vt 1.01556 0.4452499999999999
vt 1.01556 0.44537000000000004
vt 0.69532 0.44537000000000004
vt 0.69532 0.4452499999999999
vt 0.82413 0.4452499999999999
vt 0.69532 0.44537000000000004
vt 0.82413 0.4452499999999999
vt 0.82413 0.44537000000000004
vn 0.9992850325836855 0.036704213099755384 0.00906776681165955
vn 0.9992776876183214 0.03690400980708688 0.00906626099001828
vn -0.9992818941915296 -0.03678971682961828 -0.009067120633653277
vn -0.9992776875017098 -0.03690400989522249 -0.009066273484109376
vn -0.036755758909735946 0.9992963655113791 -0.007469140694733199
vn -0.03675576284456163 0.9992963653044864 -0.007469149011563923
vn 0.03675575706973202 -0.9992963655172857 0.007469148959166781
vn 0.03675576295583354 -0.9992963653894763 0.007469137093201459
vn -0.009338477737715454 0.007211080297155113 0.9999303941547583
vn -0.009337693751875152 0.007189747734315131 0.9999305550901588
vn 0.009338482079091713 -0.00721108012579774 -0.9999303941154494
vn 0.009333207480457906 -0.0070677949903734105 -0.9999314664076239
usemtl m_9b79bb34-d962-cde2-c94e-e1adc5879949
f 244/373/125 243/374/125 245/375/125
f 244/376/126 245/377/126 246/378/126
f 248/379/127 247/380/127 249/381/127
f 248/382/128 249/383/128 250/384/128
f 251/385/129 252/386/129 253/387/129
f 253/388/130 252/389/130 254/390/130
f 255/391/131 256/392/131 257/393/131
f 257/394/132 256/395/132 258/396/132
f 260/397/133 259/398/133 261/399/133
f 260/400/134 261/401/134 262/402/134
f 246/403/135 245/404/135 263/405/135
f 246/406/136 263/407/136 264/408/136
o obj14
v -0.043159019907243384 0.3434674785748586 -0.05198376040072882
v -0.0004157224269971914 0.29617539006870686 -0.05124746589881343
v -0.044547680141122786 0.3445281417086129 0.09675588127344945
v -0.0018043814089263692 0.2972360518512961 0.09749217732034816
v -0.036665344327326835 0.3516526687984799 0.09677866775027899
v 0.0060779545588556146 0.30436058051800674 0.09751496318085603
v -0.035276685499383606 0.350592005439047 -0.05196097485256096
v 0.0074666133867987705 0.30329991715857385 -0.05122467942198386
v -0.036665344327326835 0.3516526687984799 0.09677866775027899
v -0.035276685499383606 0.350592005439047 -0.05196097485256096
v -0.044547680141122786 0.3445281417086129 0.09675588127344945
v -0.043159019907243384 0.3434674785748586 -0.05198376040072882
v 0.0074666133867987705 0.30329991715857385 -0.05122467942198386
v 0.0060779545588556146 0.30436058051800674 0.09751496318085603
v -0.0004157224269971914 0.29617539006870686 -0.05124746589881343
v -0.0018043814089263692 0.2972360518512961 0.09749217732034816
v -0.035276685499383606 0.350592005439047 -0.05196097485256096
v 0.0074666133867987705 0.30329991715857385 -0.05122467942198386
v -0.043159019907243384 0.3434674785748586 -0.05198376040072882
v -0.0004157224269971914 0.29617539006870686 -0.05124746589881343
v -0.044547680141122786 0.3445281417086129 0.09675588127344945
v -0.0018043814089263692 0.2972360518512961 0.09749217732034816
v -0.036665344327326835 0.3516526687984799 0.09677866775027899
v 0.0060779545588556146 0.30436058051800674 0.09751496318085603
vt 0.36725 0.14459
vt 0.36725 0.16791
vt 0.42181 0.16791
vt 0.36725 0.14459
vt 0.42181 0.16791
vt 0.42181 0.14459
vt 0.42587 0.14459
vt 0.42587 0.16791
vt 0.48043 0.16791
vt 0.42587 0.14459
vt 0.48043 0.16791
vt 0.48043 0.14459
vt 0.4257 0.16803
vt 0.4257 0.22259000000000007
vt 0.42192 0.16803
vt 0.42192 0.16803
vt 0.4257 0.22259000000000007
vt 0.42192 0.22259000000000007
vt 0.42964 0.22259000000000007
vt 0.42964 0.16803
vt 0.42587 0.22259000000000007
vt 0.42587 0.22259000000000007
vt 0.42964 0.16803
vt 0.42587 0.16803
vt 0.48054 0.14459
vt 0.48054 0.16791
vt 0.48431 0.16791
vt 0.48054 0.14459
vt 0.48431 0.16791
vt 0.48431 0.14459
vt 0.42192 0.14459
vt 0.42192 0.16791
vt 0.4257 0.16791
vt 0.42192 0.14459
vt 0.4257 0.16791
vt 0.4257 0.14459
vn 0.741866870022103 0.6705437704269253 0.002144552459461629
vn 0.741866869749464 0.6705437707291392 0.0021445522794320817
vn -0.7418668575148909 -0.6705437842908935 -0.0021445442006700895
vn -0.7418668575148911 -0.6705437842908932 -0.0021445442006700617
vn -0.6704821709322454 0.7418357373616725 -0.011549772077697746
vn -0.6704822257611415 0.7418356877217689 -0.01154977751977093
vn 0.6704821709322429 -0.7418357373616751 0.01154977207769725
vn 0.6704822459636025 -0.7418356696562016 0.011549765077195627
vn -0.0093354741251348 0.007130487948203144 0.9999310001517503
vn -0.00933552851304564 0.007130419399435813 0.9999310001327942
vn 0.009335544536807404 -0.007130437128469778 -0.9999309998567694
vn 0.00933549581269044 -0.007130468345687256 -0.9999310000890573
usemtl m_9b79bb34-d962-cde2-c94e-e1adc5879949
f 266/409/137 265/410/137 267/411/137
f 266/412/138 267/413/138 268/414/138
f 270/415/139 269/416/139 271/417/139
f 270/418/140 271/419/140 272/420/140
f 273/421/141 274/422/141 275/423/141
f 275/424/142 274/425/142 276/426/142
f 277/427/143 278/428/143 279/429/143
f 279/430/144 278/431/144 280/432/144
f 282/433/145 281/434/145 283/435/145
f 282/436/146 283/437/146 284/438/146
f 286/439/147 285/440/147 287/441/147
f 286/442/148 287/443/148 288/444/148
o obj15
v -0.180363355217729 0.26415596988310763 -0.06332496928502372
v -0.17372434357713887 0.08365811716727636 -0.061975861454261275
v -0.5732063740550741 0.24967991620254262 -0.0668893867324949
v -0.5665673619517508 0.06918206430621933 -0.06554027668942955
v -0.18036345450064079 0.2641560444750546 -0.06331434653456659
v -0.180363355217729 0.26415596988310763 -0.06332496928502372
v -0.5732064728752528 0.24967999161399765 -0.06687876176973473
v -0.5732063740550741 0.24967991620254262 -0.0668893867324949
v -0.5665674621778656 0.0691821394919958 -0.0655296526553309
v -0.5665673619517508 0.06918206430621933 -0.06554027668942955
v -0.1737244423973174 0.08365819257873135 -0.06196523649150115
v -0.17372434357713887 0.08365811716727636 -0.061975861454261275
vt 0.35533 0.21490999999999993
vt 0.35533 0.28119000000000005
vt 0.21107 0.28119000000000005
vt 0.35533 0.21490999999999993
vt 0.21107 0.28119000000000005
vt 0.21107 0.21490999999999993
vt 0.27738 0.21477999999999997
vt 0.27738 0.21490999999999993
vt 0.42181 0.21477999999999997
vt 0.42181 0.21477999999999997
vt 0.27738 0.21490999999999993
vt 0.42181 0.21490999999999993
vt 0.06647 0.21477999999999997
vt 0.06647 0.21490999999999993
vt 0.2109 0.21477999999999997
vt 0.2109 0.21477999999999997
vt 0.06647 0.21490999999999993
vt 0.2109 0.21490999999999993
vn -0.009335517043489837 0.007130478930276239 0.9999309998153652
vn -0.00933551186704995 0.0071304913846395035 0.9999309997748815
vn -0.03675677447985094 0.9992971342166037 -0.007360507884682118
vn -0.03675608642428972 0.9992966122246456 -0.007434440605478872
vn 0.0367562315093744 -0.9992967236506728 0.007418729423575741
vn 0.03675608442774998 -0.999296612298257 0.007434440581988052
usemtl m_9b79bb34-d962-cde2-c94e-e1adc5879949
f 290/445/149 289/446/149 291/447/149
f 290/448/150 291/449/150 292/450/150
f 293/451/151 294/452/151 295/453/151
f 295/454/152 294/455/152 296/456/152
f 297/457/153 298/458/153 299/459/153
f 299/460/154 298/461/154 300/462/154
o obj16
v 0.3017298906485701 0.45469602010348675 -0.07080858425285033
v 0.30875943545551815 0.26358055124274027 -0.06938012240030764
v 0.2999444690270289 0.4560597305896684 0.12042825354079262
v 0.30697401523991313 0.26494426195460064 0.12185671632199713
v 0.52290796814051 0.46427581517755956 0.1224512869185656
v 0.5299375129474578 0.2731603463168132 0.12387974877110842
v 0.524693387412912 0.4629121050595286 -0.06878555052009794
v 0.5317229322198601 0.271796636198782 -0.0673570886675553
v 0.52290796814051 0.46427581517755956 0.1224512869185656
v 0.524693387412912 0.4629121050595286 -0.06878555052009794
v 0.2999444690270289 0.4560597305896684 0.12042825354079262
v 0.3017298906485701 0.45469602010348675 -0.07080858425285033
v 0.5317229322198601 0.271796636198782 -0.0673570886675553
v 0.5299375129474578 0.2731603463168132 0.12387974877110842
v 0.30875943545551815 0.26358055124274027 -0.06938012240030764
v 0.30697401523991313 0.26494426195460064 0.12185671632199713
v 0.3017298906485701 0.45469602010348675 -0.07080858425285033
v 0.30875943545551815 0.26358055124274027 -0.06938012240030764
v 0.2999444690270289 0.4560597305896684 0.12042825354079262
v 0.30697401523991313 0.26494426195460064 0.12185671632199713
v 0.52290796814051 0.46427581517755956 0.1224512869185656
v 0.5299375129474578 0.2731603463168132 0.12387974877110842
vt 0.00006 0.68366
vt 0.00006 0.75387
vt 0.07029 0.75387
vt 0.00006 0.68366
vt 0.07029 0.75387
vt 0.07029 0.68366
vt 0.15242 0.68366
vt 0.15242 0.75387
vt 0.22264 0.75387
vt 0.15242 0.68366
vt 0.22264 0.75387
vt 0.22264 0.68366
vt 0.15227 0.75394
vt 0.15227 0.82416
vt 0.07044 0.75394
vt 0.07044 0.75394
vt 0.15227 0.82416
vt 0.07044 0.82416
vt 0.23425 0.82416
vt 0.23425 0.75394
vt 0.15242 0.82416
vt 0.15242 0.82416
vt 0.23425 0.75394
vt 0.15242 0.75394
vt 0.22264 0.68366
vt 0.22264 0.75387
vt 0.30463 0.75387
vt 0.22264 0.68366
vt 0.30463 0.75387
vt 0.30463 0.68366
vt 0.07044 0.68366
vt 0.07044 0.75387
vt 0.15227 0.75387
vt 0.07044 0.68366
vt 0.15227 0.75387
vt 0.15227 0.68366
vn 0.9992806714194336 0.03682297402963233 0.009066879901009406
vn 0.9992806712156053 0.03682298140488662 0.009066872412511638
vn -0.9992806715332012 -0.03682297394273595 -0.009066867715320502
vn -0.9992806715332012 -0.03682297394273652 -0.009066867715321
vn -0.03675576126392545 0.9992963654183735 -0.007469141552935151
vn -0.03675576326434445 0.9992963653270102 -0.007469143932349652
vn 0.03675576328638757 -0.9992963653438469 0.007469141571286584
vn 0.03675576048622641 -0.9992963654228593 0.00746914477987398
vn -0.009335512490441454 0.0071304478573310775 0.9999310000794529
vn -0.009335512490441287 0.007130447857331244 0.9999310000794528
vn 0.009335510967021508 -0.00713045271178697 -0.9999310000590589
vn 0.00933550668353844 -0.007130448071313132 -0.9999310001321411
usemtl m_9b79bb34-d962-cde2-c94e-e1adc5879949
f 302/463/155 301/464/155 303/465/155
f 302/466/156 303/467/156 304/468/156
f 306/469/157 305/470/157 307/471/157
f 306/472/158 307/473/158 308/474/158
f 309/475/159 310/476/159 311/477/159
f 311/478/160 310/479/160 312/480/160
f 313/481/161 314/482/161 315/483/161
f 315/484/162 314/485/162 316/486/162
f 308/487/163 307/488/163 317/489/163
f 308/490/164 317/491/164 318/492/164
f 320/493/165 319/494/165 321/495/165
f 320/496/166 321/497/166 322/498/166
o obj17
v 0.3757070797868725 0.2858847272623304 0.1295994339444578
v 0.3780502642799329 0.22217949794807348 0.13007558778027134
v 0.369562018649595 0.28613297376922275 0.19305216959981317
v 0.3719052031426554 0.22242774445496583 0.1935283234356267
v 0.5809282065477779 0.294060136663013 0.21349084744039445
v 0.5832713908868521 0.2303549057719125 0.21396700189252982
v 0.5870732686282583 0.2938118895622912 0.15003811050139765
v 0.5894164521781158 0.23010666084186376 0.15051426562085263
v 0.5809282065477779 0.294060136663013 0.21349084744039445
v 0.5870732686282583 0.2938118895622912 0.15003811050139765
v 0.369562018649595 0.28613297376922275 0.19305216959981317
v 0.3757070797868725 0.2858847272623304 0.1295994339444578
v 0.5894164521781158 0.23010666084186376 0.15051426562085263
v 0.5832713908868521 0.2303549057719125 0.21396700189252982
v 0.3780502642799329 0.22217949794807348 0.13007558778027134
v 0.3719052031426554 0.22242774445496583 0.1935283234356267
v 0.5870732686282583 0.2938118895622912 0.15003811050139765
v 0.5894164521781158 0.23010666084186376 0.15051426562085263
v 0.3757070797868725 0.2858847272623304 0.1295994339444578
v 0.3780502642799329 0.22217949794807348 0.13007558778027134
v 0.369562018649595 0.28613297376922275 0.19305216959981317
v 0.3719052031426554 0.22242774445496583 0.1935283234356267
v 0.5809282065477779 0.294060136663013 0.21349084744039445
v 0.5832713908868521 0.2303549057719125 0.21396700189252982
vt 0.35944 0.44537000000000004
vt 0.35944 0.46869000000000005
vt 0.38274 0.46869000000000005
vt 0.35944 0.44537000000000004
vt 0.38274 0.46869000000000005
vt 0.38274 0.44537000000000004
vt 0.46099 0.44537000000000004
vt 0.46099 0.46869000000000005
vt 0.48429 0.46869000000000005
vt 0.46099 0.44537000000000004
vt 0.48429 0.46869000000000005
vt 0.48429 0.44537000000000004
vt 0.46089 0.46880999999999995
vt 0.46089 0.49212999999999996
vt 0.38284 0.46880999999999995
vt 0.38284 0.46880999999999995
vt 0.46089 0.49212999999999996
vt 0.38284 0.49212999999999996
vt 0.53903 0.49212999999999996
vt 0.53903 0.46880999999999995
vt 0.46099 0.49212999999999996
vt 0.46099 0.49212999999999996
vt 0.53903 0.46880999999999995
vt 0.46099 0.46880999999999995
vt 0.48439 0.44537000000000004
vt 0.48439 0.46869000000000005
vt 0.56244 0.46869000000000005
vt 0.48439 0.44537000000000004
vt 0.56244 0.46869000000000005
vt 0.56244 0.44537000000000004
vt 0.38284 0.44537000000000004
vt 0.38284 0.46869000000000005
vt 0.46089 0.46869000000000005
vt 0.38284 0.44537000000000004
vt 0.46089 0.46869000000000005
vt 0.46089 0.44537000000000004
vn 0.9946644681516368 0.037304312825032125 0.09618203595928823
vn 0.9946644681516367 0.03730431282503209 0.09618203595928822
vn -0.9946644670413043 -0.037304310479701806 -0.09618204835140712
vn -0.9946644683776904 -0.03730430041089213 -0.09618203843639841
vn -0.03675576173423611 0.9992963652374592 -0.007469163443018121
vn -0.03675575977440217 0.9992963653838149 -0.0074691535065046204
vn 0.036755765050406446 -0.9992963653714249 0.007469129200865841
vn 0.036755755298713326 -0.9992963655516729 0.007469153073714705
vn -0.09639296459910751 0.003893994318493188 0.9953357389263399
vn -0.09639297022551155 0.003893972588921212 0.9953357384664636
vn 0.09639297022551183 -0.003893972588921212 -0.9953357384664637
vn 0.09639297349636303 -0.0038939822320400155 -0.995335738111973
usemtl m_9b79bb34-d962-cde2-c94e-e1adc5879949
f 324/499/167 323/500/167 325/501/167
f 324/502/168 325/503/168 326/504/168
f 328/505/169 327/506/169 329/507/169
f 328/508/170 329/509/170 330/510/170
f 331/511/171 332/512/171 333/513/171
f 333/514/172 332/515/172 334/516/172
f 335/517/173 336/518/173 337/519/173
f 337/520/174 336/521/174 338/522/174
f 340/523/175 339/524/175 341/525/175
f 340/526/176 341/527/176 342/528/176
f 344/529/177 343/530/177 345/531/177
f 344/532/178 345/533/178 346/534/178
o obj18
v 0.3708178585798558 0.28369267437951606 -0.13961538015478092
v 0.37316104307291603 0.21998744506525914 -0.1391392263189674
v 0.375777167706991 0.28435010969581254 -0.0760618901093933
v 0.3781203512568484 0.22064488097538512 -0.07558573498993837
v 0.5874891546792975 0.2920131505710435 -0.09266181559072664
v 0.5898323390183718 0.22830791967994307 -0.09218566113859128
v 0.5825298463413792 0.2913557130840741 -0.15621530630343383
v 0.5848730298912367 0.2276504843636465 -0.1557391511839791
v 0.5874891546792975 0.2920131505710435 -0.09266181559072664
v 0.5825298463413792 0.2913557130840741 -0.15621530630343383
v 0.375777167706991 0.28435010969581254 -0.0760618901093933
v 0.3708178585798558 0.28369267437951606 -0.13961538015478092
v 0.5848730298912367 0.2276504843636465 -0.1557391511839791
v 0.5898323390183718 0.22830791967994307 -0.09218566113859128
v 0.37316104307291603 0.21998744506525914 -0.1391392263189674
v 0.3781203512568484 0.22064488097538512 -0.07558573498993837
v 0.5825298463413792 0.2913557130840741 -0.15621530630343383
v 0.5848730298912367 0.2276504843636465 -0.1557391511839791
v 0.3708178585798558 0.28369267437951606 -0.13961538015478092
v 0.37316104307291603 0.21998744506525914 -0.1391392263189674
v 0.375777167706991 0.28435010969581254 -0.0760618901093933
v 0.3781203512568484 0.22064488097538512 -0.07558573498993837
v 0.5874891546792975 0.2920131505710435 -0.09266181559072664
v 0.5898323390183718 0.22830791967994307 -0.09218566113859128
vt 0.35944 0.44537000000000004
vt 0.35944 0.46869000000000005
vt 0.38274 0.46869000000000005
vt 0.35944 0.44537000000000004
vt 0.38274 0.46869000000000005
vt 0.38274 0.44537000000000004
vt 0.46099 0.44537000000000004
vt 0.46099 0.46869000000000005
vt 0.48429 0.46869000000000005
vt 0.46099 0.44537000000000004
vt 0.48429 0.46869000000000005
vt 0.48429 0.44537000000000004
vt 0.46089 0.46880999999999995
vt 0.46089 0.49212999999999996
vt 0.38284 0.46880999999999995
vt 0.38284 0.46880999999999995
vt 0.46089 0.49212999999999996
vt 0.38284 0.49212999999999996
vt 0.53903 0.49212999999999996
vt 0.53903 0.46880999999999995
vt 0.46099 0.49212999999999996
vt 0.46099 0.49212999999999996
vt 0.53903 0.46880999999999995
vt 0.46099 0.46880999999999995
vt 0.48439 0.44537000000000004
vt 0.48439 0.46869000000000005
vt 0.56244 0.46869000000000005
vt 0.48439 0.44537000000000004
vt 0.56244 0.46869000000000005
vt 0.56244 0.44537000000000004
vt 0.38284 0.44537000000000004
vt 0.38284 0.46869000000000005
vt 0.46089 0.46869000000000005
vt 0.38284 0.44537000000000004
vt 0.46089 0.46869000000000005
vt 0.46089 0.44537000000000004
vn 0.9962917562807576 0.03606139665706672 -0.07811729666434535
vn 0.9962917581109578 0.03606138085560136 -0.07811728061680054
vn -0.9962917573573408 -0.03606139272918595 0.0781172847470593
vn -0.9962917568680223 -0.03606138069083258 0.07811729654500642
vn -0.03675576729119517 0.9992963649979896 -0.007469168135768476
vn -0.03675575433238628 0.9992963657249561 -0.007469134645476936
vn 0.036755757232144075 -0.9992963656199976 0.00746913441811403
vn 0.03675575508712022 -0.999296365624904 0.007469144317381991
vn 0.07779299186239151 0.010312654422129528 0.9969161948608657
vn 0.07779298687702596 0.010312635211243898 0.9969161954486199
vn -0.07779298892625368 -0.010312654315857204 -0.9969161950910825
vn -0.07779299222346285 -0.010312644605505293 -0.9969161949342387
usemtl m_9b79bb34-d962-cde2-c94e-e1adc5879949
f 348/535/179 347/536/179 349/537/179
f 348/538/180 349/539/180 350/540/180
f 352/541/181 351/542/181 353/543/181
f 352/544/182 353/545/182 354/546/182
f 355/547/183 356/548/183 357/549/183
f 357/550/184 356/551/184 358/552/184
f 359/553/185 360/554/185 361/555/185
f 361/556/186 360/557/186 362/558/186
f 364/559/187 363/560/187 365/561/187
f 364/562/188 365/563/188 366/564/188
f 368/565/189 367/566/189 369/567/189
f 368/568/190 369/569/190 370/570/190
o obj19
v -0.2387985049932307 0.11331478983967394 -0.041543470443253724
v -0.23567426177797107 0.02837455276631541 -0.04090859870224624
v -0.24008797491764566 0.11429969201363839 0.09657203386857871
v -0.23696373170238605 0.02935945494027986 0.0972069056095862
v -0.10206229154092304 0.1193858637873059 0.0978243926835707
v -0.09893804691972734 0.03444562693962604 0.09845926535324007
v -0.10077282021057189 0.11840096183902005 -0.04029111069960002
v -0.0976485779385153 0.03346072535949096 -0.039656237674951064
v -0.10206229154092304 0.1193858637873059 0.0978243926835707
v -0.10077282021057189 0.11840096183902005 -0.04029111069960002
v -0.24008797491764566 0.11429969201363839 0.09657203386857871
v -0.2387985049932307 0.11331478983967394 -0.041543470443253724
v -0.0976485779385153 0.03346072535949096 -0.039656237674951064
v -0.09893804691972734 0.03444562693962604 0.09845926535324007
v -0.23567426177797107 0.02837455276631541 -0.04090859870224624
v -0.23696373170238605 0.02935945494027986 0.0972069056095862
v -0.10077282021057189 0.11840096183902005 -0.04029111069960002
v -0.0976485779385153 0.03346072535949096 -0.039656237674951064
v -0.2387985049932307 0.11331478983967394 -0.041543470443253724
v -0.23567426177797107 0.02837455276631541 -0.04090859870224624
v -0.24008797491764566 0.11429969201363839 0.09657203386857871
v -0.23696373170238605 0.02935945494027986 0.0972069056095862
v -0.10206229154092304 0.1193858637873059 0.0978243926835707
v -0.09893804691972734 0.03444562693962604 0.09845926535324007
vt 0.00006 0.41022000000000003
vt 0.00006 0.44135
vt 0.05074 0.44135
vt 0.00006 0.41022000000000003
vt 0.05074 0.44135
vt 0.05074 0.41022000000000003
vt 0.10161 0.41022000000000003
vt 0.10161 0.44135
vt 0.15229 0.44135
vt 0.10161 0.41022000000000003
vt 0.15229 0.44135
vt 0.15229 0.41022000000000003
vt 0.10151 0.44147000000000003
vt 0.10151 0.49212999999999996
vt 0.05084 0.44147000000000003
vt 0.05084 0.44147000000000003
vt 0.10151 0.49212999999999996
vt 0.05084 0.49212999999999996
vt 0.15229 0.49212999999999996
vt 0.15229 0.44147000000000003
vt 0.10161 0.49212999999999996
vt 0.10161 0.49212999999999996
vt 0.15229 0.44147000000000003
vt 0.10161 0.44147000000000003
vt 0.15239 0.41022000000000003
vt 0.15239 0.44135
vt 0.20306 0.44135
vt 0.15239 0.41022000000000003
vt 0.20306 0.44135
vt 0.20306 0.41022000000000003
vt 0.05084 0.41022000000000003
vt 0.05084 0.44135
vt 0.10151 0.44135
vt 0.05084 0.41022000000000003
vt 0.10151 0.44135
vt 0.10151 0.41022000000000003
vn 0.9992806715017913 0.03682297419327833 0.009066870159548598
vn 0.9992806715017913 0.03682297419327864 0.009066870159548487
vn -0.9992806707909521 -0.036822990980243824 -0.009066880326437264
vn -0.9992806719563085 -0.03682296345953686 -0.009066863658746703
vn -0.03675576020604462 0.999296365446957 -0.007469142934610871
vn -0.03675576140227237 0.9992963653938446 -0.007469144153861627
vn 0.03675576591862292 -0.9992963652608886 0.007469139717001026
vn 0.036755761402272984 -0.9992963653938446 0.007469144153861516
vn -0.009335509336021617 0.007130458433309282 0.9999310000334862
vn -0.009335518155688172 0.007130442844360874 0.9999310000623085
vn 0.009335502140621064 -0.007130443434508081 -0.9999310002076192
vn 0.009335509171914667 -0.007130453971622595 -0.9999310000668344
usemtl m_9b79bb34-d962-cde2-c94e-e1adc5879949
f 372/571/191 371/572/191 373/573/191
f 372/574/192 373/575/192 374/576/192
f 376/577/193 375/578/193 377/579/193
f 376/580/194 377/581/194 378/582/194
f 379/583/195 380/584/195 381/585/195
f 381/586/196 380/587/196 382/588/196
f 383/589/197 384/590/197 385/591/197
f 385/592/198 384/593/198 386/594/198
f 388/595/199 387/596/199 389/597/199
f 388/598/200 389/599/200 390/600/200
f 392/601/201 391/602/201 393/603/201
f 392/604/202 393/605/202 394/606/202
o obj20
v -0.020255816052931776 0.32801796340498224 -0.13076039606295692
v -0.019474755984673974 0.30678291575332844 -0.1306016767251394
v -0.037318542945347505 0.32784947506323603 -0.06933639011298227
v -0.03653748177990075 0.3066144283945965 -0.06917767267512778
v -0.01685872750554989 0.3286445178551777 -0.0636507605033558
v -0.016077666340103273 0.30740947118653816 -0.06349204306550113
v 0.00020399782694355273 0.3288130043944016 -0.12507476676567036
v 0.0009850580491873803 0.3075779583195914 -0.12491604804417453
v -0.01685872750554989 0.3286445178551777 -0.0636507605033558
v 0.00020399782694355273 0.3288130043944016 -0.12507476676567036
v -0.037318542945347505 0.32784947506323603 -0.06933639011298227
v -0.020255816052931776 0.32801796340498224 -0.13076039606295692
v 0.0009850580491873803 0.3075779583195914 -0.12491604804417453
v -0.016077666340103273 0.30740947118653816 -0.06349204306550113
v -0.019474755984673974 0.30678291575332844 -0.1306016767251394
v -0.03653748177990075 0.3066144283945965 -0.06917767267512778
v 0.00020399782694355273 0.3288130043944016 -0.12507476676567036
v 0.0009850580491873803 0.3075779583195914 -0.12491604804417453
v -0.020255816052931776 0.32801796340498224 -0.13076039606295692
v -0.019474755984673974 0.30678291575332844 -0.1306016767251394
v -0.037318542945347505 0.32784947506323603 -0.06933639011298227
v -0.03653748177990075 0.3066144283945965 -0.06917767267512778
v -0.01685872750554989 0.3286445178551777 -0.0636507605033558
v -0.016077666340103273 0.30740947118653816 -0.06349204306550113
vt 0.336 0.29303
vt 0.336 0.30071000000000003
vt 0.35931 0.30071000000000003
vt 0.336 0.29303
vt 0.35931 0.30071000000000003
vt 0.35931 0.29303
vt 0.36725 0.29303
vt 0.36725 0.30071000000000003
vt 0.39056 0.30071000000000003
vt 0.36725 0.29303
vt 0.39056 0.30071000000000003
vt 0.39056 0.29303
vt 0.36713 0.30082999999999993
vt 0.36713 0.32416
vt 0.35944 0.30082999999999993
vt 0.35944 0.30082999999999993
vt 0.36713 0.32416
vt 0.35944 0.32416
vt 0.37494 0.32416
vt 0.37494 0.30082999999999993
vt 0.36725 0.32416
vt 0.36725 0.32416
vt 0.37494 0.30082999999999993
vt 0.36725 0.30082999999999993
vt 0.39069 0.29303
vt 0.39069 0.30071000000000003
vt 0.39838 0.30071000000000003
vt 0.39069 0.29303
vt 0.39838 0.30071000000000003
vt 0.39838 0.29303
vt 0.35944 0.29303
vt 0.35944 0.30071000000000003
vt 0.36713 0.30071000000000003
vt 0.35944 0.29303
vt 0.36713 0.30071000000000003
vt 0.36713 0.29303
vn 0.9628148080552306 0.037413761020500445 0.2675590698815318
vn 0.9628148094989919 0.037413788546121235 0.2675590608371286
vn -0.9628148139833727 -0.03741378859040071 -0.267559044693833
vn -0.9628148171991512 -0.0374137631032073 -0.26755903668577924
vn -0.036755780614226984 0.9992963645599631 -0.007469161176477
vn -0.03675570901679478 0.9992963675540761 -0.0074691129260140415
vn 0.036755775648533565 -0.9992963648281867 0.007469149727120535
vn 0.036755783911670885 -0.9992963645274022 0.007469149306032262
vn -0.2676502225375755 -0.0026429642316403985 0.9635125184011137
vn -0.2676501946810385 -0.002642933046638651 0.963512526224809
vn 0.2676502144668323 0.0026430339773919065 -0.9635125204517341
vn 0.26765021446684234 0.0026430339773821916 -0.9635125204517312
usemtl m_9b79bb34-d962-cde2-c94e-e1adc5879949
f 396/607/203 395/608/203 397/609/203
f 396/610/204 397/611/204 398/612/204
f 400/613/205 399/614/205 401/615/205
f 400/616/206 401/617/206 402/618/206
f 403/619/207 404/620/207 405/621/207
f 405/622/208 404/623/208 406/624/208
f 407/625/209 408/626/209 409/627/209
f 409/628/210 408/629/210 410/630/210
f 412/631/211 411/632/211 413/633/211
f 412/634/212 413/635/212 414/636/212
f 416/637/213 415/638/213 417/639/213
f 416/640/214 417/641/214 418/642/214
o obj21
v -0.03864368683341758 0.3291635944661121 0.1130005306739728
v -0.03786262566797095 0.3079285477974727 0.11315924811182747
v -0.022730684843535544 0.3302102453805176 0.17472373768670457
v -0.021949625084024992 0.3089751984861995 0.17488245419589737
v -0.002168181676827429 0.3309268531962385 0.16941031851820412
v -0.0013871216085696268 0.30969180554458475 0.16956903785602162
v -0.018081182260773262 0.3298802025075116 0.10768711243413409
v -0.01730012344446571 0.3086451562070228 0.10784583022696828
v -0.002168181676827429 0.3309268531962385 0.16941031851820412
v -0.018081182260773262 0.3298802025075116 0.10768711243413409
v -0.022730684843535544 0.3302102453805176 0.17472373768670457
v -0.03864368683341758 0.3291635944661121 0.1130005306739728
v -0.01730012344446571 0.3086451562070228 0.10784583022696828
v -0.0013871216085696268 0.30969180554458475 0.16956903785602162
v -0.03786262566797095 0.3079285477974727 0.11315924811182747
v -0.021949625084024992 0.3089751984861995 0.17488245419589737
v -0.018081182260773262 0.3298802025075116 0.10768711243413409
v -0.01730012344446571 0.3086451562070228 0.10784583022696828
v -0.03864368683341758 0.3291635944661121 0.1130005306739728
v -0.03786262566797095 0.3079285477974727 0.11315924811182747
v -0.022730684843535544 0.3302102453805176 0.17472373768670457
v -0.021949625084024992 0.3089751984861995 0.17488245419589737
v -0.002168181676827429 0.3309268531962385 0.16941031851820412
v -0.0013871216085696268 0.30969180554458475 0.16956903785602162
vt 0.336 0.29303
vt 0.336 0.30071000000000003
vt 0.35931 0.30071000000000003
vt 0.336 0.29303
vt 0.35931 0.30071000000000003
vt 0.35931 0.29303
vt 0.36725 0.29303
vt 0.36725 0.30071000000000003
vt 0.39056 0.30071000000000003
vt 0.36725 0.29303
vt 0.39056 0.30071000000000003
vt 0.39056 0.29303
vt 0.36713 0.30082999999999993
vt 0.36713 0.32416
vt 0.35944 0.30082999999999993
vt 0.35944 0.30082999999999993
vt 0.36713 0.32416
vt 0.35944 0.32416
vt 0.37494 0.32416
vt 0.37494 0.30082999999999993
vt 0.36725 0.32416
vt 0.36725 0.32416
vt 0.37494 0.30082999999999993
vt 0.36725 0.30082999999999993
vt 0.39069 0.29303
vt 0.39069 0.30071000000000003
vt 0.39838 0.30071000000000003
vt 0.39069 0.29303
vt 0.39838 0.30071000000000003
vt 0.39838 0.29303
vt 0.35944 0.29303
vt 0.35944 0.30071000000000003
vt 0.36713 0.30071000000000003
vt 0.35944 0.29303
vt 0.36713 0.30071000000000003
vt 0.36713 0.29303
vn 0.9676472336531132 0.03372281072604418 -0.25004320274747066
vn 0.96764724006526 0.033722757604172 -0.25004318509740525
vn -0.967647240816046 -0.03372273719222179 0.2500431849448356
vn -0.9676472391120277 -0.03372270033168117 0.25004319651054274
vn -0.0367557541560102 0.9992963656158004 -0.007469150117351329
vn -0.036755762409885116 0.9992963653079419 -0.007469150688305058
vn 0.03675577680770164 -0.9992963649968365 0.007469121459172999
vn 0.036755718215154796 -0.9992963668683466 0.007469159404583535
vn 0.2496153856617837 0.01641794379532976 0.9682058718900917
vn 0.2496153960283542 0.016417955299212108 0.9682058690223898
vn -0.24961544451385798 -0.016417897953263202 -0.9682058574946473
vn -0.2496153120118234 -0.016418025332885028 -0.9682058894953124
usemtl m_9b79bb34-d962-cde2-c94e-e1adc5879949
f 420/643/215 419/644/215 421/645/215
f 420/646/216 421/647/216 422/648/216
f 424/649/217 423/650/217 425/651/217
f 424/652/218 425/653/218 426/654/218
f 427/655/219 428/656/219 429/657/219
f 429/658/220 428/659/220 430/660/220
f 431/661/221 432/662/221 433/663/221
f 433/664/222 432/665/222 434/666/222
f 436/667/223 435/668/223 437/669/223
f 436/670/224 437/671/224 438/672/224
f 440/673/225 439/674/225 441/675/225
f 440/676/226 441/677/226 442/678/226
o obj22
v -0.030468503674036525 0.32277243024726787 -0.07115467759509422
v -0.030077973871274286 0.312154906011687 -0.07107531903233694
v -0.04468742083967152 0.3226320241659672 -0.019968080328776422
v -0.044296891980112205 0.3120145005242157 -0.019888720482377817
v -0.034457513668367315 0.3230295450704309 -0.01712526457398149
v -0.034066983711618995 0.31241202241169364 -0.017045906627545973
v -0.020238596965465466 0.3231699503322235 -0.06831186405260248
v -0.019848065602781084 0.31255242789916493 -0.06823250517750512
v -0.034457513668367315 0.3230295450704309 -0.01712526457398149
v -0.020238596965465466 0.3231699503322235 -0.06831186405260248
v -0.04468742083967152 0.3226320241659672 -0.019968080328776422
v -0.030468503674036525 0.32277243024726787 -0.07115467759509422
v -0.019848065602781084 0.31255242789916493 -0.06823250517750512
v -0.034066983711618995 0.31241202241169364 -0.017045906627545973
v -0.030077973871274286 0.312154906011687 -0.07107531903233694
v -0.044296891980112205 0.3120145005242157 -0.019888720482377817
v -0.020238596965465466 0.3231699503322235 -0.06831186405260248
v -0.019848065602781084 0.31255242789916493 -0.06823250517750512
v -0.030468503674036525 0.32277243024726787 -0.07115467759509422
v -0.030077973871274286 0.312154906011687 -0.07107531903233694
v -0.04468742083967152 0.3226320241659672 -0.019968080328776422
v -0.044296891980112205 0.3120145005242157 -0.019888720482377817
v -0.034457513668367315 0.3230295450704309 -0.01712526457398149
v -0.034066983711618995 0.31241202241169364 -0.017045906627545973
vt 0.3985 0.30865999999999993
vt 0.3985 0.31244000000000005
vt 0.4179 0.31244000000000005
vt 0.3985 0.30865999999999993
vt 0.4179 0.31244000000000005
vt 0.4179 0.30865999999999993
vt 0.42192 0.30865999999999993
vt 0.42192 0.31244000000000005
vt 0.44132 0.31244000000000005
vt 0.42192 0.30865999999999993
vt 0.44132 0.31244000000000005
vt 0.44132 0.30865999999999993
vt 0.42183 0.3125800000000001
vt 0.42183 0.33197
vt 0.41799 0.3125800000000001
vt 0.41799 0.3125800000000001
vt 0.42183 0.33197
vt 0.41799 0.33197
vt 0.42576 0.33197
vt 0.42576 0.3125800000000001
vt 0.42192 0.33197
vt 0.42192 0.33197
vt 0.42576 0.3125800000000001
vt 0.42192 0.3125800000000001
vt 0.4415 0.30865999999999993
vt 0.4415 0.31244000000000005
vt 0.44525 0.31244000000000005
vt 0.4415 0.30865999999999993
vt 0.44525 0.31244000000000005
vt 0.44525 0.30865999999999993
vt 0.41799 0.30865999999999993
vt 0.41799 0.31244000000000005
vt 0.42183 0.31244000000000005
vt 0.41799 0.30865999999999993
vt 0.42183 0.31244000000000005
vt 0.42183 0.30865999999999993
vn 0.9628148161188607 0.037413710853295944 0.2675590478795113
vn 0.9628148152624407 0.037413659806934146 0.2675590580993346
vn -0.9628148213536089 -0.03741371488981341 -0.2675590284777593
vn -0.9628148076677915 -0.03741386628624021 -0.26755905655602286
vn -0.03675573752400612 0.9992963662411627 -0.0074691482964553396
vn -0.03675567030972867 0.9992963689677079 -0.007469114273948417
vn 0.03675582501240645 -0.9992963628658458 0.007469169347999514
vn 0.03675582501240398 -0.999296362865846 0.0074691693479993475
vn -0.2676501288844654 -0.0026430363657268248 0.9635125442187551
vn -0.267650118309185 -0.0026430245268481696 0.9635125471888935
vn 0.26765031619068996 0.002642892097525495 -0.9635124925834561
vn 0.2676501160978986 0.0026430846460109288 -0.963512547638242
usemtl m_9b79bb34-d962-cde2-c94e-e1adc5879949
f 444/679/227 443/680/227 445/681/227
f 444/682/228 445/683/228 446/684/228
f 448/685/229 447/686/229 449/687/229
f 448/688/230 449/689/230 450/690/230
f 451/691/231 452/692/231 453/693/231
f 453/694/232 452/695/232 454/696/232
f 455/697/233 456/698/233 457/699/233
f 457/700/234 456/701/234 458/702/234
f 460/703/235 459/704/235 461/705/235
f 460/706/236 461/707/236 462/708/236
f 464/709/237 463/710/237 465/711/237
f 464/712/238 465/713/238 466/714/238
o obj23
v -0.045478757286654944 0.3232381947620613 0.0650256971704946
v -0.04508822702115943 0.31262067134598837 0.06510505794555496
v -0.032217939799952244 0.3241104024804887 0.11646163337816912
v -0.03182740984320394 0.31349287982175145 0.11654099132460463
v -0.021936688611206633 0.3244687074736856 0.11380492412757871
v -0.02154615880844433 0.3138511832381048 0.11388428269033593
v -0.03519750469197308 0.32359649998093676 0.06236898884856583
v -0.034806974889210904 0.31297897574535594 0.0624483474113232
v -0.021936688611206633 0.3244687074736856 0.11380492412757871
v -0.03519750469197308 0.32359649998093676 0.06236898884856583
v -0.032217939799952244 0.3241104024804887 0.11646163337816912
v -0.045478757286654944 0.3232381947620613 0.0650256971704946
v -0.034806974889210904 0.31297897574535594 0.0624483474113232
v -0.02154615880844433 0.3138511832381048 0.11388428269033593
v -0.04508822702115943 0.31262067134598837 0.06510505794555496
v -0.03182740984320394 0.31349287982175145 0.11654099132460463
v -0.03519750469197308 0.32359649998093676 0.06236898884856583
v -0.034806974889210904 0.31297897574535594 0.0624483474113232
v -0.045478757286654944 0.3232381947620613 0.0650256971704946
v -0.04508822702115943 0.31262067134598837 0.06510505794555496
v -0.032217939799952244 0.3241104024804887 0.11646163337816912
v -0.03182740984320394 0.31349287982175145 0.11654099132460463
v -0.021936688611206633 0.3244687074736856 0.11380492412757871
v -0.02154615880844433 0.3138511832381048 0.11388428269033593
vt 0.3985 0.30865999999999993
vt 0.3985 0.31244000000000005
vt 0.4179 0.31244000000000005
vt 0.3985 0.30865999999999993
vt 0.4179 0.31244000000000005
vt 0.4179 0.30865999999999993
vt 0.42192 0.30865999999999993
vt 0.42192 0.31244000000000005
vt 0.44132 0.31244000000000005
vt 0.42192 0.30865999999999993
vt 0.44132 0.31244000000000005
vt 0.44132 0.30865999999999993
vt 0.42183 0.3125800000000001
vt 0.42183 0.33197
vt 0.41799 0.3125800000000001
vt 0.41799 0.3125800000000001
vt 0.42183 0.33197
vt 0.41799 0.33197
vt 0.42576 0.33197
vt 0.42576 0.3125800000000001
vt 0.42192 0.33197
vt 0.42192 0.33197
vt 0.42576 0.3125800000000001
vt 0.42192 0.3125800000000001
vt 0.4415 0.30865999999999993
vt 0.4415 0.31244000000000005
vt 0.44525 0.31244000000000005
vt 0.4415 0.30865999999999993
vt 0.44525 0.31244000000000005
vt 0.44525 0.30865999999999993
vt 0.41799 0.30865999999999993
vt 0.41799 0.31244000000000005
vt 0.42183 0.31244000000000005
vt 0.41799 0.30865999999999993
vt 0.42183 0.31244000000000005
vt 0.42183 0.30865999999999993
vn 0.9676472344962674 0.03372273311037928 -0.2500432099523834
vn 0.967647230955205 0.033722773800152414 -0.25004321816827524
vn -0.9676472395642011 -0.033722740776050995 0.25004318930603386
vn -0.9676472395642008 -0.03372274077603631 0.2500431893060367
vn -0.036755852896171996 0.9992963622095832 -0.007469119932671851
vn -0.036755868881081136 0.9992963616282526 -0.007469119046658198
vn 0.03675579656844474 -0.9992963641726214 0.007469134487937623
vn 0.03675571397882203 -0.9992963669119576 0.007469174416848464
vn 0.2496153073342064 0.01641791824113381 0.9682058925172256
vn 0.24961550629742751 0.01641813903253944 0.9682058374780578
vn -0.24961542336146075 -0.01641787214748261 -0.9682058633855859
vn -0.24961537303254272 -0.016417920530725685 -0.9682058755405646
usemtl m_9b79bb34-d962-cde2-c94e-e1adc5879949
f 468/715/239 467/716/239 469/717/239
f 468/718/240 469/719/240 470/720/240
f 472/721/241 471/722/241 473/723/241
f 472/724/242 473/725/242 474/726/242
f 475/727/243 476/728/243 477/729/243
f 477/730/244 476/731/244 478/732/244
f 479/733/245 480/734/245 481/735/245
f 481/736/246 480/737/246 482/738/246
f 484/739/247 483/740/247 485/741/247
f 484/742/248 485/743/248 486/744/248
f 488/745/249 487/746/249 489/747/249
f 488/748/250 489/749/250 490/750/250
o obj24
v -0.04658133063354916 0.40732867002924145 0.13879259766685278
v -0.04659072111449965 0.40733364036778363 0.13879247374452322
v -0.0913155302795754 0.3228127527190363 0.13897763341011418
v -0.09132492076052594 0.3228177230575785 0.1389775094877847
v -0.0891333368200244 0.32114599229637997 -0.09475681714486989
v -0.08914272604902469 0.3211509612837571 -0.094756939522216
v -0.04439913717399814 0.4056619096065851 -0.09494185288813137
v -0.044408527654948654 0.4056668799451273 -0.09494197681046085
v -0.0891333368200244 0.32114599229637997 -0.09475681714486989
v -0.04439913717399814 0.4056619096065851 -0.09494185288813137
v -0.0913155302795754 0.3228127527190363 0.13897763341011418
v -0.04658133063354916 0.40732867002924145 0.13879259766685278
v -0.044408527654948654 0.4056668799451273 -0.09494197681046085
v -0.08914272604902469 0.3211509612837571 -0.094756939522216
v -0.04659072111449965 0.40733364036778363 0.13879247374452322
v -0.09132492076052594 0.3228177230575785 0.1389775094877847
v -0.04439913717399814 0.4056619096065851 -0.09494185288813137
v -0.044408527654948654 0.4056668799451273 -0.09494197681046085
v -0.04658133063354916 0.40732867002924145 0.13879259766685278
v -0.04659072111449965 0.40733364036778363 0.13879247374452322
v -0.0913155302795754 0.3228127527190363 0.13897763341011418
v -0.09132492076052594 0.3228177230575785 0.1389775094877847
v -0.0891333368200244 0.32114599229637997 -0.09475681714486989
v -0.08914272604902469 0.3211509612837571 -0.094756939522216
vt 0.00006 0.37494000000000005
vt 0.00006 0.37505999999999995
vt 0.03506 0.37494000000000005
vt 0.03506 0.37494000000000005
vt 0.00006 0.37505999999999995
vt 0.03506 0.37505999999999995
vt 0.12115 0.37494000000000005
vt 0.12115 0.37505999999999995
vt 0.15616 0.37494000000000005
vt 0.15616 0.37494000000000005
vt 0.12115 0.37505999999999995
vt 0.15616 0.37505999999999995
vt 0.12103 0.4101
vt 0.12103 0.37505999999999995
vt 0.03518 0.37505999999999995
vt 0.12103 0.4101
vt 0.03518 0.37505999999999995
vt 0.03518 0.4101
vt 0.20701 0.37505999999999995
vt 0.20701 0.4101
vt 0.12115 0.4101
vt 0.20701 0.37505999999999995
vt 0.12115 0.4101
vt 0.12115 0.37505999999999995
vt 0.15627 0.37494000000000005
vt 0.15627 0.37505999999999995
vt 0.24213 0.37494000000000005
vt 0.24213 0.37494000000000005
vt 0.15627 0.37505999999999995
vt 0.24213 0.37505999999999995
vt 0.03518 0.37494000000000005
vt 0.03518 0.37505999999999995
vt 0.12103 0.37494000000000005
vt 0.12103 0.37494000000000005
vt 0.03518 0.37505999999999995
vt 0.12103 0.37505999999999995
vn -0.009402709354159487 0.007166052371540053 0.9999301159332135
vn -0.009402709346292002 0.007166052367377161 0.9999301159333172
vn 0.009275976959176813 -0.0070989766669207754 -0.9999317780637516
vn 0.009402701894894339 -0.007166066448548392 -0.9999301159024719
vn -0.8837802443222271 0.46775872745800606 -0.011586743831253627
vn -0.8837802443222278 0.4677587274580053 -0.011586743831254019
vn 0.8837802529146073 -0.4677587112244999 0.011586743795712612
vn 0.883780244252081 -0.46775872740442836 0.01158675134459663
vn 0.46782646868166006 0.883818223288413 -0.0019347827167277352
vn 0.46782646867922756 0.8838182232897005 -0.001934782716759564
vn -0.46782646867767597 -0.8838182232905216 0.001934782716779985
vn -0.46777560000197405 -0.8838451459771794 0.001935452239560077
usemtl m_9b79bb34-d962-cde2-c94e-e1adc5879949
f 491/751/251 492/752/251 493/753/251
f 493/754/252 492/755/252 494/756/252
f 495/757/253 496/758/253 497/759/253
f 497/760/254 496/761/254 498/762/254
f 500/763/255 499/764/255 501/765/255
f 500/766/256 501/767/256 502/768/256
f 504/769/257 503/770/257 505/771/257
f 504/772/258 505/773/258 506/774/258
f 507/775/259 508/776/259 509/777/259
f 509/778/260 508/779/260 510/780/260
f 511/781/261 512/782/261 513/783/261
f 513/784/262 512/785/262 514/786/262
o obj25
v -0.18191982261267325 0.2653556738587539 0.10666366029166384
v -0.17528081176129995 0.08485782331359562 0.1080127687897458
v -0.5761824558270947 0.2508273086538283 0.1030863635067551
v -0.5695434449757215 0.07032945810867008 0.10443547200483724
vt 0.58588 0.75787
vt 0.58588 0.82416
vt 0.44147 0.82416
vt 0.58588 0.75787
vt 0.44147 0.82416
vt 0.44147 0.75787
vn -0.009335513690704565 0.007130482877041376 0.999930999818523
vn -0.009335513690704123 0.007130482877042488 0.999930999818523
usemtl m_9b79bb34-d962-cde2-c94e-e1adc5879949
f 516/787/263 515/788/263 517/789/263
f 516/790/264 517/791/264 518/792/264
o obj26
v -0.01941652655775875 0.191388306284902 -0.06130353344145257
v -0.016787712447398965 0.17030226350805336 -0.06112862810746703
v -0.021003565995930725 0.19260049421304062 0.10868481268583646
v -0.018374752982759878 0.1715144504531777 0.10885971991978502
v 0.2636551722651815 0.2281090662744741 0.11108922174680376
v 0.26628398543233844 0.2070230240914548 0.11126412836443056
v 0.26524221170335355 0.22689687834633546 -0.058899124380485335
v 0.2678710258137133 0.20581083556948682 -0.0587242190464998
v 0.2636551722651815 0.2281090662744741 0.11108922174680376
v 0.26524221170335355 0.22689687834633546 -0.058899124380485335
v -0.021003565995930725 0.19260049421304062 0.10868481268583646
v -0.01941652655775875 0.191388306284902 -0.06130353344145257
v 0.2678710258137133 0.20581083556948682 -0.0587242190464998
v 0.26628398543233844 0.2070230240914548 0.11126412836443056
v -0.016787712447398965 0.17030226350805336 -0.06112862810746703
v -0.018374752982759878 0.1715144504531777 0.10885971991978502
v 0.26524221170335355 0.22689687834633546 -0.058899124380485335
v 0.2678710258137133 0.20581083556948682 -0.0587242190464998
v -0.01941652655775875 0.191388306284902 -0.06130353344145257
v -0.016787712447398965 0.17030226350805336 -0.06112862810746703
v -0.021003565995930725 0.19260049421304062 0.10868481268583646
v -0.018374752982759878 0.1715144504531777 0.10885971991978502
v 0.2636551722651815 0.2281090662744741 0.11108922174680376
v 0.26628398543233844 0.2070230240914548 0.11126412836443056
vt 0.3399 0.61334
vt 0.3399 0.62102
vt 0.40224 0.62102
vt 0.3399 0.61334
vt 0.40224 0.62102
vt 0.40224 0.61334
vt 0.50789 0.61334
vt 0.50789 0.62102
vt 0.57023 0.62102
vt 0.50789 0.61334
vt 0.57023 0.62102
vt 0.57023 0.61334
vt 0.50773 0.62116
vt 0.50773 0.68353
vt 0.40241 0.62116
vt 0.40241 0.62116
vt 0.50773 0.68353
vt 0.40241 0.68353
vt 0.61322 0.68353
vt 0.61322 0.62116
vt 0.50789 0.68353
vt 0.50789 0.68353
vt 0.61322 0.62116
vt 0.50789 0.62116
vt 0.5704 0.61334
vt 0.5704 0.62102
vt 0.67572 0.62102
vt 0.5704 0.61334
vt 0.67572 0.62102
vt 0.67572 0.61334
vt 0.40241 0.61334
vt 0.40241 0.62102
vt 0.50773 0.62102
vt 0.40241 0.61334
vt 0.50773 0.62102
vt 0.50773 0.61334
vn 0.9922746368899966 0.12377720861809821 0.0083813848221676
vn 0.9922746437780829 0.12377715289185892 0.008381392310595369
vn -0.9922746418479873 -0.12377716884943465 -0.008381385152047114
vn -0.9922746368432283 -0.12377720865381964 -0.008381389831555728
vn -0.12370887467325803 0.9922844177668484 -0.008230952811363322
vn -0.12370887467325786 0.9922844177668485 -0.008230952811362878
vn 0.123708874635072 -0.9922844177376821 0.008230956901458975
vn 0.12370888008396314 -0.992284417133648 0.008230947825628441
vn -0.009335506630241684 0.007130401642110372 0.9999310004637214
vn -0.009335506630241795 0.00713040164211076 0.9999310004637215
vn 0.009335517709116614 -0.007130490507155696 -0.9999309997265964
vn 0.009335512080740072 -0.007130462449116859 -0.9999309999792247
usemtl m_9b79bb34-d962-cde2-c94e-e1adc5879949
f 520/793/265 519/794/265 521/795/265
f 520/796/266 521/797/266 522/798/266
f 524/799/267 523/800/267 525/801/267
f 524/802/268 525/803/268 526/804/268
f 527/805/269 528/806/269 529/807/269
f 529/808/270 528/809/270 530/810/270
f 531/811/271 532/812/271 533/813/271
f 533/814/272 532/815/272 534/816/272
f 536/817/273 535/818/273 537/819/273
f 536/820/274 537/821/274 538/822/274
f 540/823/275 539/824/275 541/825/275
f 540/826/276 541/827/276 542/828/276
o obj27
v -0.0176123982659572 0.17015200108405157 -0.07176094719252928
v -0.014983585252786289 0.14906595732418862 -0.0715860399585808
v -0.019397819887498464 0.17151571157023335 0.11947589060111385
v -0.01676900546839129 0.15042966803604896 0.11965079876372395
v 0.26526091837361376 0.20702428363166683 0.12188029966208118
v 0.2678897315407708 0.18593824144864746 0.12205520627970776
v 0.2670463376460159 0.20566057351363584 -0.06935653777658238
v 0.269675153162312 0.1845745309624657 -0.06918163151393528
v 0.26526091837361376 0.20702428363166683 0.12188029966208118
v 0.2670463376460159 0.20566057351363584 -0.06935653777658238
v -0.019397819887498464 0.17151571157023335 0.11947589060111385
v -0.0176123982659572 0.17015200108405157 -0.07176094719252928
v 0.269675153162312 0.1845745309624657 -0.06918163151393528
v 0.2678897315407708 0.18593824144864746 0.12205520627970776
v -0.014983585252786289 0.14906595732418862 -0.0715860399585808
v -0.01676900546839129 0.15042966803604896 0.11965079876372395
v -0.0176123982659572 0.17015200108405157 -0.07176094719252928
v -0.014983585252786289 0.14906595732418862 -0.0715860399585808
v -0.019397819887498464 0.17151571157023335 0.11947589060111385
v -0.01676900546839129 0.15042966803604896 0.11965079876372395
v 0.26526091837361376 0.20702428363166683 0.12188029966208118
v 0.2678897315407708 0.18593824144864746 0.12205520627970776
vt 0.6485 0.74616
vt 0.6485 0.75385
vt 0.71872 0.75385
vt 0.6485 0.74616
vt 0.71872 0.75385
vt 0.71872 0.74616
vt 0.82431 0.74616
vt 0.82431 0.75385
vt 0.89453 0.75385
vt 0.82431 0.74616
vt 0.89453 0.75385
vt 0.89453 0.74616
vt 0.82413 0.75397
vt 0.82413 0.82416
vt 0.71889 0.75397
vt 0.71889 0.75397
vt 0.82413 0.82416
vt 0.71889 0.82416
vt 0.92955 0.82416
vt 0.92955 0.75397
vt 0.82431 0.82416
vt 0.82431 0.82416
vt 0.92955 0.75397
vt 0.82431 0.75397
vt 0.89453 0.74616
vt 0.89453 0.75385
vt 0.99994 0.75385
vt 0.89453 0.74616
vt 0.99994 0.75385
vt 0.99994 0.74616
vt 0.71889 0.74616
vt 0.71889 0.75385
vt 0.82413 0.75385
vt 0.71889 0.74616
vt 0.82413 0.75385
vt 0.82413 0.74616
vn 0.9922746437077734 0.12377715294556368 0.008381399841441537
vn 0.9922746354481227 0.1237772197041172 0.00838139180649111
vn -0.9922746418234973 -0.123777168868145 -0.008381387775119096
vn -0.9922746284245971 -0.12377727553380474 -0.008381398824577724
vn -0.12370887471598266 0.9922844177994816 -0.00823094823510456
vn -0.12370887694276841 0.9922844174933884 -0.008230951668314333
vn 0.12370888004784233 -0.9922844171060587 0.00823095169454152
vn 0.12370887989923136 -0.992284417122759 0.008230951914814098
vn -0.009335513281811536 0.007130444302164418 0.9999310000974162
vn -0.009335515611380017 0.007130490768825102 0.9999309997443151
vn 0.009335523047993064 -0.007130533330954201 -0.9999309993713749
vn 0.009335508908635715 -0.007130462844799346 -0.9999310000060184
usemtl m_9b79bb34-d962-cde2-c94e-e1adc5879949
f 544/829/277 543/830/277 545/831/277
f 544/832/278 545/833/278 546/834/278
f 548/835/279 547/836/279 549/837/279
f 548/838/280 549/839/280 550/840/280
f 551/841/281 552/842/281 553/843/281
f 553/844/282 552/845/282 554/846/282
f 555/847/283 556/848/283 557/849/283
f 557/850/284 556/851/284 558/852/284
f 550/853/285 549/854/285 559/855/285
f 550/856/286 559/857/286 560/858/286
f 562/859/287 561/860/287 563/861/287
f 562/862/288 563/863/288 564/864/288
o obj28
v 0.25132266914791374 0.2134107959627519 -0.1628056000279331
v 0.24648312151019602 0.11765902465726567 -0.16216798397341306
v 0.26159575866719376 0.21345232039776038 -0.07859714471169577
v 0.25675621008627303 0.11770054968610362 -0.07795952737353432
v 0.5253394541832229 0.19990779251300314 -0.1107661286489364
v 0.5204999057562882 0.10415602337818991 -0.11012851192709686
v 0.5150663646639431 0.1998662680779945 -0.19497458396517392
v 0.5102268171802111 0.10411449834935202 -0.19433696852697538
v 0.5253394541832229 0.19990779251300314 -0.1107661286489364
v 0.5150663646639431 0.1998662680779945 -0.19497458396517392
v 0.26159575866719376 0.21345232039776038 -0.07859714471169577
v 0.25132266914791374 0.2134107959627519 -0.1628056000279331
v 0.5102268171802111 0.10411449834935202 -0.19433696852697538
v 0.5204999057562882 0.10415602337818991 -0.11012851192709686
v 0.24648312151019602 0.11765902465726567 -0.16216798397341306
v 0.25675621008627303 0.11770054968610362 -0.07795952737353432
v 0.5150663646639431 0.1998662680779945 -0.19497458396517392
v 0.5102268171802111 0.10411449834935202 -0.19433696852697538
v 0.25132266914791374 0.2134107959627519 -0.1628056000279331
v 0.24648312151019602 0.11765902465726567 -0.16216798397341306
v 0.26159575866719376 0.21345232039776038 -0.07859714471169577
v 0.25675621008627303 0.11770054968610362 -0.07795952737353432
v 0.5253394541832229 0.19990779251300314 -0.1107661286489364
v 0.5204999057562882 0.10415602337818991 -0.11012851192709686
vt 0.25006 0.54694
vt 0.25006 0.58197
vt 0.28116 0.58197
vt 0.25006 0.54694
vt 0.28116 0.58197
vt 0.28116 0.54694
vt 0.37897 0.54694
vt 0.37897 0.58197
vt 0.41006 0.58197
vt 0.37897 0.54694
vt 0.41006 0.58197
vt 0.41006 0.54694
vt 0.37884 0.5821
vt 0.37884 0.61322
vt 0.28128 0.5821
vt 0.28128 0.5821
vt 0.37884 0.61322
vt 0.28128 0.61322
vt 0.47653 0.61322
vt 0.47653 0.5821
vt 0.37897 0.61322
vt 0.37897 0.61322
vt 0.47653 0.5821
vt 0.37897 0.5821
vt 0.41019 0.54694
vt 0.41019 0.58197
vt 0.50775 0.58197
vt 0.41019 0.54694
vt 0.50775 0.58197
vt 0.50775 0.54694
vt 0.28128 0.54694
vt 0.28128 0.58197
vt 0.37884 0.58197
vt 0.28128 0.54694
vt 0.37884 0.58197
vt 0.37884 0.54694
vn 0.9913563002068281 -0.05091095623737561 -0.12091633708984659
vn 0.9913563012164051 -0.050910967902667206 -0.1209163239010431
vn -0.991356299694247 0.05091096637893492 0.12091633702231153
vn -0.9913563018836662 0.05091095470071695 0.1209163239889586
vn 0.050477121223626756 0.9987030746731961 -0.0066504790263626195
vn 0.05047712122362727 0.9987030746731961 -0.006650479026361483
vn -0.050477114544784915 -0.9987030749737289 0.006650484587707504
vn -0.05047711454478507 -0.9987030749737289 0.0066504845877082275
vn 0.12109810892660344 0.0004894197756439844 0.9926404225512298
vn 0.12109811144580782 0.0004894258327314825 0.9926404222409104
vn -0.12109810984933297 -0.0004894380321033286 -0.9926404224296589
vn -0.1210981117447967 -0.0004894317482980747 -0.9926404222015183
usemtl m_9b79bb34-d962-cde2-c94e-e1adc5879949
f 566/865/289 565/866/289 567/867/289
f 566/868/290 567/869/290 568/870/290
f 570/871/291 569/872/291 571/873/291
f 570/874/292 571/875/292 572/876/292
f 573/877/293 574/878/293 575/879/293
f 575/880/294 574/881/294 576/882/294
f 577/883/295 578/884/295 579/885/295
f 579/886/296 578/887/296 580/888/296
f 582/889/297 581/890/297 583/891/297
f 582/892/298 583/893/298 584/894/298
f 586/895/299 585/896/299 587/897/299
f 586/898/300 587/899/300 588/900/300
o obj29
v 0.2683295574931746 0.21426516148946795 0.13159447810770974
v 0.26350268948607647 0.11876426688194018 0.13223042532823773
v 0.2564627495956749 0.21542537239594148 0.21575408922956618
v 0.25163588299451284 0.11992447801409231 0.216390037378756
v 0.519143344983878 0.20239663860175902 0.2529726000501275
v 0.5143164772855273 0.10689574323689549 0.25360855009928024
v 0.531010152881378 0.20123642769528544 0.16881298892827107
v 0.5261832839310768 0.10573553368158708 0.1694489374324405
v 0.519143344983878 0.20239663860175902 0.2529726000501275
v 0.531010152881378 0.20123642769528544 0.16881298892827107
v 0.2564627495956749 0.21542537239594148 0.21575408922956618
v 0.2683295574931746 0.21426516148946795 0.13159447810770974
v 0.5261832839310768 0.10573553368158708 0.1694489374324405
v 0.5143164772855273 0.10689574323689549 0.25360855009928024
v 0.26350268948607647 0.11876426688194018 0.13223042532823773
v 0.25163588299451284 0.11992447801409231 0.216390037378756
v 0.531010152881378 0.20123642769528544 0.16881298892827107
v 0.5261832839310768 0.10573553368158708 0.1694489374324405
v 0.2683295574931746 0.21426516148946795 0.13159447810770974
v 0.26350268948607647 0.11876426688194018 0.13223042532823773
v 0.2564627495956749 0.21542537239594148 0.21575408922956618
v 0.25163588299451284 0.11992447801409231 0.216390037378756
v 0.519143344983878 0.20239663860175902 0.2529726000501275
v 0.5143164772855273 0.10689574323689549 0.25360855009928024
vt 0.50787 0.54694
vt 0.50787 0.58197
vt 0.53897 0.58197
vt 0.50787 0.54694
vt 0.53897 0.58197
vt 0.53897 0.54694
vt 0.63678 0.54694
vt 0.63678 0.58197
vt 0.66788 0.58197
vt 0.63678 0.54694
vt 0.66788 0.58197
vt 0.66788 0.54694
vt 0.63666 0.5821
vt 0.63666 0.61322
vt 0.53909 0.5821
vt 0.53909 0.5821
vt 0.63666 0.61322
vt 0.53909 0.61322
vt 0.73434 0.61322
vt 0.73434 0.5821
vt 0.63678 0.61322
vt 0.63678 0.61322
vt 0.73434 0.5821
vt 0.63678 0.5821
vt 0.668 0.54694
vt 0.668 0.58197
vt 0.76556 0.58197
vt 0.668 0.54694
vt 0.76556 0.58197
vt 0.76556 0.54694
vt 0.53909 0.54694
vt 0.53909 0.58197
vt 0.63666 0.58197
vt 0.53909 0.54694
vt 0.63666 0.58197
vt 0.63666 0.54694
vn 0.9889192422591915 -0.04904954478137631 0.14011735954636936
vn 0.9889192455351061 -0.04904952925954244 0.14011734185922156
vn -0.9889192426491851 0.04904953706524429 -0.1401173594949871
vn -0.988919244344299 0.04904955319296306 -0.14011734188554711
vn 0.05047711424613886 0.9987030748475759 -0.0066505057987654975
vn 0.050477114246138946 0.9987030748475759 -0.006650505798764887
vn -0.050477110117770715 -0.9987030751549152 0.0066504909799505445
vn -0.05047711863099956 -0.9987030746071324 0.0066505086251113215
vn -0.13960939943376685 0.013649473113335416 0.9901125731316976
vn -0.1396094054306193 0.013649458640174635 0.9901125724856438
vn 0.13960939979506834 -0.01364946596489441 -0.9901125731792997
vn 0.13960940625224574 -0.013649487444671867 -0.9901125719726991
usemtl m_9b79bb34-d962-cde2-c94e-e1adc5879949
f 590/901/301 589/902/301 591/903/301
f 590/904/302 591/905/302 592/906/302
f 594/907/303 593/908/303 595/909/303
f 594/910/304 595/911/304 596/912/304
f 597/913/305 598/914/305 599/915/305
f 599/916/306 598/917/306 600/918/306
f 601/919/307 602/920/307 603/921/307
f 603/922/308 602/923/308 604/924/308
f 606/925/309 605/926/309 607/927/309
f 606/928/310 607/929/310 608/930/310
f 610/931/311 609/932/311 611/933/311
f 610/934/312 611/935/312 612/936/312
o obj30
v 0.2517111953406386 0.26707857239610167 -0.0805633684688196
v 0.2712145401733261 0.15184665478084233 -0.07955957102256248
v 0.24972739544478945 0.268593806874698 0.13192196094853806
v 0.26923074012349085 0.15336188768259512 0.1329257590111169
v 0.48019008717268996 0.3076166168963883 0.1337953264438591
v 0.4996934334113135 0.19238469950680756 0.13479912481877798
v 0.482173887222525 0.3061013839946356 -0.07869000358982009
v 0.5016772333071625 0.1908694650282112 -0.07768620459857956
v 0.48019008717268996 0.3076166168963883 0.1337953264438591
v 0.482173887222525 0.3061013839946356 -0.07869000358982009
v 0.24972739544478945 0.268593806874698 0.13192196094853806
v 0.2517111953406386 0.26707857239610167 -0.0805633684688196
v 0.5016772333071625 0.1908694650282112 -0.07768620459857956
v 0.4996934334113135 0.19238469950680756 0.13479912481877798
v 0.2712145401733261 0.15184665478084233 -0.07955957102256248
v 0.26923074012349085 0.15336188768259512 0.1329257590111169
v 0.2517111953406386 0.26707857239610167 -0.0805633684688196
v 0.2712145401733261 0.15184665478084233 -0.07955957102256248
v 0.24972739544478945 0.268593806874698 0.13192196094853806
v 0.26923074012349085 0.15336188768259512 0.1329257590111169
v 0.48019008717268996 0.3076166168963883 0.1337953264438591
v 0.4996934334113135 0.19238469950680756 0.13479912481877798
vt 0.31256 0.87897
vt 0.31256 0.92181
vt 0.3906 0.92181
vt 0.31256 0.87897
vt 0.3906 0.92181
vt 0.3906 0.87897
vt 0.47664 0.87897
vt 0.47664 0.92181
vt 0.55468 0.92181
vt 0.47664 0.87897
vt 0.55468 0.92181
vt 0.55468 0.87897
vt 0.47648 0.92193
vt 0.47648 0.99994
vt 0.39076 0.92193
vt 0.39076 0.92193
vt 0.47648 0.99994
vt 0.39076 0.99994
vt 0.56237 0.99994
vt 0.56237 0.92193
vt 0.47664 0.99994
vt 0.47664 0.99994
vt 0.56237 0.92193
vt 0.47664 0.92193
vt 0.55468 0.87897
vt 0.55468 0.92181
vt 0.64056 0.92181
vt 0.55468 0.87897
vt 0.64056 0.92181
vt 0.64056 0.87897
vt 0.39076 0.87897
vt 0.39076 0.92181
vt 0.47648 0.92181
vt 0.39076 0.87897
vt 0.47648 0.92181
vt 0.47648 0.87897
vn 0.9859341283514647 0.1669420982187045 0.00801438669981158
vn 0.9859341289190169 0.16694209477273525 0.008014388659804025
vn -0.9859341262898778 -0.1669421103065194 -0.008014388524485548
vn -0.9859341268934649 -0.16694210683302738 -0.008014386624770385
vn -0.16687341090564353 0.9859409205912912 -0.008588703994980683
vn -0.1668734173096296 0.9859409194440483 -0.008588711267190461
vn 0.16687341075353007 -0.9859409205541517 0.008588711213897258
vn 0.166873417292322 -0.9859409195098748 0.00858870404689671
vn -0.009335506903294486 0.007130455819400137 0.9999310000748383
vn -0.009335511154158926 0.007130441878810123 0.9999310001345612
vn 0.009335508151927407 -0.007130447649897675 -0.9999310001214372
vn 0.00933550990552462 -0.0071304500483125866 -0.9999310000879624
usemtl m_9b79bb34-d962-cde2-c94e-e1adc5879949
f 614/937/313 613/938/313 615/939/313
f 614/940/314 615/941/314 616/942/314
f 618/943/315 617/944/315 619/945/315
f 618/946/316 619/947/316 620/948/316
f 621/949/317 622/950/317 623/951/317
f 623/952/318 622/953/318 624/954/318
f 625/955/319 626/956/319 627/957/319
f 627/958/320 626/959/320 628/960/320
f 620/961/321 619/962/321 629/963/321
f 620/964/322 629/965/322 630/966/322
f 632/967/323 631/968/323 633/969/323
f 632/970/324 633/971/324 634/972/324
o obj31
v -0.518542397888913 0.23815014123156608 0.018064484001815706
v -0.5150795525032492 0.16253719445997952 -0.056499268042255024
v -0.5164823121309228 0.16360863165818987 0.09375054499259536
v -0.5130194667452589 0.08799568488660331 0.019186792948524628
v -0.2298137285119304 0.17417221496841656 0.09635159962736246
v -0.22635088328025257 0.09855926661998632 0.02178784819961334
v -0.23187381442390675 0.24871372296494915 0.020665539252904486
v -0.22841097044417913 0.17310077596768395 -0.053898213719828045
v -0.2298137285119304 0.17417221496841656 0.09635159962736246
v -0.23187381442390675 0.24871372296494915 0.020665539252904486
v -0.5164823121309228 0.16360863165818987 0.09375054499259536
v -0.518542397888913 0.23815014123156608 0.018064484001815706
v -0.22841097044417913 0.17310077596768395 -0.053898213719828045
v -0.22635088328025257 0.09855926661998632 0.02178784819961334
v -0.5150795525032492 0.16253719445997952 -0.056499268042255024
v -0.5130194667452589 0.08799568488660331 0.019186792948524628
v -0.23187381442390675 0.24871372296494915 0.020665539252904486
v -0.22841097044417913 0.17310077596768395 -0.053898213719828045
v -0.518542397888913 0.23815014123156608 0.018064484001815706
v -0.5150795525032492 0.16253719445997952 -0.056499268042255024
v -0.5164823121309228 0.16360863165818987 0.09375054499259536
v -0.5130194667452589 0.08799568488660331 0.019186792948524628
v -0.2298137285119304 0.17417221496841656 0.09635159962736246
v -0.22635088328025257 0.09855926661998632 0.02178784819961334
vt 0.00006 0.12505999999999995
vt 0.00006 0.16401
vt 0.03902 0.16401
vt 0.00006 0.12505999999999995
vt 0.03902 0.16401
vt 0.03902 0.12505999999999995
vt 0.1446 0.12505999999999995
vt 0.1446 0.16401
vt 0.18356 0.16401
vt 0.1446 0.12505999999999995
vt 0.18356 0.16401
vt 0.18356 0.12505999999999995
vt 0.14446 0.16412000000000004
vt 0.14446 0.20306000000000002
vt 0.03916 0.16412000000000004
vt 0.03916 0.16412000000000004
vt 0.14446 0.20306000000000002
vt 0.03916 0.20306000000000002
vt 0.2499 0.20306000000000002
vt 0.2499 0.16412000000000004
vt 0.1446 0.20306000000000002
vt 0.1446 0.20306000000000002
vt 0.2499 0.16412000000000004
vt 0.1446 0.16412000000000004
vt 0.1837 0.12505999999999995
vt 0.1837 0.16401
vt 0.289 0.16401
vt 0.1837 0.12505999999999995
vt 0.289 0.16401
vt 0.289 0.12505999999999995
vt 0.03916 0.12505999999999995
vt 0.03916 0.16401
vt 0.14446 0.16401
vt 0.03916 0.12505999999999995
vt 0.14446 0.16401
vt 0.14446 0.12505999999999995
vn 0.9992806712841997 0.03682297759380584 0.009066880330380332
vn 0.9992806712841997 0.03682297759380589 0.009066880330380276
vn -0.9992806713098406 -0.036822977574221503 -0.009066877583984776
vn -0.999280671460852 -0.03682297745887902 -0.009066861409107228
vn -0.03259145579181121 0.7116512640992311 0.7017765137957647
vn -0.03259145328210477 0.7116512596665457 0.7017765184073768
vn 0.03259145075201857 -0.7116512648260943 -0.7017765132927286
vn 0.032591453282104325 -0.7116512596665457 -0.7017765184073768
vn 0.019389038229277226 -0.7015671999928363 0.7123394760160039
vn 0.019389039914309954 -0.7015671963718264 0.7123394795363911
vn -0.01938904343892966 0.7015671962419463 -0.7123394795683713
vn -0.01938903759347271 0.7015671861097097 -0.7123394897064903
usemtl m_9b79bb34-d962-cde2-c94e-e1adc5879949
f 636/973/325 635/974/325 637/975/325
f 636/976/326 637/977/326 638/978/326
f 640/979/327 639/980/327 641/981/327
f 640/982/328 641/983/328 642/984/328
f 643/985/329 644/986/329 645/987/329
f 645/988/330 644/989/330 646/990/330
f 647/991/331 648/992/331 649/993/331
f 649/994/332 648/995/332 650/996/332
f 652/997/333 651/998/333 653/999/333
f 652/1000/334 653/1001/334 654/1002/334
f 656/1003/335 655/1004/335 657/1005/335
f 656/1006/336 657/1007/336 658/1008/336
o obj32
v -0.02635589153994439 0.1739824416466902 -0.0612442006184878
v -0.02206005616440337 0.05718959219971553 -0.06037125082792308
v -0.027942933327255486 0.17519462994297957 0.10874414586378083
v -0.023647097951714536 0.05840178049600494 0.10961709565434564
v 0.26934244028519366 0.1861494354950663 0.11144153138597493
v 0.2736382756607347 0.06935658604809163 0.11231448117653964
v 0.2709294806665686 0.18493724697309835 -0.05854681602495539
v 0.2752253160421096 0.06814439752612367 -0.057673866234390664
v 0.26934244028519366 0.1861494354950663 0.11144153138597493
v 0.2709294806665686 0.18493724697309835 -0.05854681602495539
v -0.027942933327255486 0.17519462994297957 0.10874414586378083
v -0.02635589153994439 0.1739824416466902 -0.0612442006184878
v 0.2752253160421096 0.06814439752612367 -0.057673866234390664
v 0.2736382756607347 0.06935658604809163 0.11231448117653964
v -0.02206005616440337 0.05718959219971553 -0.06037125082792308
v -0.023647097951714536 0.05840178049600494 0.10961709565434564
v 0.2709294806665686 0.18493724697309835 -0.05854681602495539
v 0.2752253160421096 0.06814439752612367 -0.057673866234390664
v -0.02635589153994439 0.1739824416466902 -0.0612442006184878
v -0.02206005616440337 0.05718959219971553 -0.06037125082792308
v 0.26934244028519366 0.1861494354950663 0.11144153138597493
v 0.2736382756607347 0.06935658604809163 0.11231448117653964
vt 0.64069 0.89459
vt 0.64069 0.93746
vt 0.70313 0.93746
vt 0.64069 0.89459
vt 0.70313 0.93746
vt 0.70313 0.89459
vt 0.81258 0.89459
vt 0.81258 0.93746
vt 0.87486 0.93746
vt 0.81258 0.89459
vt 0.87486 0.93746
vt 0.87486 0.89459
vt 0.81242 0.93756
vt 0.81242 0.99994
vt 0.70313 0.93756
vt 0.70313 0.93756
vt 0.81242 0.99994
vt 0.70313 0.99994
vt 0.92187 0.99994
vt 0.92187 0.93756
vt 0.81258 0.99994
vt 0.81258 0.99994
vt 0.92187 0.93756
vt 0.81258 0.93756
vt 0.87503 0.89459
vt 0.87503 0.93746
vt 0.98431 0.93746
vt 0.87503 0.89459
vt 0.98431 0.93746
vt 0.98431 0.89459
vt 0.70313 0.89459
vt 0.70313 0.93746
vt 0.81242 0.93746
vt 0.70313 0.89459
vt 0.81242 0.93746
vt 0.81242 0.89459
vn 0.9992806713858646 0.03682297511275852 0.009066879201841013
vn 0.9992806713858647 0.036822975112758054 0.00906687920184118
vn -0.9992806714639346 -0.036822975053128724 -0.009066870839744888
vn -0.9992806714639346 -0.03682297505312861 -0.009066870839744777
vn -0.03675576117861767 0.9992963653585369 -0.007469149978270249
vn -0.036755760627153064 0.9992963653861966 -0.007469148991444515
vn 0.03675576061798732 -0.999296365379196 0.007469149973183596
vn 0.03675576118778317 -0.9992963653655378 0.007469148996531559
vn -0.009335512071347252 0.007130451376248292 0.9999310000582725
vn -0.009335512071347194 0.007130451376248513 0.9999310000582724
vn 0.009335515151763785 -0.007130451262737314 -0.9999310000303226
vn 0.009335515151763394 -0.007130451262736535 -0.9999310000303226
usemtl m_9b79bb34-d962-cde2-c94e-e1adc5879949
f 660/1009/337 659/1010/337 661/1011/337
f 660/1012/338 661/1013/338 662/1014/338
f 664/1015/339 663/1016/339 665/1017/339
f 664/1018/340 665/1019/340 666/1020/340
f 667/1021/341 668/1022/341 669/1023/341
f 669/1024/342 668/1025/342 670/1026/342
f 671/1027/343 672/1028/343 673/1029/343
f 673/1030/344 672/1031/344 674/1032/344
f 676/1033/345 675/1034/345 677/1035/345
f 676/1036/346 677/1037/346 678/1038/346
f 662/1039/347 661/1040/347 679/1041/347
f 662/1042/348 679/1043/348 680/1044/348
o obj33
v -0.2554457045947153 0.25637822773177066 -0.09584829216341446
v -0.21120686911910708 0.15978230286586864 -0.09474645247109678
v -0.2576278916590409 0.2580449891193136 0.13788616714714425
v -0.21338905477749648 0.16144906447909016 0.13898800776812353
v -0.08375303910276748 0.337687932197562 0.13894156131371582
v -0.03951420362715925 0.24109200733165992 0.14004340100603344
v -0.08157085344437796 0.3360211705843404 -0.09479289892550466
v -0.03733201891197273 0.23942524631226772 -0.09369105794954566
v -0.08375303910276748 0.337687932197562 0.13894156131371582
v -0.08157085344437796 0.3360211705843404 -0.09479289892550466
v -0.2576278916590409 0.2580449891193136 0.13788616714714425
v -0.2554457045947153 0.25637822773177066 -0.09584829216341446
v -0.03733201891197273 0.23942524631226772 -0.09369105794954566
v -0.03951420362715925 0.24109200733165992 0.14004340100603344
v -0.21120686911910708 0.15978230286586864 -0.09474645247109678
v -0.21338905477749648 0.16144906447909016 0.13898800776812353
v -0.08157085344437796 0.3360211705843404 -0.09479289892550466
v -0.03733201891197273 0.23942524631226772 -0.09369105794954566
v -0.2554457045947153 0.25637822773177066 -0.09584829216341446
v -0.21120686911910708 0.15978230286586864 -0.09474645247109678
v -0.2576278916590409 0.2580449891193136 0.13788616714714425
v -0.21338905477749648 0.16144906447909016 0.13898800776812353
v -0.08375303910276748 0.337687932197562 0.13894156131371582
v -0.03951420362715925 0.24109200733165992 0.14004340100603344
vt 0.00006 0.87506
vt 0.00006 0.91398
vt 0.08582 0.91398
vt 0.00006 0.87506
vt 0.08582 0.91398
vt 0.08582 0.87506
vt 0.15633 0.87506
vt 0.15633 0.91398
vt 0.24209 0.91398
vt 0.15633 0.87506
vt 0.24209 0.91398
vt 0.24209 0.87506
vt 0.15617 0.9141
vt 0.15617 0.99994
vt 0.08598 0.9141
vt 0.08598 0.9141
vt 0.15617 0.99994
vt 0.08598 0.99994
vt 0.22652 0.99994
vt 0.22652 0.9141
vt 0.15633 0.99994
vt 0.15633 0.99994
vt 0.22652 0.9141
vt 0.15633 0.9141
vt 0.24224 0.87506
vt 0.24224 0.91398
vt 0.31244 0.91398
vt 0.24224 0.87506
vt 0.31244 0.91398
vt 0.31244 0.87506
vt 0.08598 0.87506
vt 0.08598 0.91398
vt 0.15617 0.91398
vt 0.08598 0.87506
vt 0.15617 0.91398
vt 0.15617 0.87506
vn 0.9091493782353792 0.41643361463237927 0.005518392740143207
vn 0.9091493728930703 0.41643362637545617 0.005518386713895761
vn -0.9091493782903862 -0.416433614590365 -0.005518386848325895
vn -0.909149380678013 -0.4164336094111568 -0.005518384327107938
vn -0.41636552591685233 0.9091381661136574 -0.010370329959971168
vn -0.41636552775447755 0.9091381652529142 -0.010370331638868744
vn 0.4163655321767542 -0.9091381632911841 0.010370326065284314
vn 0.4163655277700473 -0.9091381652648063 0.010370329971219228
vn -0.009335511921201077 0.007130453867603524 0.9999310000419084
vn -0.0093355130038385 0.007130439949949106 0.9999310001310467
vn 0.00933551479355038 -0.007130448623402506 -0.9999310000524878
vn 0.009335506840199959 -0.007130442773187362 -0.9999310001684591
usemtl m_9b79bb34-d962-cde2-c94e-e1adc5879949
f 682/1045/349 681/1046/349 683/1047/349
f 682/1048/350 683/1049/350 684/1050/350
f 686/1051/351 685/1052/351 687/1053/351
f 686/1054/352 687/1055/352 688/1056/352
f 689/1057/353 690/1058/353 691/1059/353
f 691/1060/354 690/1061/354 692/1062/354
f 693/1063/355 694/1064/355 695/1065/355
f 695/1066/356 694/1067/356 696/1068/356
f 698/1069/357 697/1070/357 699/1071/357
f 698/1072/358 699/1073/358 700/1074/358
f 702/1075/359 701/1076/359 703/1077/359
f 702/1078/360 703/1079/360 704/1080/360
o obj34
v -0.06143745792659551 0.35798920306359383 -0.020380895530248133
v -0.1883768829165826 0.16170961872307252 -0.020166362561401058
v -0.06223097819427602 0.35859529653615607 0.06461327848337799
v -0.1891704031842631 0.16231571219563473 0.06482781145222506
v 0.00021759837195236068 0.31820902836220977 0.0654842996539366
v -0.12672182661803472 0.12192944402168848 0.06569883262278367
v 0.0010111191023661585 0.31760293570915554 -0.019509872147386503
v -0.1259283072935571 0.12132335114295564 -0.01929534010720113
v 0.00021759837195236068 0.31820902836220977 0.0654842996539366
v 0.0010111191023661585 0.31760293570915554 -0.019509872147386503
v -0.06223097819427602 0.35859529653615607 0.06461327848337799
v -0.06143745792659551 0.35798920306359383 -0.020380895530248133
v -0.1259283072935571 0.12132335114295564 -0.01929534010720113
v -0.12672182661803472 0.12192944402168848 0.06569883262278367
v -0.1883768829165826 0.16170961872307252 -0.020166362561401058
v -0.1891704031842631 0.16231571219563473 0.06482781145222506
v 0.0010111191023661585 0.31760293570915554 -0.019509872147386503
v -0.1259283072935571 0.12132335114295564 -0.01929534010720113
v -0.06143745792659551 0.35798920306359383 -0.020380895530248133
v -0.1883768829165826 0.16170961872307252 -0.020166362561401058
v -0.06223097819427602 0.35859529653615607 0.06461327848337799
v -0.1891704031842631 0.16231571219563473 0.06482781145222506
v 0.00021759837195236068 0.31820902836220977 0.0654842996539366
v -0.12672182661803472 0.12192944402168848 0.06569883262278367
vt 0.24225 0.37505999999999995
vt 0.24225 0.4609
vt 0.27336 0.4609
vt 0.24225 0.37505999999999995
vt 0.27336 0.4609
vt 0.27336 0.37505999999999995
vt 0.30087 0.37505999999999995
vt 0.30087 0.4609
vt 0.33198 0.4609
vt 0.30087 0.37505999999999995
vt 0.33198 0.4609
vt 0.33198 0.37505999999999995
vt 0.3007 0.46102
vt 0.3007 0.49212999999999996
vt 0.27347 0.46102
vt 0.27347 0.46102
vt 0.3007 0.49212999999999996
vt 0.27347 0.49212999999999996
vt 0.32809 0.49212999999999996
vt 0.32809 0.46102
vt 0.30087 0.49212999999999996
vt 0.30087 0.49212999999999996
vt 0.32809 0.46102
vt 0.30087 0.46102
vt 0.33209 0.37505999999999995
vt 0.33209 0.4609
vt 0.35931 0.4609
vt 0.33209 0.37505999999999995
vt 0.35931 0.4609
vt 0.35931 0.37505999999999995
vt 0.27347 0.37505999999999995
vt 0.27347 0.4609
vt 0.3007 0.4609
vt 0.27347 0.37505999999999995
vt 0.3007 0.4609
vt 0.3007 0.37505999999999995
vn 0.8396452376963677 -0.5430089511010715 0.011711269697368796
vn 0.8396452376963677 -0.5430089511010715 0.011711269697369015
vn -0.8396452376997239 0.5430089511036351 -0.011711269337870643
vn -0.8396452353340085 0.543008955032785 -0.011711256768611842
vn 0.5430550093583767 0.8396966204735066 -0.0009178105172301604
vn 0.5430549988787212 0.8396966272387744 -0.0009178216922716088
vn -0.5430550096294989 -0.8396966202859237 0.0009178217158931684
vn -0.5430550094613305 -0.8396966203948703 0.0009178215446670954
vn -0.009335529831777099 0.007130461593735869 0.9999309998195978
vn -0.009335517347930809 0.007130458192564968 0.9999309999604026
vn 0.009335502710240527 -0.007130448726189785 -0.9999310001645665
vn 0.009335502710240527 -0.007130448726189785 -0.9999310001645665
usemtl m_9b79bb34-d962-cde2-c94e-e1adc5879949
f 706/1081/361 705/1082/361 707/1083/361
f 706/1084/362 707/1085/362 708/1086/362
f 710/1087/363 709/1088/363 711/1089/363
f 710/1090/364 711/1091/364 712/1092/364
f 713/1093/365 714/1094/365 715/1095/365
f 715/1096/366 714/1097/366 716/1098/366
f 717/1099/367 718/1100/367 719/1101/367
f 719/1102/368 718/1103/368 720/1104/368
f 722/1105/369 721/1106/369 723/1107/369
f 722/1108/370 723/1109/370 724/1110/370
f 726/1111/371 725/1112/371 727/1113/371
f 726/1114/372 727/1115/372 728/1116/372
o obj35
v -0.1296092588380135 0.1536514023470344 -0.01956023680608665
v -0.10509816767694818 0.03938023357405575 -0.01851653537384792
v -0.13040277895170796 0.15425749739644018 0.06543393659121768
v -0.1058916879446286 0.03998632704661787 0.06647763863977803
v -0.005743932228060574 0.18100562274162346 0.06640703230625329
v 0.01876715893300476 0.06673445396864482 0.06745073373849203
v -0.004950410554443976 0.18039952949473992 -0.01858714077871093
v 0.019560679200685212 0.06612836049608264 -0.017543440275133996
v -0.005743932228060574 0.18100562274162346 0.06640703230625329
v -0.004950410554443976 0.18039952949473992 -0.01858714077871093
v -0.13040277895170796 0.15425749739644018 0.06543393659121768
v -0.1296092588380135 0.1536514023470344 -0.01956023680608665
v 0.019560679200685212 0.06612836049608264 -0.017543440275133996
v 0.01876715893300476 0.06673445396864482 0.06745073373849203
v -0.10509816767694818 0.03938023357405575 -0.01851653537384792
v -0.1058916879446286 0.03998632704661787 0.06647763863977803
v -0.004950410554443976 0.18039952949473992 -0.01858714077871093
v 0.019560679200685212 0.06612836049608264 -0.017543440275133996
v -0.1296092588380135 0.1536514023470344 -0.01956023680608665
v -0.10509816767694818 0.03938023357405575 -0.01851653537384792
v -0.13040277895170796 0.15425749739644018 0.06543393659121768
v -0.1058916879446286 0.03998632704661787 0.06647763863977803
v -0.005743932228060574 0.18100562274162346 0.06640703230625329
v 0.01876715893300476 0.06673445396864482 0.06745073373849203
vt 0.51569 0.32428
vt 0.51569 0.36714
vt 0.5468 0.36714
vt 0.51569 0.32428
vt 0.5468 0.36714
vt 0.5468 0.32428
vt 0.59379 0.32428
vt 0.59379 0.36714
vt 0.62491 0.36714
vt 0.59379 0.32428
vt 0.62491 0.36714
vt 0.62491 0.32428
vt 0.59371 0.3672500000000001
vt 0.59371 0.39837999999999996
vt 0.54696 0.3672500000000001
vt 0.54696 0.3672500000000001
vt 0.59371 0.39837999999999996
vt 0.54696 0.39837999999999996
vt 0.64054 0.39837999999999996
vt 0.64054 0.3672500000000001
vt 0.59379 0.39837999999999996
vt 0.59379 0.39837999999999996
vt 0.64054 0.3672500000000001
vt 0.59379 0.3672500000000001
vt 0.62506 0.32428
vt 0.62506 0.36714
vt 0.67181 0.36714
vt 0.62506 0.32428
vt 0.67181 0.36714
vt 0.67181 0.32428
vt 0.54696 0.32428
vt 0.54696 0.36714
vt 0.59371 0.36714
vt 0.54696 0.32428
vt 0.59371 0.36714
vt 0.59371 0.32428
vn 0.9777168240608576 0.20978932932753339 0.007632119538757974
vn 0.9777168248638171 0.20978932538004605 0.007632125182503667
vn -0.9777168238515557 -0.2097893294873979 -0.007632141957152725
vn -0.9777168265727736 -0.20978931741285767 -0.007632125255273455
vn -0.20972040452927013 0.9777206170528185 -0.008930112761605265
vn -0.20972041535632352 0.9777206145757302 -0.008930129698255514
vn 0.20972041615531622 -0.9777206145670753 0.008930111881815637
vn 0.2097204161553166 -0.9777206145670752 0.008930111881815082
vn -0.00933551895318274 0.00713044902245513 0.9999310000108073
vn -0.00933551356627016 0.007130458203292667 0.9999309999956324
vn 0.009335519305184446 -0.007130462278858772 -0.9999309999129902
vn 0.00933551356627088 -0.007130458203292665 -0.9999309999956323
usemtl m_9b79bb34-d962-cde2-c94e-e1adc5879949
f 730/1117/373 729/1118/373 731/1119/373
f 730/1120/374 731/1121/374 732/1122/374
f 734/1123/375 733/1124/375 735/1125/375
f 734/1126/376 735/1127/376 736/1128/376
f 737/1129/377 738/1130/377 739/1131/377
f 739/1132/378 738/1133/378 740/1134/378
f 741/1135/379 742/1136/379 743/1137/379
f 743/1138/380 742/1139/380 744/1140/380
f 746/1141/381 745/1142/381 747/1143/381
f 746/1144/382 747/1145/382 748/1146/382
f 750/1147/383 749/1148/383 751/1149/383
f 750/1150/384 751/1151/384 752/1152/384
o obj36
v 0.33263568749273603 0.18749169218130507 -0.04205028831832902
v 0.3357599307079956 0.10255145510794658 -0.04141541657732144
v 0.33134621631637085 0.18847659570643457 0.09606521444852004
v 0.33447045953163046 0.10353635863307607 0.09670008618952758
v 0.4693719009450437 0.19356276612893702 0.09731757480849544
v 0.4724961441603033 0.10862252905557854 0.09795244654950297
v 0.47066137227539484 0.19257786418065115 -0.040797928574675346
v 0.4737856145474515 0.10763762770112209 -0.04016305555002636
v 0.4693719009450437 0.19356276612893702 0.09731757480849544
v 0.47066137227539484 0.19257786418065115 -0.040797928574675346
v 0.33134621631637085 0.18847659570643457 0.09606521444852004
v 0.33263568749273603 0.18749169218130507 -0.04205028831832902
v 0.4737856145474515 0.10763762770112209 -0.04016305555002636
v 0.4724961441603033 0.10862252905557854 0.09795244654950297
v 0.3357599307079956 0.10255145510794658 -0.04141541657732144
v 0.33447045953163046 0.10353635863307607 0.09670008618952758
v 0.47066137227539484 0.19257786418065115 -0.040797928574675346
v 0.4737856145474515 0.10763762770112209 -0.04016305555002636
v 0.33263568749273603 0.18749169218130507 -0.04205028831832902
v 0.3357599307079956 0.10255145510794658 -0.04141541657732144
v 0.33134621631637085 0.18847659570643457 0.09606521444852004
v 0.33447045953163046 0.10353635863307607 0.09670008618952758
v 0.4693719009450437 0.19356276612893702 0.09731757480849544
v 0.4724961441603033 0.10862252905557854 0.09795244654950297
vt 0.00006 0.41022000000000003
vt 0.00006 0.44135
vt 0.05074 0.44135
vt 0.00006 0.41022000000000003
vt 0.05074 0.44135
vt 0.05074 0.41022000000000003
vt 0.10161 0.41022000000000003
vt 0.10161 0.44135
vt 0.15229 0.44135
vt 0.10161 0.41022000000000003
vt 0.15229 0.44135
vt 0.15229 0.41022000000000003
vt 0.10151 0.44147000000000003
vt 0.10151 0.49212999999999996
vt 0.05084 0.44147000000000003
vt 0.05084 0.44147000000000003
vt 0.10151 0.49212999999999996
vt 0.05084 0.49212999999999996
vt 0.15229 0.49212999999999996
vt 0.15229 0.44147000000000003
vt 0.10161 0.49212999999999996
vt 0.10161 0.49212999999999996
vt 0.15229 0.44147000000000003
vt 0.10161 0.44147000000000003
vt 0.15239 0.41022000000000003
vt 0.15239 0.44135
vt 0.20306 0.44135
vt 0.15239 0.41022000000000003
vt 0.20306 0.44135
vt 0.20306 0.41022000000000003
vt 0.05084 0.41022000000000003
vt 0.05084 0.44135
vt 0.10151 0.44135
vt 0.05084 0.41022000000000003
vt 0.10151 0.44135
vt 0.10151 0.41022000000000003
vn 0.999280671419652 0.03682297425601599 0.009066878957519007
vn 0.999280671419652 0.036822974256015314 0.009066878957519394
vn -0.9992806714057052 -0.03682297426666788 -0.009066880451361
vn -0.9992806718602224 -0.03682296353292768 -0.009066873950559216
vn -0.03675575002137612 0.9992963658222564 -0.007469142842201347
vn -0.03675576130712476 0.9992963653211704 -0.007469154345158822
vn 0.036755765929903365 -0.9992963652695049 0.007469138508706228
vn 0.03675574991494767 -0.9992963657409658 0.007469154241792951
vn -0.009335509336021673 0.00713045843330967 0.9999310000334862
vn -0.009335518155687615 0.007130442844362371 0.9999310000623084
vn 0.009335513162944564 -0.007130443028341982 -0.9999310001076096
vn 0.009335513162944398 -0.007130443028341926 -0.9999310001076096
usemtl m_9b79bb34-d962-cde2-c94e-e1adc5879949
f 754/1153/385 753/1154/385 755/1155/385
f 754/1156/386 755/1157/386 756/1158/386
f 758/1159/387 757/1160/387 759/1161/387
f 758/1162/388 759/1163/388 760/1164/388
f 761/1165/389 762/1166/389 763/1167/389
f 763/1168/390 762/1169/390 764/1170/390
f 765/1171/391 766/1172/391 767/1173/391
f 767/1174/392 766/1175/392 768/1176/392
f 770/1177/393 769/1178/393 771/1179/393
f 770/1180/394 771/1181/394 772/1182/394
f 774/1183/395 773/1184/395 775/1185/395
f 774/1186/396 775/1187/396 776/1188/396