# Made in Blockbench 5.1.4
mtllib hoverbike_4.mtl

o obj1
v -0.140942381791669 0.305669268154327 0.13481421330942234
v -0.1411755622735912 0.2812970395949421 0.1350981403893571
v -0.16531599769721553 0.3059010982049656 0.13469712605334694
v -0.16554918078491768 0.28152886719663744 0.13498105227736834
v -0.1654684961912393 0.30628113856346717 0.16719454613608792
v -0.16570167719251594 0.28190890755325043 0.16747847391150386
v -0.14109488028569278 0.3060493085128285 0.16731163339216332
v -0.1413280612869694 0.28167707750261184 0.1675955611675793
v -0.1654684961912393 0.30628113856346717 0.16719454613608792
v -0.14109488028569278 0.3060493085128285 0.16731163339216332
v -0.16531599769721553 0.3059010982049656 0.13469712605334694
v -0.140942381791669 0.305669268154327 0.13481421330942234
v -0.1413280612869694 0.28167707750261184 0.1675955611675793
v -0.16570167719251594 0.28190890755325043 0.16747847391150386
v -0.1411755622735912 0.2812970395949421 0.1350981403893571
v -0.16554918078491768 0.28152886719663744 0.13498105227736834
v -0.14109488028569278 0.3060493085128285 0.16731163339216332
v -0.1413280612869694 0.28167707750261184 0.1675955611675793
v -0.140942381791669 0.305669268154327 0.13481421330942234
v -0.1411755622735912 0.2812970395949421 0.1350981403893571
v -0.16531599769721553 0.3059010982049656 0.13469712605334694
v -0.16554918078491768 0.28152886719663744 0.13498105227736834
v -0.1654684961912393 0.30628113856346717 0.16719454613608792
v -0.16570167719251594 0.28190890755325043 0.16747847391150386
vt 0.5 0.42771000000000003
vt 0.5 0.42186
vt 0.50584 0.42186
vt 0.5 0.42771000000000003
vt 0.50584 0.42186
vt 0.50584 0.42771000000000003
vt 0.5 0.47461
vt 0.5 0.46876000000000007
vt 0.50584 0.46876000000000007
vt 0.5 0.47461
vt 0.50584 0.46876000000000007
vt 0.50584 0.47461
vt 0.50781 0.09572000000000003
vt 0.50781 0.08987
vt 0.5 0.09572000000000003
vt 0.5 0.09572000000000003
vt 0.50781 0.08987
vt 0.5 0.08987
vt 0.15625 0.50001
vt 0.15625 0.50586
vt 0.14844 0.50001
vt 0.14844 0.50001
vt 0.15625 0.50586
vt 0.14844 0.50586
vt 0.5 0.08787
vt 0.5 0.08201999999999998
vt 0.50781 0.08201999999999998
vt 0.5 0.08787
vt 0.50781 0.08201999999999998
vt 0.50781 0.08787
vt 0.5 0.08006999999999997
vt 0.5 0.07421999999999995
vt 0.50781 0.07421999999999995
vt 0.5 0.08006999999999997
vt 0.50781 0.07421999999999995
vt 0.50781 0.08006999999999997
vn -0.004692247467701582 0.011693583176253242 0.9999206183123748
vn -0.004692283592830249 0.011693547735835447 0.9999206185573104
vn 0.004692247205060784 -0.01169361062765406 -0.9999206179925763
vn 0.004692247205060784 -0.01169361062765406 -0.9999206179925763
vn 0.009566392485291843 0.9998863946606957 -0.011648257691738136
vn 0.009566392485291788 0.9998863946606957 -0.01164825769173808
vn -0.009566392129601671 -0.999886395547108 0.011648181893974542
vn -0.00956629141932258 -0.999886395621981 0.011648258177243657
vn -0.9999432317287242 0.00951098363920841 -0.0048035934601078365
vn -0.9999432318509516 0.00951096325195716 -0.004803608382677738
vn 0.9999432309069806 -0.009511069528004875 0.004803594460676298
vn 0.9999432320310159 -0.00951098439255646 0.004803529041308041
usemtl m_611be17d-79ae-1664-e1f7-c840cb17f4df
f 2/1/1 1/2/1 3/3/1
f 2/4/2 3/5/2 4/6/2
f 6/7/3 5/8/3 7/9/3
f 6/10/4 7/11/4 8/12/4
f 9/13/5 10/14/5 11/15/5
f 11/16/6 10/17/6 12/18/6
f 13/19/7 14/20/7 15/21/7
f 15/22/8 14/23/8 16/24/8
f 18/25/9 17/26/9 19/27/9
f 18/28/10 19/29/10 20/30/10
f 22/31/11 21/32/11 23/33/11
f 22/34/12 23/35/12 24/36/12
o obj2
v -0.1310640589872299 0.3433858368106899 0.16692207202711756
v -0.1429628800731313 0.2794880820880056 0.16761348975343715
v -0.15502689590280755 0.34784633140355525 0.1667574608509383
v -0.16692571552682695 0.2839485758128735 0.16744887661015811
v -0.15514126703545467 0.3481313622827785 0.19113052767836658
v -0.16704009020778193 0.28423360756198307 0.19182194385329213
v -0.13117843158175918 0.34367086855791074 0.19129514082164578
v -0.14307725329220414 0.2797731129691176 0.19198655502947126
v -0.15514126703545467 0.3481313622827785 0.19113052767836658
v -0.13117843158175918 0.34367086855791074 0.19129514082164578
v -0.15502689590280755 0.34784633140355525 0.1667574608509383
v -0.1310640589872299 0.3433858368106899 0.16692207202711756
v -0.14307725329220414 0.2797731129691176 0.19198655502947126
v -0.16704009020778193 0.28423360756198307 0.19182194385329213
v -0.1429628800731313 0.2794880820880056 0.16761348975343715
v -0.16692571552682695 0.2839485758128735 0.16744887661015811
v -0.13117843158175918 0.34367086855791074 0.19129514082164578
v -0.14307725329220414 0.2797731129691176 0.19198655502947126
v -0.1310640589872299 0.3433858368106899 0.16692207202711756
v -0.1429628800731313 0.2794880820880056 0.16761348975343715
v -0.15502689590280755 0.34784633140355525 0.1667574608509383
v -0.16692571552682695 0.2839485758128735 0.16744887661015811
v -0.15514126703545467 0.3481313622827785 0.19113052767836658
v -0.16704009020778193 0.28423360756198307 0.19182194385329213
vt 0.21094 0.51172
vt 0.21094 0.4960899999999999
vt 0.21677 0.4960899999999999
vt 0.21094 0.51172
vt 0.21677 0.4960899999999999
vt 0.21677 0.51172
vt 0.22658 0.51172
vt 0.22658 0.4960899999999999
vt 0.23241 0.4960899999999999
vt 0.22658 0.51172
vt 0.23241 0.4960899999999999
vt 0.23241 0.51172
vt 0.48632 0.50586
vt 0.48632 0.5
vt 0.48049 0.50586
vt 0.48049 0.50586
vt 0.48632 0.5
vt 0.48049 0.5
vt 0.49414 0.5
vt 0.49414 0.50586
vt 0.48831 0.5
vt 0.48831 0.5
vt 0.49414 0.50586
vt 0.48831 0.50586
vt 0.21876 0.51172
vt 0.21876 0.4960899999999999
vt 0.22459 0.4960899999999999
vt 0.21876 0.51172
vt 0.22459 0.4960899999999999
vt 0.22459 0.51172
vt 0.20312 0.51172
vt 0.20312 0.4960899999999999
vt 0.20895 0.4960899999999999
vt 0.20312 0.51172
vt 0.20895 0.4960899999999999
vt 0.20895 0.51172
vn -0.004692218826375105 0.011693598874222721 0.9999206182631971
vn -0.004692304430431893 0.011693583763810883 0.9999206180381977
vn 0.004692303184241908 -0.011693590456006153 -0.9999206179657836
vn 0.004692228754984318 -0.01169354555662866 -0.9999206188401287
vn 0.1830590651495789 0.9830443675233467 -0.010637205797853851
vn 0.1830590880355396 0.9830443630126114 -0.01063722880856327
vn -0.1830590878568381 -0.9830443634579628 0.010637190726470402
vn -0.18305906518830567 -0.9830443674268398 0.010637214050116833
vn -0.9830907013303066 0.18299471656055896 -0.006753270970913383
vn -0.9830907025877651 0.18299470908255266 -0.006753290552503901
vn 0.9830907074421009 -0.18299468613507164 0.006753205706638621
vn 0.9830906964759638 -0.18299473950804307 0.006753355816776163
usemtl m_611be17d-79ae-1664-e1f7-c840cb17f4df
f 26/37/13 25/38/13 27/39/13
f 26/40/14 27/41/14 28/42/14
f 30/43/15 29/44/15 31/45/15
f 30/46/16 31/47/16 32/48/16
f 33/49/17 34/50/17 35/51/17
f 35/52/18 34/53/18 36/54/18
f 37/55/19 38/56/19 39/57/19
f 39/58/20 38/59/20 40/60/20
f 42/61/21 41/62/21 43/63/21
f 42/64/22 43/65/22 44/66/22
f 46/67/23 45/68/23 47/69/23
f 46/70/24 47/71/24 48/72/24
o obj3
v -0.13044093073916388 0.40303103552311725 0.1553096931353619
v -0.13110626032807518 0.33915791654001626 0.16734152519951123
v -0.154814548731136 0.4032628655756445 0.15519260432789211
v -0.15547987675297603 0.3393897441398228 0.16722443863891687
v -0.154886692561272 0.40777575202456984 0.1791460871269138
v -0.1555520215256396 0.3439026339075774 0.19117792270955708
v -0.13051307404994542 0.40754392442287435 0.1792631752389024
v -0.13117840510073875 0.3436708063077708 0.19129500927015147
v -0.154886692561272 0.40777575202456984 0.1791460871269138
v -0.13051307404994542 0.40754392442287435 0.1792631752389024
v -0.154814548731136 0.4032628655756445 0.15519260432789211
v -0.13044093073916388 0.40303103552311725 0.1553096931353619
v -0.13117840510073875 0.3436708063077708 0.19129500927015147
v -0.1555520215256396 0.3439026339075774 0.19117792270955708
v -0.13110626032807518 0.33915791654001626 0.16734152519951123
v -0.15547987675297603 0.3393897441398228 0.16722443863891687
v -0.13051307404994542 0.40754392442287435 0.1792631752389024
v -0.13117840510073875 0.3436708063077708 0.19129500927015147
v -0.13044093073916388 0.40303103552311725 0.1553096931353619
v -0.13110626032807518 0.33915791654001626 0.16734152519951123
v -0.154814548731136 0.4032628655756445 0.15519260432789211
v -0.15547987675297603 0.3393897441398228 0.16722443863891687
v -0.154886692561272 0.40777575202456984 0.1791460871269138
v -0.1555520215256396 0.3439026339075774 0.19117792270955708
vt 0.24218 0.51172
vt 0.24218 0.4961
vt 0.24806 0.4961
vt 0.24218 0.51172
vt 0.24806 0.4961
vt 0.24806 0.51172
vt 0.25781 0.51172
vt 0.25781 0.4961
vt 0.26366 0.4961
vt 0.25781 0.51172
vt 0.26366 0.4961
vt 0.26366 0.51172
vt 0.50197 0.50585
vt 0.50197 0.49997
vt 0.49608 0.50585
vt 0.49608 0.50585
vt 0.50197 0.49997
vt 0.49608 0.49997
vt 0.50977 0
vt 0.50977 0.005870000000000042
vt 0.50392 0
vt 0.50392 0
vt 0.50977 0.005870000000000042
vt 0.50392 0.005870000000000042
vt 0.25001 0.51172
vt 0.25001 0.4961
vt 0.25586 0.4961
vt 0.25001 0.51172
vt 0.25586 0.4961
vt 0.25586 0.51172
vt 0.23438 0.51172
vt 0.23438 0.4961
vt 0.24023 0.4961
vt 0.23438 0.51172
vt 0.24023 0.4961
vt 0.24023 0.51172
vn -0.00295983980350234 0.1851441429020556 0.982706917497481
vn -0.0029597677669890854 0.18514416866496564 0.9827069128606578
vn 0.002959829748060472 -0.18514419748070837 -0.9827069072450274
vn 0.0029597677120563604 -0.18514417393870058 -0.9827069118672398
vn 0.010235763550514755 0.9826653671464295 -0.18510538986077946
vn 0.010235868156934017 0.9826653468432032 -0.18510549185964573
vn -0.01023575293600748 -0.982665344340344 0.18510551151790758
vn -0.010235752936006356 -0.9826653443403438 0.1851055115179087
vn -0.999943231751415 0.009511011536757154 -0.004803533499826152
vn -0.9999432318040689 0.009510978361125383 -0.004803588226368782
vn 0.9999432321737347 -0.009510961507786882 0.004803544643495806
vn 0.9999432319037778 -0.009510968788855158 0.004803586423232032
usemtl m_611be17d-79ae-1664-e1f7-c840cb17f4df
f 50/73/25 49/74/25 51/75/25
f 50/76/26 51/77/26 52/78/26
f 54/79/27 53/80/27 55/81/27
f 54/82/28 55/83/28 56/84/28
f 57/85/29 58/86/29 59/87/29
f 59/88/30 58/89/30 60/90/30
f 61/91/31 62/92/31 63/93/31
f 63/94/32 62/95/32 64/96/32
f 66/97/33 65/98/33 67/99/33
f 66/100/34 67/101/34 68/102/34
f 70/103/35 69/104/35 71/105/35
f 70/106/36 71/107/36 72/108/36
o obj4
v -0.1293227708172979 0.4045775580887469 -0.07439224814283307
v -0.12988217509479286 0.3404404673440054 -0.08493281427748423
v -0.15369638672284427 0.4048093881393855 -0.07450933539890865
v -0.1542557915196938 0.3406722949438121 -0.08504990083807841
v -0.15384951322408497 0.40085789967374563 -0.05045724582739976
v -0.1544089180209342 0.33672080647817215 -0.060997811266569876
v -0.1294758973185383 0.400626069623107 -0.050340158571324525
v -0.13003530159603327 0.3364889788783655 -0.0608807247059757
v -0.15384951322408497 0.40085789967374563 -0.05045724582739976
v -0.1294758973185383 0.400626069623107 -0.050340158571324525
v -0.15369638672284427 0.4048093881393855 -0.07450933539890865
v -0.1293227708172979 0.4045775580887469 -0.07439224814283307
v -0.13003530159603327 0.3364889788783655 -0.0608807247059757
v -0.1544089180209342 0.33672080647817215 -0.060997811266569876
v -0.12988217509479286 0.3404404673440054 -0.08493281427748423
v -0.1542557915196938 0.3406722949438121 -0.08504990083807841
v -0.1294758973185383 0.400626069623107 -0.050340158571324525
v -0.13003530159603327 0.3364889788783655 -0.0608807247059757
v -0.1293227708172979 0.4045775580887469 -0.07439224814283307
v -0.12988217509479286 0.3404404673440054 -0.08493281427748423
v -0.15369638672284427 0.4048093881393855 -0.07450933539890865
v -0.1542557915196938 0.3406722949438121 -0.08504990083807841
v -0.15384951322408497 0.40085789967374563 -0.05045724582739976
v -0.1544089180209342 0.33672080647817215 -0.060997811266569876
vt 0.27343 0.51172
vt 0.27343 0.49607
vt 0.27931 0.49607
vt 0.27343 0.51172
vt 0.27931 0.49607
vt 0.27931 0.51172
vt 0.33984 0.51172
vt 0.33984 0.49607
vt 0.34571 0.49607
vt 0.33984 0.51172
vt 0.34571 0.49607
vt 0.34571 0.51172
vt 0.50977 0.04103000000000001
vt 0.50977 0.03515999999999997
vt 0.50389 0.04103000000000001
vt 0.50389 0.04103000000000001
vt 0.50977 0.03515999999999997
vt 0.50389 0.03515999999999997
vt 0.50977 0.042950000000000044
vt 0.50977 0.04883000000000004
vt 0.50389 0.042950000000000044
vt 0.50389 0.042950000000000044
vt 0.50977 0.04883000000000004
vt 0.50389 0.04883000000000004
vt 0.33203 0.51172
vt 0.33203 0.49607
vt 0.3379 0.49607
vt 0.33203 0.51172
vt 0.3379 0.49607
vt 0.3379 0.51172
vt 0.26562 0.51172
vt 0.26562 0.49607
vt 0.2715 0.49607
vt 0.26562 0.51172
vt 0.2715 0.49607
vt 0.2715 0.51172
vn -0.006282146758033902 -0.16211233809568637 0.9867523116108017
vn -0.006282102028332681 -0.16211232202104836 0.9867523145364543
vn 0.006282146614119077 0.16211232159697556 -0.986752314322271
vn 0.006282102172233295 0.16211233851976403 -0.9867523118249844
vn 0.008606258600387051 0.9867264730169186 0.1621628803410185
vn 0.008606258600378835 0.9867264730169174 0.16216288034102658
vn -0.008606163836976712 -0.9867264739182564 -0.16216287988579867
vn -0.008606163836976656 -0.9867264739182564 -0.16216287988579858
vn -0.9999432322621643 0.00951094981523057 -0.004803549386413309
vn -0.9999432322621642 0.009510949815230624 -0.004803549386413086
vn 0.9999432321969322 -0.009510957294247835 0.004803548157289561
vn 0.9999432321969322 -0.009510957294242199 0.004803548157280068
usemtl m_611be17d-79ae-1664-e1f7-c840cb17f4df
f 74/109/37 73/110/37 75/111/37
f 74/112/38 75/113/38 76/114/38
f 78/115/39 77/116/39 79/117/39
f 78/118/40 79/119/40 80/120/40
f 81/121/41 82/122/41 83/123/41
f 83/124/42 82/125/42 84/126/42
f 85/127/43 86/128/43 87/129/43
f 87/130/44 86/131/44 88/132/44
f 90/133/45 89/134/45 91/135/45
f 90/136/46 91/137/46 92/138/46
f 94/139/47 93/140/47 95/141/47
f 94/142/48 95/143/48 96/144/48
o obj5
v -0.1298822027796452 0.34044052659517865 -0.08493294691023817
v -0.14178102240366458 0.2765427710044969 -0.08424153115101835
v -0.1538450376087972 0.3449010211861554 -0.08509755653502307
v -0.16574385931924224 0.28100326559736233 -0.08440614232719765
v -0.1539594108278701 0.3451860520672674 -0.060724491258988975
v -0.1658582325383152 0.2812882964784744 -0.06003307705116334
v -0.12999657391229244 0.34072555747440203 -0.06055988008280968
v -0.14189539562273742 0.27682780188560896 -0.05986846587498419
v -0.1539594108278701 0.3451860520672674 -0.060724491258988975
v -0.12999657391229244 0.34072555747440203 -0.06055988008280968
v -0.1538450376087972 0.3449010211861554 -0.08509755653502307
v -0.1298822027796452 0.34044052659517865 -0.08493294691023817
v -0.14189539562273742 0.27682780188560896 -0.05986846587498419
v -0.1658582325383152 0.2812882964784744 -0.06003307705116334
v -0.14178102240366458 0.2765427710044969 -0.08424153115101835
v -0.16574385931924224 0.28100326559736233 -0.08440614232719765
v -0.12999657391229244 0.34072555747440203 -0.06055988008280968
v -0.14189539562273742 0.27682780188560896 -0.05986846587498419
v -0.1298822027796452 0.34044052659517865 -0.08493294691023817
v -0.14178102240366458 0.2765427710044969 -0.08424153115101835
v -0.1538450376087972 0.3449010211861554 -0.08509755653502307
v -0.16574385931924224 0.28100326559736233 -0.08440614232719765
v -0.1539594108278701 0.3451860520672674 -0.060724491258988975
v -0.1658582325383152 0.2812882964784744 -0.06003307705116334
vt 0.36722 0.51172
vt 0.36722 0.49615
vt 0.37308 0.49615
vt 0.36722 0.51172
vt 0.37308 0.49615
vt 0.37308 0.51172
vt 0.44918 0.51172
vt 0.44918 0.49615
vt 0.45504 0.49615
vt 0.44918 0.51172
vt 0.45504 0.49615
vt 0.45504 0.51172
vt 0.50977 0.18552999999999997
vt 0.50977 0.17969000000000002
vt 0.5039 0.18552999999999997
vt 0.5039 0.18552999999999997
vt 0.50977 0.17969000000000002
vt 0.5039 0.17969000000000002
vt 0.50977 0.18747000000000003
vt 0.50977 0.19330999999999998
vt 0.5039 0.18747000000000003
vt 0.5039 0.18747000000000003
vt 0.50977 0.19330999999999998
vt 0.5039 0.19330999999999998
vt 0.37498 0.51172
vt 0.37498 0.49615
vt 0.38084 0.49615
vt 0.37498 0.51172
vt 0.38084 0.49615
vt 0.38084 0.51172
vt 0.34766 0.51172
vt 0.34766 0.49615
vt 0.35352 0.49615
vt 0.34766 0.51172
vt 0.35352 0.49615
vt 0.35352 0.51172
vn -0.004692162243758735 0.01169355729686819 0.9999206190149412
vn -0.004692228754991256 0.011693545556629574 0.9999206188401286
vn 0.004692228754990702 -0.011693545556632573 -0.9999206188401286
vn 0.00469222875498443 -0.011693545556628772 -0.9999206188401288
vn 0.18305908785683636 0.9830443634579632 -0.010637190726470182
vn 0.1830591025907105 0.983044360553973 -0.010637205540658752
vn -0.18305908785683836 -0.9830443634579628 0.010637190726470458
vn -0.18305908785683644 -0.9830443634579631 0.010637190726472456
vn -0.9830907016349799 0.18299471731984354 -0.0067532060440835835
vn -0.9830907070451715 0.18299468514587144 -0.006753290293492198
vn 0.9830907012380499 -0.18299471633064593 0.006753290630933995
vn 0.9830907012380496 -0.1829947163306473 0.006753290630937658
usemtl m_611be17d-79ae-1664-e1f7-c840cb17f4df
f 98/145/49 97/146/49 99/147/49
f 98/148/50 99/149/50 100/150/50
f 102/151/51 101/152/51 103/153/51
f 102/154/52 103/155/52 104/156/52
f 105/157/53 106/158/53 107/159/53
f 107/160/54 106/161/54 108/162/54
f 109/163/55 110/164/55 111/165/55
f 111/166/56 110/167/56 112/168/56
f 114/169/57 113/170/57 115/171/57
f 114/172/58 115/173/58 116/174/58
f 118/175/59 117/176/59 119/177/59
f 118/178/60 119/179/60 120/180/60
o obj6
v -0.1400273952107554 0.30338902917654076 -0.06017031871776374
v -0.14026057621203206 0.2790167981663241 -0.059886390942347774
v -0.1644010116356564 0.3036208567763475 -0.06028740527835798
v -0.1646341947233585 0.27924862576801934 -0.06000347905433651
v -0.16455351012968011 0.304000897134849 -0.02778998519561697
v -0.16478669113095679 0.27962866612463233 -0.027506057420201
v -0.14017989370477918 0.30376906953504235 -0.027672898635022772
v -0.14041307470605582 0.2793968385248256 -0.027388970859606815
v -0.16455351012968011 0.304000897134849 -0.02778998519561697
v -0.14017989370477918 0.30376906953504235 -0.027672898635022772
v -0.1644010116356564 0.3036208567763475 -0.06028740527835798
v -0.1400273952107554 0.30338902917654076 -0.06017031871776374
v -0.14041307470605582 0.2793968385248256 -0.027388970859606815
v -0.16478669113095679 0.27962866612463233 -0.027506057420201
v -0.14026057621203206 0.2790167981663241 -0.059886390942347774
v -0.1646341947233585 0.27924862576801934 -0.06000347905433651
v -0.14017989370477918 0.30376906953504235 -0.027672898635022772
v -0.14041307470605582 0.2793968385248256 -0.027388970859606815
v -0.14026057621203206 0.2790167981663241 -0.059886390942347774
v -0.1644010116356564 0.3036208567763475 -0.06028740527835798
v -0.1646341947233585 0.27924862576801934 -0.06000347905433651
v -0.16455351012968011 0.304000897134849 -0.02778998519561697
v -0.16478669113095679 0.27962866612463233 -0.027506057420201
vt 0.5039 0.20123000000000002
vt 0.5039 0.19530999999999998
vt 0.50977 0.19530999999999998
vt 0.5039 0.20123000000000002
vt 0.50977 0.19530999999999998
vt 0.50977 0.20123000000000002
vt 0.5039 0.20897
vt 0.5039 0.20304999999999995
vt 0.50977 0.20304999999999995
vt 0.5039 0.20897
vt 0.50977 0.20304999999999995
vt 0.50977 0.20897
vt 0.42188 0.50586
vt 0.42188 0.49994000000000005
vt 0.41404 0.50586
vt 0.41404 0.50586
vt 0.42188 0.49994000000000005
vt 0.41404 0.49994000000000005
vt 0.50779 0.41406999999999994
vt 0.50779 0.41999
vt 0.50001 0.41406999999999994
vt 0.50001 0.41406999999999994
vt 0.50779 0.41999
vt 0.50001 0.41999
vt 0.40625 0.50586
vt 0.40625 0.49994000000000005
vt 0.41404 0.49994000000000005
vt 0.40625 0.50586
vt 0.41404 0.49994000000000005
vt 0.41404 0.50586
vt 0.50001 0.26373
vt 0.50001 0.25781999999999994
vt 0.50779 0.25781999999999994
vt 0.50001 0.26373
vt 0.50779 0.25781999999999994
vt 0.50779 0.26373
vn -0.0046922197521034326 0.011693610366534657 0.9999206181244558
vn -0.004692283592829916 0.011693547735837084 0.9999206185573104
vn 0.004692219752101712 -0.01169361036653449 -0.9999206181244558
vn 0.004692219752101989 -0.011693610366534768 -0.9999206181244559
vn 0.009566291419319167 0.9998863956219811 -0.011648258177245074
vn 0.009566291419320304 0.999886395621981 -0.011648258177245878
vn -0.00956629141931972 -0.999886395621981 0.011648258177245905
vn -0.009566291419322775 -0.9998863956219812 0.011648258177243631
vn -0.999943231728724 0.009510983639208435 -0.004803593460108057
vn -0.999943231728724 0.009510983639208435 -0.004803593460108057
vn 0.9999432309069805 -0.009511069528002847 0.004803594460675353
vn 0.9999432320310159 -0.009510984392556517 0.004803529041308708
usemtl m_611be17d-79ae-1664-e1f7-c840cb17f4df
f 122/181/61 121/182/61 123/183/61
f 122/184/62 123/185/62 124/186/62
f 126/187/63 125/188/63 127/189/63
f 126/190/64 127/191/64 128/192/64
f 129/193/65 130/194/65 131/195/65
f 131/196/66 130/197/66 132/198/66
f 133/199/67 134/200/67 135/201/67
f 135/202/68 134/203/68 136/204/68
f 138/205/69 137/206/69 132/207/69
f 138/208/70 132/209/70 139/210/70
f 141/211/71 140/212/71 142/213/71
f 141/214/72 142/215/72 143/216/72
o obj7
v -0.19344844219323876 0.4792586393963062 -0.005598129102322019
v -0.15309080895201316 0.3905116370276286 -0.0043708955024302915
v -0.20824080816355484 0.4725319482166356 -0.005588880329113116
v -0.16788317283590348 0.3837849458460693 -0.004361645177827139
v -0.20877454917808907 0.4738620882167295 0.10815203485360307
v -0.1684169159368635 0.3851150858480519 0.10937926845349479
v -0.19398218529419872 0.4805887793982888 0.10814278452899993
v -0.15362454996654754 0.39184177702772255 0.10937001968028603
v -0.20877454917808907 0.4738620882167295 0.10815203485360307
v -0.19398218529419872 0.4805887793982888 0.10814278452899993
v -0.20824080816355484 0.4725319482166356 -0.005588880329113116
v -0.19344844219323876 0.4792586393963062 -0.005598129102322019
v -0.15362454996654754 0.39184177702772255 0.10937001968028603
v -0.1684169159368635 0.3851150858480519 0.10937926845349479
v -0.15309080895201316 0.3905116370276286 -0.0043708955024302915
v -0.16788317283590348 0.3837849458460693 -0.004361645177827139
v -0.19398218529419872 0.4805887793982888 0.10814278452899993
v -0.15362454996654754 0.39184177702772255 0.10937001968028603
v -0.19344844219323876 0.4792586393963062 -0.005598129102322019
v -0.15309080895201316 0.3905116370276286 -0.0043708955024302915
v -0.20824080816355484 0.4725319482166356 -0.005588880329113116
v -0.16788317283590348 0.3837849458460693 -0.004361645177827139
v -0.20877454917808907 0.4738620882167295 0.10815203485360307
v -0.1684169159368635 0.3851150858480519 0.10937926845349479
vt 0.02734 0.35156999999999994
vt 0.02734 0.32811
vt 0.03126 0.32811
vt 0.02734 0.35156999999999994
vt 0.03126 0.32811
vt 0.03126 0.35156999999999994
vt 0.02734 0.37498
vt 0.02734 0.35156999999999994
vt 0.03126 0.35156999999999994
vt 0.02734 0.37498
vt 0.03126 0.35156999999999994
vt 0.03126 0.37498
vt 0.26952 0.10155999999999998
vt 0.26952 0.09765999999999997
vt 0.24221 0.10155999999999998
vt 0.24221 0.10155999999999998
vt 0.26952 0.09765999999999997
vt 0.24221 0.09765999999999997
vt 0.19923 0.24219999999999997
vt 0.19923 0.24609999999999999
vt 0.17186 0.24219999999999997
vt 0.17186 0.24219999999999997
vt 0.19923 0.24609999999999999
vt 0.17186 0.24609999999999999
vt 0.38281 0.46094
vt 0.38281 0.43752
vt 0.41017 0.43752
vt 0.38281 0.46094
vt 0.41017 0.43752
vt 0.41017 0.46094
vt 0.43357 0.28127
vt 0.43357 0.25781
vt 0.46094 0.25781
vt 0.43357 0.28127
vt 0.46094 0.25781
vt 0.46094 0.28127
vn -0.00469232978770362 0.0116935200979357 0.9999206186637432
vn -0.004692249981671836 0.011693573755308632 0.999920618410751
vn 0.0046922434376098785 -0.011693559364829466 -0.9999206186097493
vn 0.0046923363317746825 -0.011693534488410096 -0.999920618464745
vn -0.4139240318173487 0.9102244030623285 -0.012586975565979711
vn -0.4139239822119257 0.9102244255123725 -0.012586983375425076
vn 0.41392398224843363 -0.910224425603334 0.012586975596978689
vn 0.41392403178084747 -0.9102244029713636 0.012586983344428263
vn -0.9102993877878345 -0.41395011844636875 0.0005692375000693751
vn -0.9102993959221515 -0.41395010053594966 0.0005692539360371841
vn 0.9102993878661114 0.41395011825129424 -0.000569254181013501
vn 0.9102993958438743 0.41395010073102445 -0.0005692372550934467
usemtl m_611be17d-79ae-1664-e1f7-c840cb17f4df
f 145/217/73 144/218/73 146/219/73
f 145/220/74 146/221/74 147/222/74
f 149/223/75 148/224/75 150/225/75
f 149/226/76 150/227/76 151/228/76
f 152/229/77 153/230/77 154/231/77
f 154/232/78 153/233/78 155/234/78
f 156/235/79 157/236/79 158/237/79
f 158/238/80 157/239/80 159/240/80
f 161/241/81 160/242/81 162/243/81
f 161/244/82 162/245/82 163/246/82
f 165/247/83 164/248/83 166/249/83
f 165/250/84 166/251/84 167/252/84
o obj8
v -0.3771716946344874 0.26786014058307817 0.18290170766804473
v -0.3759517127094467 0.2648198196743653 -0.07707780610846421
v -0.37688443689676093 0.16733076482233497 -0.07594209927837389
v -0.619687877072653 0.2671381070623716 -0.07824868026170118
v -0.6206206012599673 0.1696490522103412 -0.07711297343161083
v -0.6209078589976937 0.27017842797108443 0.1817308335148077
v -0.62184058464689 0.17268937398705156 0.18286654231199778
v -0.3771716946344874 0.26786014058307817 0.18290170766804473
v -0.3781044202836837 0.17037108659904526 0.18403741646523472
v -0.6209078589976937 0.27017842797108443 0.1817308335148077
v -0.619687877072653 0.2671381070623716 -0.07824868026170118
v -0.3759517127094467 0.2648198196743653 -0.07707780610846421
v -0.3781044202836837 0.17037108659904526 0.18403741646523472
v -0.62184058464689 0.17268937398705156 0.18286654231199778
v -0.37688443689676093 0.16733076482233497 -0.07594209927837389
v -0.6206206012599673 0.1696490522103412 -0.07711297343161083
v -0.3771716946344874 0.26786014058307817 0.18290170766804473
v -0.3781044202836837 0.17037108659904526 0.18403741646523472
v -0.3759517127094467 0.2648198196743653 -0.07707780610846421
v -0.37688443689676093 0.16733076482233497 -0.07594209927837389
v -0.619687877072653 0.2671381070623716 -0.07824868026170118
v -0.6206206012599673 0.1696490522103412 -0.07711297343161083
v -0.6209078589976937 0.27017842797108443 0.1817308335148077
v -0.62184058464689 0.17268937398705156 0.18286654231199778
vt 0.36721 0.19923000000000002
vt 0.36721 0.17578000000000005
vt 0.42581 0.17578000000000005
vt 0.36721 0.19923000000000002
vt 0.42581 0.17578000000000005
vt 0.42581 0.19923000000000002
vt 0.18749 0.39063000000000003
vt 0.18749 0.36718000000000006
vt 0.24608 0.36718000000000006
vt 0.18749 0.39063000000000003
vt 0.24608 0.36718000000000006
vt 0.24608 0.39063000000000003
vt 0.1953 0.18359999999999999
vt 0.1953 0.125
vt 0.13282 0.18359999999999999
vt 0.13282 0.18359999999999999
vt 0.1953 0.125
vt 0.13282 0.125
vt 0.06248 0.16796999999999995
vt 0.06248 0.22656999999999994
vt 0 0.16796999999999995
vt 0 0.16796999999999995
vt 0.06248 0.22656999999999994
vt 0 0.22656999999999994
vt 0.36721 0.17578000000000005
vt 0.36721 0.15234000000000003
vt 0.42969 0.15234000000000003
vt 0.36721 0.17578000000000005
vt 0.42969 0.15234000000000003
vt 0.42969 0.17578000000000005
vt 0.35158 0.2851699999999999
vt 0.35158 0.26171999999999995
vt 0.41405 0.26171999999999995
vt 0.35158 0.2851699999999999
vt 0.41405 0.26171999999999995
vt 0.41405 0.2851699999999999
vn -0.0046922548336441605 0.011693551214107395 0.9999206186515903
vn -0.004692254833644438 0.011693551214106812 0.9999206186515904
vn 0.004692254638986704 -0.011693571560005667 -0.999920618414569
vn 0.004692254638986537 -0.01169357156000489 -0.999920618414569
vn 0.00956633847676225 0.9998863953394953 -0.011648243779165514
vn 0.009566338476762443 0.9998863953394951 -0.011648243779165679
vn -0.009566338491759587 -0.999886395302121 0.011648246975066586
vn -0.009566338491759583 -0.9998863953021208 0.011648246975066693
vn -0.999943231809972 0.009510988242958068 -0.004803567431725109
vn -0.9999432319269221 0.009510973198419979 -0.004803572874492067
vn 0.9999432319532818 -0.00951097326411185 0.00480356725722797
vn 0.9999432317836122 -0.009510988177267641 0.00480357304898904
usemtl m_611be17d-79ae-1664-e1f7-c840cb17f4df
f 170/253/85 169/254/85 171/255/85
f 170/256/86 171/257/86 172/258/86
f 174/259/87 173/260/87 175/261/87
f 174/262/88 175/263/88 176/264/88
f 177/265/89 168/266/89 178/267/89
f 178/268/90 168/269/90 179/270/90
f 180/271/91 181/272/91 182/273/91
f 182/274/92 181/275/92 183/276/92
f 185/277/93 184/278/93 186/279/93
f 185/280/94 186/281/94 187/282/94
f 189/283/95 188/284/95 190/285/95
f 189/286/96 190/287/96 191/288/96
o obj9
v -0.5249074405814961 0.3363810050607272 -0.013608440400261657
v -0.559129009352882 0.24508841266140435 -0.012701408792801738
v -0.5857712015734146 0.35919065504276254 -0.014160797829395666
v -0.6199927703448004 0.2678980626434396 -0.013253766221935914
v -0.5863811943100887 0.360710815932062 0.11582895926671144
v -0.6206027630814746 0.2694182235327391 0.11673599087417125
v -0.5255174312317447 0.337901165948138 0.11638131824723993
v -0.5597390000031306 0.24660857354881516 0.1172883498546998
v -0.5863811943100887 0.360710815932062 0.11582895926671144
v -0.5255174312317447 0.337901165948138 0.11638131824723993
v -0.5857712015734146 0.35919065504276254 -0.014160797829395666
v -0.5249074405814961 0.3363810050607272 -0.013608440400261657
v -0.5597390000031306 0.24660857354881516 0.1172883498546998
v -0.6206027630814746 0.2694182235327391 0.11673599087417125
v -0.559129009352882 0.24508841266140435 -0.012701408792801738
v -0.6199927703448004 0.2678980626434396 -0.013253766221935914
v -0.5255174312317447 0.337901165948138 0.11638131824723993
v -0.5597390000031306 0.24660857354881516 0.1172883498546998
v -0.5249074405814961 0.3363810050607272 -0.013608440400261657
v -0.559129009352882 0.24508841266140435 -0.012701408792801738
v -0.5857712015734146 0.35919065504276254 -0.014160797829395666
v -0.6199927703448004 0.2678980626434396 -0.013253766221935914
v -0.5863811943100887 0.360710815932062 0.11582895926671144
v -0.6206027630814746 0.2694182235327391 0.11673599087417125
vt 0.09373 0.30468000000000006
vt 0.09373 0.28123999999999993
vt 0.10936 0.28123999999999993
vt 0.09373 0.30468000000000006
vt 0.10936 0.28123999999999993
vt 0.10936 0.30468000000000006
vt 0.3203 0.49219
vt 0.3203 0.46873999999999993
vt 0.33593 0.46873999999999993
vt 0.3203 0.49219
vt 0.33593 0.46873999999999993
vt 0.33593 0.49219
vt 0.06252 0.24219000000000002
vt 0.06252 0.22655999999999998
vt 0.03125 0.24219000000000002
vt 0.03125 0.24219000000000002
vt 0.06252 0.22655999999999998
vt 0.03125 0.22655999999999998
vt 0.44142 0.45311
vt 0.44142 0.46873999999999993
vt 0.41016 0.45311
vt 0.41016 0.45311
vt 0.44142 0.46873999999999993
vt 0.41016 0.46873999999999993
vt 0.42967 0.42188000000000003
vt 0.42967 0.39844
vt 0.46094 0.39844
vt 0.42967 0.42188000000000003
vt 0.46094 0.39844
vt 0.46094 0.42188000000000003
vt 0.37501 0.30861000000000005
vt 0.37501 0.2851600000000001
vt 0.40628 0.2851600000000001
vt 0.37501 0.30861000000000005
vt 0.40628 0.2851600000000001
vt 0.40628 0.30861000000000005
vn -0.004692242801052626 0.01169356119335474 0.9999206185913526
vn -0.004692242801054791 0.01169356119335424 0.9999206185913527
vn 0.004692265006824015 -0.011693569515316499 -0.9999206183898282
vn 0.004692265006824513 -0.01169356951531719 -0.999920618389828
vn 0.35098991625935627 0.936333026021351 -0.009302852570598583
vn 0.3509899266013089 0.936333022090814 -0.00930285798510222
vn -0.3509899162852038 -0.9363330259569363 0.009302858078723705
vn -0.350989926575461 -0.9363330221552287 0.009302852476976818
vn -0.936367461759188 0.3509184575239137 -0.008497807228521117
vn -0.9363674617591882 0.3509184575239133 -0.008497807228521394
vn 0.9363674616881728 -0.350918457346935 0.008497822361982377
vn 0.9363674616881729 -0.35091845734693455 0.008497822361982155
usemtl m_611be17d-79ae-1664-e1f7-c840cb17f4df
f 193/289/97 192/290/97 194/291/97
f 193/292/98 194/293/98 195/294/98
f 197/295/99 196/296/99 198/297/99
f 197/298/100 198/299/100 199/300/100
f 200/301/101 201/302/101 202/303/101
f 202/304/102 201/305/102 203/306/102
f 204/307/103 205/308/103 206/309/103
f 206/310/104 205/311/104 207/312/104
f 209/313/105 208/314/105 210/315/105
f 209/316/106 210/317/106 211/318/106
f 213/319/107 212/320/107 214/321/107
f 213/322/108 214/323/108 215/324/108
o obj10
v -0.3596778274917962 0.1667855106856957 -0.05960342515851899
v -0.36596206099117773 0.10209421951981187 -0.058876381521916085
v -0.6022832738033749 0.19033675774317269 -0.06101730031941657
v -0.6085675067834022 0.12564546902812088 -0.060290257378294465
v -0.6033507579188695 0.1929970377452492 0.1664645284946219
v -0.6096349914182511 0.12830574657936553 0.1671915721312251
v -0.3607453100402194 0.16944578823505163 0.16787840590239483
v -0.3670295430202466 0.10475449951999978 0.16860544884351678
v -0.6033507579188695 0.1929970377452492 0.1664645284946219
v -0.3607453100402194 0.16944578823505163 0.16787840590239483
v -0.6022832738033749 0.19033675774317269 -0.06101730031941657
v -0.3596778274917962 0.1667855106856957 -0.05960342515851899
v -0.3670295430202466 0.10475449951999978 0.16860544884351678
v -0.6096349914182511 0.12830574657936553 0.1671915721312251
v -0.36596206099117773 0.10209421951981187 -0.058876381521916085
v -0.6085675067834022 0.12564546902812088 -0.060290257378294465
v -0.3607453100402194 0.16944578823505163 0.16787840590239483
v -0.3670295430202466 0.10475449951999978 0.16860544884351678
v -0.3596778274917962 0.1667855106856957 -0.05960342515851899
v -0.36596206099117773 0.10209421951981187 -0.058876381521916085
v -0.6022832738033749 0.19033675774317269 -0.06101730031941657
v -0.6085675067834022 0.12564546902812088 -0.060290257378294465
v -0.6033507579188695 0.1929970377452492 0.1664645284946219
v -0.6096349914182511 0.12830574657936553 0.1671915721312251
vt 0.40625 0.33596000000000004
vt 0.40625 0.32031
vt 0.46483 0.32031
vt 0.40625 0.33596000000000004
vt 0.46483 0.32031
vt 0.46483 0.33596000000000004
vt 0.41017 0.050799999999999956
vt 0.41017 0.035150000000000015
vt 0.46875 0.035150000000000015
vt 0.41017 0.050799999999999956
vt 0.46875 0.035150000000000015
vt 0.46875 0.050799999999999956
vt 0.22658 0.24217
vt 0.22658 0.18357999999999997
vt 0.17188 0.24217
vt 0.17188 0.24217
vt 0.22658 0.18357999999999997
vt 0.17188 0.18357999999999997
vt 0.25001 0.12497999999999998
vt 0.25001 0.18357999999999997
vt 0.19531 0.12497999999999998
vt 0.19531 0.12497999999999998
vt 0.25001 0.18357999999999997
vt 0.19531 0.18357999999999997
vt 0.42576 0.015650000000000053
vt 0.42576 0
vt 0.48047 0
vt 0.42576 0.015650000000000053
vt 0.48047 0
vt 0.48047 0.015650000000000053
vt 0.38282 0.4375
vt 0.38282 0.42185000000000006
vt 0.43748 0.42185000000000006
vt 0.38282 0.4375
vt 0.43748 0.42185000000000006
vt 0.43748 0.4375
vn -0.004692245950840668 0.011693584688180547 0.9999206183018117
vn -0.004692249678771632 0.011693574706863635 0.9999206184010445
vn 0.00469225497763992 -0.011693585564474002 -0.9999206182492044
vn 0.004692253240451693 -0.011693575052616532 -0.9999206183802873
vn 0.09668066861638208 0.9952526001307758 -0.0111852692779221
vn 0.09668065911701404 0.9952526011672812 -0.011185259159289196
vn -0.09668065842338042 -0.9952526011112607 0.011185270139414201
vn -0.09668066931001632 -0.9952526001867962 0.011185258297797233
vn -0.9953043880591379 0.09662054311867067 -0.005800496330337801
vn -0.99530438765419 0.09662054736010295 -0.0058004951643998446
vn 0.9953043880218115 -0.09662054302565269 0.00580050428456369
vn 0.9953043876054752 -0.09662054723870307 0.005800505545518142
usemtl m_611be17d-79ae-1664-e1f7-c840cb17f4df
f 217/325/109 216/326/109 218/327/109
f 217/328/110 218/329/110 219/330/110
f 221/331/111 220/332/111 222/333/111
f 221/334/112 222/335/112 223/336/112
f 224/337/113 225/338/113 226/339/113
f 226/340/114 225/341/114 227/342/114
f 228/343/115 229/344/115 230/345/115
f 230/346/116 229/347/116 231/348/116
f 233/349/117 232/350/117 234/351/117
f 233/352/118 234/353/118 235/354/118
f 237/355/119 236/356/119 238/357/119
f 237/358/120 238/359/120 239/360/120
o obj11
v -0.11581324853505028 0.26196681157776813 -0.10832616826172943
v -0.11736778742410693 0.09948526592910951 -0.10643332229530895
v -0.37579863098328814 0.26443965015092613 -0.10957510003013389
v -0.3773531678911084 0.10195810608510195 -0.10768225672629436
v -0.37732360831239 0.26824005330853967 0.2153991341344625
v -0.37887814573956463 0.1057585067918836 0.21729197813378323
v -0.11733822429708088 0.26576721228266115 0.21664806814974252
v -0.11889276318613756 0.1032856666340025 0.218540914116163
v -0.37732360831239 0.26824005330853967 0.2153991341344625
v -0.11733822429708088 0.26576721228266115 0.21664806814974252
v -0.37579863098328814 0.26443965015092613 -0.10957510003013389
v -0.11581324853505028 0.26196681157776813 -0.10832616826172943
v -0.11889276318613756 0.1032856666340025 0.218540914116163
v -0.37887814573956463 0.1057585067918836 0.21729197813378323
v -0.11736778742410693 0.09948526592910951 -0.10643332229530895
v -0.3773531678911084 0.10195810608510195 -0.10768225672629436
v -0.11733822429708088 0.26576721228266115 0.21664806814974252
v -0.11889276318613756 0.1032856666340025 0.218540914116163
v -0.11581324853505028 0.26196681157776813 -0.10832616826172943
v -0.11736778742410693 0.09948526592910951 -0.10643332229530895
v -0.37579863098328814 0.26443965015092613 -0.10957510003013389
v -0.3773531678911084 0.10195810608510195 -0.10768225672629436
v -0.37732360831239 0.26824005330853967 0.2153991341344625
v -0.37887814573956463 0.1057585067918836 0.21729197813378323
vt 0.10934 0.31248999999999993
vt 0.10934 0.27337
vt 0.1719 0.27337
vt 0.10934 0.31248999999999993
vt 0.1719 0.27337
vt 0.1719 0.31248999999999993
vt 0.03125 0.32031
vt 0.03125 0.28119000000000005
vt 0.09381 0.28119000000000005
vt 0.03125 0.32031
vt 0.09381 0.28119000000000005
vt 0.09381 0.32031
vt 0.21087 0.06244000000000005
vt 0.21087 0
vt 0.13278 0.06244000000000005
vt 0.13278 0.06244000000000005
vt 0.21087 0
vt 0.13278 0
vt 0.21087 0.06244000000000005
vt 0.21087 0.12502999999999997
vt 0.13278 0.06244000000000005
vt 0.13278 0.06244000000000005
vt 0.21087 0.12502999999999997
vt 0.13278 0.12502999999999997
vt 0.03125 0.28119000000000005
vt 0.03125 0.24222999999999995
vt 0.10934 0.24222999999999995
vt 0.03125 0.28119000000000005
vt 0.10934 0.24222999999999995
vt 0.10934 0.28119000000000005
vt 0.24222 0.039120000000000044
vt 0.24222 0
vt 0.32031 0
vt 0.24222 0.039120000000000044
vt 0.32031 0
vt 0.32031 0.039120000000000044
vn -0.004692249593554909 0.0116935740990185 0.9999206184085527
vn -0.004692259953611 0.011693557870807392 0.9999206185497177
vn 0.004692258212412537 -0.011693561972331401 -0.9999206185099233
vn 0.00469226572576914 -0.011693574252460232 -0.9999206183310558
vn 0.009566337782528384 0.9998863952076266 -0.011648255668920887
vn 0.009566328272029523 0.9998863953863885 -0.011648248134661143
vn -0.009566334550985905 -0.9998863953266665 0.011648248104498049
vn -0.009566334550985767 -0.9998863953266665 0.011648248104498271
vn -0.9999432319314554 0.00951097693568792 -0.004803564531115967
vn -0.9999432319314554 0.009510976935687782 -0.0048035645311160224
vn 0.999943232023329 -0.009510964859262618 0.004803569317181068
vn 0.999943231987212 -0.009510967873033654 0.004803570868297469
usemtl m_611be17d-79ae-1664-e1f7-c840cb17f4df
f 241/361/121 240/362/121 242/363/121
f 241/364/122 242/365/122 243/366/122
f 245/367/123 244/368/123 246/369/123
f 245/370/124 246/371/124 247/372/124
f 248/373/125 249/374/125 250/375/125
f 250/376/126 249/377/126 251/378/126
f 252/379/127 253/380/127 254/381/127
f 254/382/128 253/383/128 255/384/128
f 257/385/129 256/386/129 258/387/129
f 257/388/130 258/389/130 259/390/130
f 261/391/131 260/392/131 262/393/131
f 261/394/132 262/395/132 263/396/132
o obj12
v -0.16408517070726847 0.3610595809994269 -0.012203837278959961
v -0.16501789489458266 0.2635705261473966 -0.011068130448869631
v -0.5865619949196559 0.3650779530064683 -0.014233358740119828
v -0.5874947205688521 0.26758889902243543 -0.013097649942929668
v -0.5871719855699045 0.36659811389387914 0.11575639990738165
v -0.5881047112191007 0.26910905990984624 0.1168921087045717
v -0.16469516292458822 0.3625797443395583 0.11778591912166597
v -0.1656278850254768 0.2650906894856393 0.11892162750315069
v -0.5871719855699045 0.36659811389387914 0.11575639990738165
v -0.16469516292458822 0.3625797443395583 0.11778591912166597
v -0.5865619949196559 0.3650779530064683 -0.014233358740119828
v -0.16408517070726847 0.3610595809994269 -0.012203837278959961
v -0.1656278850254768 0.2650906894856393 0.11892162750315069
v -0.5881047112191007 0.26910905990984624 0.1168921087045717
v -0.16501789489458266 0.2635705261473966 -0.011068130448869631
v -0.5874947205688521 0.26758889902243543 -0.013097649942929668
v -0.16469516292458822 0.3625797443395583 0.11778591912166597
v -0.1656278850254768 0.2650906894856393 0.11892162750315069
v -0.16408517070726847 0.3610595809994269 -0.012203837278959961
v -0.16501789489458266 0.2635705261473966 -0.011068130448869631
v -0.5865619949196559 0.3650779530064683 -0.014233358740119828
v -0.5874947205688521 0.26758889902243543 -0.013097649942929668
v -0.5871719855699045 0.36659811389387914 0.11575639990738165
v -0.5881047112191007 0.26910905990984624 0.1168921087045717
vt 0.1719 0.30861000000000005
vt 0.1719 0.28518
vt 0.27342 0.28518
vt 0.1719 0.30861000000000005
vt 0.27342 0.28518
vt 0.27342 0.30861000000000005
vt 0.27342 0.30861000000000005
vt 0.27342 0.28518
vt 0.37501 0.28518
vt 0.27342 0.30861000000000005
vt 0.37501 0.28518
vt 0.37501 0.30861000000000005
vt 0.24221 0.10155000000000003
vt 0.24221 0
vt 0.21094 0.10155000000000003
vt 0.21094 0.10155000000000003
vt 0.24221 0
vt 0.21094 0
vt 0.03127 0.22653999999999996
vt 0.03127 0.32814
vt 0 0.22653999999999996
vt 0 0.22653999999999996
vt 0.03127 0.32814
vt 0 0.32814
vt 0.43357 0.12107999999999997
vt 0.43357 0.09763999999999995
vt 0.46484 0.09763999999999995
vt 0.43357 0.12107999999999997
vt 0.46484 0.09763999999999995
vt 0.46484 0.12107999999999997
vt 0.07031 0.45703000000000005
vt 0.07031 0.4336
vt 0.10158 0.4336
vt 0.07031 0.45703000000000005
vt 0.10158 0.4336
vt 0.10158 0.45703000000000005
vn -0.004692260503452895 0.011693551268035786 0.9999206186243534
vn -0.00469225561332337 0.01169357156927328 0.9999206184098883
vn 0.0046922550767634075 -0.01169357156416903 -0.999920618412466
vn 0.004692254072917845 -0.011693567016329898 -0.9999206184703613
vn 0.009566331626747249 0.9998863953674171 -0.011648247008045065
vn 0.009566337546388082 0.9998863950903547 -0.011648265929465468
vn -0.009566333682420103 -0.9998863951271069 0.011648265948026787
vn -0.00956633942421553 -0.9998863952932519 0.011648246970586862
vn -0.9999432321123525 0.009510951676396928 -0.0048035768871961815
vn -0.9999432319824912 0.009510973336904205 -0.004803561032646397
vn 0.9999432318213988 -0.009510988271435317 0.004803564996643417
vn 0.9999432318213989 -0.009510988271434706 0.004803564996642862
usemtl m_611be17d-79ae-1664-e1f7-c840cb17f4df
f 265/397/133 264/398/133 266/399/133
f 265/400/134 266/401/134 267/402/134
f 269/403/135 268/404/135 270/405/135
f 269/406/136 270/407/136 271/408/136
f 272/409/137 273/410/137 274/411/137
f 274/412/138 273/413/138 275/414/138
f 276/415/139 277/416/139 278/417/139
f 278/418/140 277/419/140 279/420/140
f 281/421/141 280/422/141 282/423/141
f 281/424/142 282/425/142 283/426/142
f 285/427/143 284/428/143 286/429/143
f 285/430/144 286/431/144 287/432/144
o obj13
v -0.19722942567050486 0.33802265079784477 0.07569842434640958
v -0.19843868360960346 0.24018859065062784 0.13371638107049186
v -0.5872065157757247 0.34173190211069926 0.07382502855532302
v -0.5884157737148232 0.2438978419634823 0.13184298527940522
v -0.5871714339378085 0.3665978636283539 0.11575654227478549
v -0.5883806933387892 0.2687638043491344 0.17377450096596747
v -0.19719434383258871 0.3628886123154994 0.11762993806587212
v -0.1984036032335692 0.2650545530362799 0.175647896757054
v -0.5871714339378085 0.3665978636283539 0.11575654227478549
v -0.19719434383258871 0.3628886123154994 0.11762993806587212
v -0.5872065157757247 0.34173190211069926 0.07382502855532302
v -0.19722942567050486 0.33802265079784477 0.07569842434640958
v -0.1984036032335692 0.2650545530362799 0.175647896757054
v -0.5883806933387892 0.2687638043491344 0.17377450096596747
v -0.19843868360960346 0.24018859065062784 0.13371638107049186
v -0.5884157737148232 0.2438978419634823 0.13184298527940522
v -0.19719434383258871 0.3628886123154994 0.11762993806587212
v -0.1984036032335692 0.2650545530362799 0.175647896757054
v -0.19722942567050486 0.33802265079784477 0.07569842434640958
v -0.19843868360960346 0.24018859065062784 0.13371638107049186
v -0.5872065157757247 0.34173190211069926 0.07382502855532302
v -0.5884157737148232 0.2438978419634823 0.13184298527940522
v -0.5871714339378085 0.3665978636283539 0.11575654227478549
v -0.5883806933387892 0.2687638043491344 0.17377450096596747
vt 0.24217 0.08201000000000003
vt 0.24217 0.054690000000000016
vt 0.33593 0.054690000000000016
vt 0.24217 0.08201000000000003
vt 0.33593 0.054690000000000016
vt 0.33593 0.08201000000000003
vt 0.10938 0.27342
vt 0.10938 0.24609999999999999
vt 0.20314 0.24609999999999999
vt 0.10938 0.27342
vt 0.20314 0.24609999999999999
vt 0.20314 0.27342
vt 0.28124 0.46096000000000004
vt 0.28124 0.36719
vt 0.26952 0.46096000000000004
vt 0.26952 0.46096000000000004
vt 0.28124 0.36719
vt 0.26952 0.36719
vt 0.16798 0.4023300000000001
vt 0.16798 0.4960899999999999
vt 0.15626 0.4023300000000001
vt 0.15626 0.4023300000000001
vt 0.16798 0.4960899999999999
vt 0.15626 0.4960899999999999
vt 0.34765 0.4960899999999999
vt 0.34765 0.46877
vt 0.35937 0.46877
vt 0.34765 0.4960899999999999
vt 0.35937 0.46877
vt 0.35937 0.4960899999999999
vt 0.33593 0.4960899999999999
vt 0.33593 0.46877
vt 0.34765 0.46877
vt 0.33593 0.4960899999999999
vt 0.34765 0.46877
vt 0.34765 0.4960899999999999
vn 0.0007195569557527093 0.5100703505877365 0.8601323849786677
vn 0.0007195569557524318 0.5100703505877361 0.8601323849786682
vn -0.0007195571551592006 -0.5100703667206092 -0.860132375411485
vn -0.0007195571551594782 -0.5100703667206086 -0.8601323754114855
vn 0.010630818039957753 0.8600801330904289 -0.5100481843619792
vn 0.010630818039957773 0.8600801330904289 -0.5100481843619792
vn -0.010630818043977053 -0.8600801359395914 0.5100481795574316
vn -0.010630818043977109 -0.8600801359395917 0.5100481795574314
vn -0.9999432318921593 0.009510989308998744 -0.004803548212290955
vn -0.9999432320502251 0.009510962982880374 -0.004803567433526724
vn 0.9999432320286645 -0.009510978265144548 0.004803541663020716
vn 0.9999432319137197 -0.00951097402673204 0.004803573982799515
usemtl m_611be17d-79ae-1664-e1f7-c840cb17f4df
f 289/433/145 288/434/145 290/435/145
f 289/436/146 290/437/146 291/438/146
f 293/439/147 292/440/147 294/441/147
f 293/442/148 294/443/148 295/444/148
f 296/445/149 297/446/149 298/447/149
f 298/448/150 297/449/150 299/450/150
f 300/451/151 301/452/151 302/453/151
f 302/454/152 301/455/152 303/456/152
f 305/457/153 304/458/153 306/459/153
f 305/460/154 306/461/154 307/462/154
f 309/463/155 308/464/155 310/465/155
f 309/466/156 310/467/156 311/468/156
o obj14
v -0.2153475524692928 0.47602525725627487 -0.013788859897088418
v -0.1615374183485142 0.3576960174955066 -0.01215254786320194
v -0.46681770881115536 0.36167155862023825 -0.013631605021390075
v -0.41300757374784935 0.24334231554064087 -0.011995294259121742
v -0.46742770008594753 0.3631917186415404 0.11635815010761746
v -0.4136175638787434 0.2448624788788835 0.1179944636928984
v -0.21595754311954135 0.4775454181436857 0.1162008987504131
v -0.16214740899876273 0.3592161783829174 0.11783721078429958
v -0.46742770008594753 0.3631917186415404 0.11635815010761746
v -0.21595754311954135 0.4775454181436857 0.1162008987504131
v -0.46681770881115536 0.36167155862023825 -0.013631605021390075
v -0.2153475524692928 0.47602525725627487 -0.013788859897088418
v -0.16214740899876273 0.3592161783829174 0.11783721078429958
v -0.4136175638787434 0.2448624788788835 0.1179944636928984
v -0.1615374183485142 0.3576960174955066 -0.01215254786320194
v -0.41300757374784935 0.24334231554064087 -0.011995294259121742
v -0.21595754311954135 0.4775454181436857 0.1162008987504131
v -0.16214740899876273 0.3592161783829174 0.11783721078429958
v -0.2153475524692928 0.47602525725627487 -0.013788859897088418
v -0.1615374183485142 0.3576960174955066 -0.01215254786320194
v -0.46681770881115536 0.36167155862023825 -0.013631605021390075
v -0.41300757374784935 0.24334231554064087 -0.011995294259121742
v -0.46742770008594753 0.3631917186415404 0.11635815010761746
v -0.4136175638787434 0.2448624788788835 0.1179944636928984
vt 0.32027 0.03120999999999996
vt 0.32027 0
vt 0.38677 0
vt 0.32027 0.03120999999999996
vt 0.38677 0
vt 0.38677 0.03120999999999996
vt 0.336 0.08589000000000002
vt 0.336 0.05467999999999995
vt 0.40234 0.05467999999999995
vt 0.336 0.08589000000000002
vt 0.40234 0.05467999999999995
vt 0.40234 0.08589000000000002
vt 0.10162 0.43365
vt 0.10162 0.36724
vt 0.07031 0.43365
vt 0.07031 0.43365
vt 0.10162 0.36724
vt 0.07031 0.36724
vt 0.13276 0.36724
vt 0.13276 0.43365
vt 0.10162 0.36724
vt 0.10162 0.36724
vt 0.13276 0.43365
vt 0.10162 0.43365
vt 0.33211 0.45313000000000003
vt 0.33211 0.42191
vt 0.36325 0.42191
vt 0.33211 0.45313000000000003
vt 0.36325 0.42191
vt 0.36325 0.45313000000000003
vt 0.3008 0.45313000000000003
vt 0.3008 0.42191
vt 0.33211 0.42191
vt 0.3008 0.45313000000000003
vt 0.33211 0.42191
vt 0.33211 0.45313000000000003
vn -0.004692250089556371 0.011693572417195652 0.9999206184258933
vn -0.004692250235721618 0.011693561241587658 0.9999206185559006
vn 0.00469226661455141 -0.011693577927368831 -0.9999206182839089
vn 0.004692256627082169 -0.011693569444317096 -0.9999206184299814
vn -0.4139239195986141 0.9102244542071873 -0.012586967361054024
vn -0.41392391798109446 0.9102244548910939 -0.0125869710967762
vn 0.4139239224969068 -0.9102244528375707 0.012586971093952185
vn 0.41392392909525666 -0.91022444962169 0.012586986662286581
vn -0.9102993945896629 -0.4139501034719288 0.0005692497453719803
vn -0.9102993945896631 -0.41395010347192873 0.0005692497453721469
vn 0.9102993961964427 0.4139500999483834 -0.0005692425803375811
vn 0.9102993886013252 0.4139501166246292 -0.0005692613719280316
usemtl m_611be17d-79ae-1664-e1f7-c840cb17f4df
f 313/469/157 312/470/157 314/471/157
f 313/472/158 314/473/158 315/474/158
f 317/475/159 316/476/159 318/477/159
f 317/478/160 318/479/160 319/480/160
f 320/481/161 321/482/161 322/483/161
f 322/484/162 321/485/162 323/486/162
f 324/487/163 325/488/163 326/489/163
f 326/490/164 325/491/164 327/492/164
f 329/493/165 328/494/165 330/495/165
f 329/496/166 330/497/166 331/498/166
f 333/499/167 332/500/167 334/501/167
f 333/502/168 334/503/168 335/504/168
o obj15
v 0.25613450985275177 0.11312863759326 -0.023583704621671406
v 0.25551269670907256 0.048136154149127336 -0.02282656757178489
v -0.44257527109225303 0.11977438680884536 -0.026940208280295586
v -0.44319708423593224 0.05478190336471271 -0.026183071230409027
v -0.4433377594971268 0.12167458961306807 0.13554690845426198
v -0.4439595731601604 0.05668210371810352 0.1363040461996297
v 0.2553720214478781 0.1150288403974827 0.13890341211288615
v 0.2547502077848445 0.05003635450251817 0.1396605498582539
v -0.4433377594971268 0.12167458961306807 0.13554690845426198
v 0.2553720214478781 0.1150288403974827 0.13890341211288615
v -0.44257527109225303 0.11977438680884536 -0.026940208280295586
v 0.25613450985275177 0.11312863759326 -0.023583704621671406
v 0.2547502077848445 0.05003635450251817 0.1396605498582539
v -0.4439595731601604 0.05668210371810352 0.1363040461996297
v 0.25551269670907256 0.048136154149127336 -0.02282656757178489
v -0.44319708423593224 0.05478190336471271 -0.026183071230409027
v 0.2553720214478781 0.1150288403974827 0.13890341211288615
v 0.2547502077848445 0.05003635450251817 0.1396605498582539
v 0.25613450985275177 0.11312863759326 -0.023583704621671406
v 0.25551269670907256 0.048136154149127336 -0.02282656757178489
v -0.44257527109225303 0.11977438680884536 -0.026940208280295586
v -0.44319708423593224 0.05478190336471271 -0.026183071230409027
v -0.4433377594971268 0.12167458961306807 0.13554690845426198
v -0.4439595731601604 0.05668210371810352 0.1363040461996297
vt 0.21097 0.11717
vt 0.21097 0.10156999999999994
vt 0.37893 0.10156999999999994
vt 0.21097 0.11717
vt 0.37893 0.10156999999999994
vt 0.37893 0.11717
vt 0.24221 0.054710000000000036
vt 0.24221 0.039059999999999984
vt 0.41018 0.039059999999999984
vt 0.24221 0.054710000000000036
vt 0.41018 0.039059999999999984
vt 0.41018 0.054710000000000036
vt 0.03904 0.16795000000000004
vt 0.03904 0
vt 0 0.16795000000000004
vt 0 0.16795000000000004
vt 0.03904 0
vt 0 0
vt 0.07814 0
vt 0.07814 0.16795000000000004
vt 0.03904 0
vt 0.03904 0
vt 0.07814 0.16795000000000004
vt 0.03904 0.16795000000000004
vt 0.43752 0.43753
vt 0.43752 0.42186999999999997
vt 0.47656 0.42186999999999997
vt 0.43752 0.43753
vt 0.47656 0.42186999999999997
vt 0.47656 0.43753
vt 0.41018 0.45313000000000003
vt 0.41018 0.43753
vt 0.44922 0.43753
vt 0.41018 0.45313000000000003
vt 0.44922 0.43753
vt 0.44922 0.45313000000000003
vn -0.004692255237555231 0.011693577669245723 0.9999206183403155
vn -0.004692255237555176 0.01169357766924567 0.9999206183403155
vn 0.00469225513906535 -0.011693587963542031 -0.9999206182203911
vn 0.004692255139065293 -0.011693587963541863 -0.999920618220391
vn 0.00956633475983365 0.9998863951480736 -0.011648263263387998
vn 0.009566334759833569 0.9998863951480738 -0.01164826326338786
vn -0.0095663346886955 -0.9998863953253567 0.01164824810383669
vn -0.009566334688695582 -0.9998863953253567 0.011648248103836634
vn -0.9999432320082444 0.009510967197106202 -0.004803567828408739
vn -0.9999432320665278 0.009510959582892803 -0.004803570771720667
vn 0.999943232080754 -0.00951095961834589 0.004803567740119475
vn 0.9999432319940182 -0.009510967161653144 0.0048035708600103755
usemtl m_611be17d-79ae-1664-e1f7-c840cb17f4df
f 337/505/169 336/506/169 338/507/169
f 337/508/170 338/509/170 339/510/170
f 341/511/171 340/512/171 342/513/171
f 341/514/172 342/515/172 343/516/172
f 344/517/173 345/518/173 346/519/173
f 346/520/174 345/521/174 347/522/174
f 348/523/175 349/524/175 350/525/175
f 350/526/176 349/527/176 351/528/176
f 353/529/177 352/530/177 354/531/177
f 353/532/178 354/533/178 355/534/178
f 357/535/179 356/536/179 358/537/179
f 357/538/180 358/539/180 359/540/180
o obj16
v -0.05336256362155969 0.11796174293012135 0.1374280021324979
v -0.05382892441232681 0.0692172167285778 0.13799585597549974
v -0.08586072685503264 0.11827084784822911 0.1372718858598201
v -0.08632708764579976 0.0695263216466856 0.13783973970282193
v -0.08631821933649081 0.11941097085438304 0.234764281510809
v -0.08678458064661237 0.07066644220200761 0.23533213604929204
v -0.05382005610301786 0.11910186593627527 0.23492039778348678
v -0.05428641887502144 0.07035733815189729 0.23548825428906955
v -0.08631821933649081 0.11941097085438304 0.234764281510809
v -0.05382005610301786 0.11910186593627527 0.23492039778348678
v -0.08586072685503264 0.11827084784822911 0.1372718858598201
v -0.05336256362155969 0.11796174293012135 0.1374280021324979
v -0.05428641887502144 0.07035733815189729 0.23548825428906955
v -0.08678458064661237 0.07066644220200761 0.23533213604929204
v -0.05382892441232681 0.0692172167285778 0.13799585597549974
v -0.08632708764579976 0.0695263216466856 0.13783973970282193
v -0.05382005610301786 0.11910186593627527 0.23492039778348678
v -0.05428641887502144 0.07035733815189729 0.23548825428906955
v -0.05336256362155969 0.11796174293012135 0.1374280021324979
v -0.05382892441232681 0.0692172167285778 0.13799585597549974
v -0.08586072685503264 0.11827084784822911 0.1372718858598201
v -0.08632708764579976 0.0695263216466856 0.13783973970282193
v -0.08631821933649081 0.11941097085438304 0.234764281510809
v -0.08678458064661237 0.07066644220200761 0.23533213604929204
vt 0.1953 0.28515
vt 0.1953 0.27342
vt 0.20311 0.27342
vt 0.1953 0.28515
vt 0.20311 0.27342
vt 0.20311 0.28515
vt 0.28127 0.42186999999999997
vt 0.28127 0.41013999999999995
vt 0.28908 0.41013999999999995
vt 0.28127 0.42186999999999997
vt 0.28908 0.41013999999999995
vt 0.28908 0.42186999999999997
vt 0.09375 0.36717
vt 0.09375 0.35935000000000006
vt 0.07031 0.36717
vt 0.07031 0.36717
vt 0.09375 0.35935000000000006
vt 0.07031 0.35935000000000006
vt 0.38672 0.03125
vt 0.38672 0.03907000000000005
vt 0.36329 0.03125
vt 0.36329 0.03125
vt 0.38672 0.03907000000000005
vt 0.36329 0.03907000000000005
vt 0.39844 0.15232999999999997
vt 0.39844 0.14060000000000006
vt 0.42188 0.14060000000000006
vt 0.39844 0.15232999999999997
vt 0.42188 0.14060000000000006
vt 0.42188 0.15232999999999997
vt 0.17186 0.28515
vt 0.17186 0.27342
vt 0.1953 0.27342
vt 0.17186 0.28515
vt 0.1953 0.27342
vt 0.1953 0.28515
vn -0.00469224497170595 0.011693560066299402 0.999920618594347
vn -0.004692244971706172 0.011693560066299263 0.9999206185943469
vn 0.004692244840386661 -0.01169357379198227 -0.9999206184344483
vn 0.004692305492304205 -0.011693615064372442 -0.9999206176671692
vn 0.009566334050704173 0.9998863951708642 -0.011648261889436573
vn 0.009566334050704173 0.9998863951708642 -0.011648261889436573
vn -0.009566308404337087 -0.9998863956098571 0.011648245268770147
vn -0.009566333932141874 -0.9998863954663353 0.011648236623550134
vn -0.9999432318761967 0.009510986932809495 -0.004803556239998064
vn -0.9999432321654926 0.009510946635871875 -0.004803575805305771
vn 0.9999432322594952 -0.009510946870135957 0.004803555773284674
vn 0.999943232139106 -0.00951095691602813 0.004803560943666296
usemtl m_611be17d-79ae-1664-e1f7-c840cb17f4df
f 361/541/181 360/542/181 362/543/181
f 361/544/182 362/545/182 363/546/182
f 365/547/183 364/548/183 366/549/183
f 365/550/184 366/551/184 367/552/184
f 368/553/185 369/554/185 370/555/185
f 370/556/186 369/557/186 371/558/186
f 372/559/187 373/560/187 374/561/187
f 374/562/188 373/563/188 375/564/188
f 377/565/189 376/566/189 378/567/189
f 377/568/190 378/569/190 379/570/190
f 381/571/191 380/572/191 382/573/191
f 381/574/192 382/575/192 383/576/192
o obj17
v 0.01163374750825745 0.11734353325650965 0.13774023351766215
v 0.011167385255608439 0.06859900792296349 0.13830808932776353
v -0.020864415725215378 0.11765263817461735 0.13758411724498418
v -0.021330776515982502 0.06890811197307381 0.13815197108798602
v -0.021321910187910006 0.11879275959793684 0.23507651555855402
v -0.021788270978677 0.07004823339639323 0.2356443694015557
v 0.01117625304556294 0.11848365467982906 0.23523263183123183
v 0.010709892254795933 0.06973912847828545 0.23580048567423348
v -0.021321910187910006 0.11879275959793684 0.23507651555855402
v 0.01117625304556294 0.11848365467982906 0.23523263183123183
v -0.020864415725215378 0.11765263817461735 0.13758411724498418
v 0.01163374750825745 0.11734353325650965 0.13774023351766215
v 0.010709892254795933 0.06973912847828545 0.23580048567423348
v -0.021788270978677 0.07004823339639323 0.2356443694015557
v 0.011167385255608439 0.06859900792296349 0.13830808932776353
v -0.021330776515982502 0.06890811197307381 0.13815197108798602
v 0.01117625304556294 0.11848365467982906 0.23523263183123183
v 0.010709892254795933 0.06973912847828545 0.23580048567423348
v 0.01163374750825745 0.11734353325650965 0.13774023351766215
v 0.011167385255608439 0.06859900792296349 0.13830808932776353
v -0.020864415725215378 0.11765263817461735 0.13758411724498418
v -0.021330776515982502 0.06890811197307381 0.13815197108798602
v -0.021321910187910006 0.11879275959793684 0.23507651555855402
v -0.021788270978677 0.07004823339639323 0.2356443694015557
vt 0.42188 0.15232999999999997
vt 0.42188 0.14061999999999997
vt 0.4297 0.14061999999999997
vt 0.42188 0.15232999999999997
vt 0.4297 0.14061999999999997
vt 0.4297 0.15232999999999997
vt 0.08984 0.50781
vt 0.08984 0.49611000000000005
vt 0.09766 0.49611000000000005
vt 0.08984 0.50781
vt 0.09766 0.49611000000000005
vt 0.09766 0.50781
vt 0.4297 0.34373999999999993
vt 0.4297 0.33594
vt 0.40626 0.34373999999999993
vt 0.40626 0.34373999999999993
vt 0.4297 0.33594
vt 0.40626 0.33594
vt 0.14843 0.48827
vt 0.14843 0.49611000000000005
vt 0.125 0.48827
vt 0.125 0.48827
vt 0.14843 0.49611000000000005
vt 0.125 0.49611000000000005
vt 0.47657 0.42968000000000006
vt 0.47657 0.41798
vt 0.5 0.41798
vt 0.47657 0.42968000000000006
vt 0.5 0.41798
vt 0.5 0.42968000000000006
vt 0.125 0.48827
vt 0.125 0.47656999999999994
vt 0.14843 0.47656999999999994
vt 0.125 0.48827
vt 0.14843 0.47656999999999994
vt 0.14843 0.48827
vn -0.004692244582395977 0.011693600758092643 0.9999206181203033
vn -0.00469230601293813 0.011693560646892143 0.9999206183011121
vn 0.0046922449717058945 -0.011693560066295766 -0.9999206185943469
vn 0.0046922449717058945 -0.011693560066295766 -0.9999206185943469
vn 0.00956633397213344 0.9998863953666706 -0.011648245145946201
vn 0.009566333972131247 0.9998863953666706 -0.011648245145945563
vn -0.009566333932141013 -0.9998863954663353 0.011648236623549663
vn -0.009566308404337087 -0.9998863956098573 0.011648245268769508
vn -0.9999432321654927 0.00951094663586921 -0.004803575805304605
vn -0.9999432319491659 0.009510976768739356 -0.004803561174940464
vn 0.9999432321654926 -0.009510946635871792 0.004803575805305715
vn 0.9999432321654926 -0.00951094663586921 0.004803575805304272
usemtl m_611be17d-79ae-1664-e1f7-c840cb17f4df
f 385/577/193 384/578/193 386/579/193
f 385/580/194 386/581/194 387/582/194
f 389/583/195 388/584/195 390/585/195
f 389/586/196 390/587/196 391/588/196
f 392/589/197 393/590/197 394/591/197
f 394/592/198 393/593/198 395/594/198
f 396/595/199 397/596/199 398/597/199
f 398/598/200 397/599/200 399/600/200
f 401/601/201 400/602/201 402/603/201
f 401/604/202 402/605/202 403/606/202
f 405/607/203 404/608/203 406/609/203
f 405/610/204 406/611/204 407/612/204
o obj18
v 0.07663005717619281 0.11672532445089526 0.13805246686992578
v 0.07616369586607137 0.06798079579851976 0.13862032140840866
v 0.04413189394271984 0.11703442936900303 0.13789635059724797
v 0.04366553263259827 0.06828990071662763 0.13846420513573104
v 0.043674403028332906 0.1181745499224364 0.23538874849511254
v 0.0432080386892581 0.06943002459077899 0.2359566027538197
v 0.0761725647999238 0.11786544587232609 0.23554486673489006
v 0.07570620192273106 0.06912091967267117 0.23611271902649753
v 0.043674403028332906 0.1181745499224364 0.23538874849511254
v 0.0761725647999238 0.11786544587232609 0.23554486673489006
v 0.04413189394271984 0.11703442936900303 0.13789635059724797
v 0.07663005717619281 0.11672532445089526 0.13805246686992578
v 0.07570620192273106 0.06912091967267117 0.23611271902649753
v 0.0432080386892581 0.06943002459077899 0.2359566027538197
v 0.07616369586607137 0.06798079579851976 0.13862032140840866
v 0.04366553263259827 0.06828990071662763 0.13846420513573104
v 0.0761725647999238 0.11786544587232609 0.23554486673489006
v 0.07570620192273106 0.06912091967267117 0.23611271902649753
v 0.07663005717619281 0.11672532445089526 0.13805246686992578
v 0.07616369586607137 0.06798079579851976 0.13862032140840866
v 0.04413189394271984 0.11703442936900303 0.13789635059724797
v 0.04366553263259827 0.06828990071662763 0.13846420513573104
v 0.043674403028332906 0.1181745499224364 0.23538874849511254
v 0.0432080386892581 0.06943002459077899 0.2359566027538197
vt 0.125 0.50781
vt 0.125 0.49615
vt 0.13275 0.49615
vt 0.125 0.50781
vt 0.13275 0.49615
vt 0.13275 0.50781
vt 0.13275 0.50781
vt 0.13275 0.49615
vt 0.14068 0.49615
vt 0.13275 0.50781
vt 0.14068 0.49615
vt 0.14068 0.50781
vt 0.51172 0.2577499999999999
vt 0.51172 0.25005999999999995
vt 0.48829 0.2577499999999999
vt 0.48829 0.2577499999999999
vt 0.51172 0.25005999999999995
vt 0.48829 0.25005999999999995
vt 0.2852 0.48821000000000003
vt 0.2852 0.49615
vt 0.26178 0.48821000000000003
vt 0.26178 0.48821000000000003
vt 0.2852 0.49615
vt 0.26178 0.49615
vt 0.48055 0.011660000000000004
vt 0.48055 0
vt 0.50397 0
vt 0.48055 0.011660000000000004
vt 0.50397 0
vt 0.50397 0.011660000000000004
vt 0.4609 0.48821000000000003
vt 0.4609 0.47655000000000003
vt 0.48433 0.47655000000000003
vt 0.4609 0.48821000000000003
vt 0.48433 0.47655000000000003
vt 0.48433 0.48821000000000003
vn -0.004692244840386772 0.011693573791978717 0.9999206184344483
vn -0.004692244840381887 0.011693573791982104 0.9999206184344482
vn 0.004692305926105866 -0.011693569722651814 -0.9999206181953832
vn 0.004692245274190765 -0.011693528450259089 -0.9999206189626604
vn 0.00956630836434419 0.999886395709522 -0.011648236746373136
vn 0.009566333972133356 0.9998863953666706 -0.011648245145945979
vn -0.009566334090697348 -0.9998863950711991 0.01164827041183275
vn -0.009566334090699541 -0.9998863950711991 0.011648270411831974
vn -0.9999432318553877 0.009510989831329501 -0.004803554832684242
vn -0.9999432320925241 0.009510956799937884 -0.004803570870362874
vn 0.9999432322398697 -0.00951095716714301 0.004803539470761121
vn 0.9999432314917137 -0.009511019596998906 0.00480357160192202
usemtl m_611be17d-79ae-1664-e1f7-c840cb17f4df
f 409/613/205 408/614/205 410/615/205
f 409/616/206 410/617/206 411/618/206
f 413/619/207 412/620/207 414/621/207
f 413/622/208 414/623/208 415/624/208
f 416/625/209 417/626/209 418/627/209
f 418/628/210 417/629/210 419/630/210
f 420/631/211 421/632/211 422/633/211
f 422/634/212 421/635/212 423/636/212
f 425/637/213 424/638/213 426/639/213
f 425/640/214 426/641/214 427/642/214
f 429/643/215 428/644/215 430/645/215
f 429/646/216 430/647/216 431/648/216
o obj19
v 0.256754018718227 0.16149310625324295 -0.05664884561812118
v 0.25613220557454786 0.09650062280911027 -0.05589170856823465
v -0.1169748593028423 0.16504781483020423 -0.05844418598434108
v -0.1175966735904194 0.10005532806913082 -0.0576870517574676
v -0.1180423424758091 0.16770809151345137 0.16903764155807868
v -0.11866415561948813 0.10271560806931863 0.16979477860796505
v 0.2556865366891582 0.16415338625343084 0.17083298474731168
v 0.25506472145905346 0.09916090281118682 0.17159012024580386
v -0.1180423424758091 0.16770809151345137 0.16903764155807868
v 0.2556865366891582 0.16415338625343084 0.17083298474731168
v -0.1169748593028423 0.16504781483020423 -0.05844418598434108
v 0.256754018718227 0.16149310625324295 -0.05664884561812118
v 0.25506472145905346 0.09916090281118682 0.17159012024580386
v -0.11866415561948813 0.10271560806931863 0.16979477860796505
v 0.25613220557454786 0.09650062280911027 -0.05589170856823465
v -0.1175966735904194 0.10005532806913082 -0.0576870517574676
v 0.2556865366891582 0.16415338625343084 0.17083298474731168
v 0.25506472145905346 0.09916090281118682 0.17159012024580386
v 0.256754018718227 0.16149310625324295 -0.05664884561812118
v 0.25613220557454786 0.09650062280911027 -0.05589170856823465
v -0.1169748593028423 0.16504781483020423 -0.05844418598434108
v -0.1175966735904194 0.10005532806913082 -0.0576870517574676
v -0.1180423424758091 0.16770809151345137 0.16903764155807868
v -0.11866415561948813 0.10271560806931863 0.16979477860796505
vt 0.24225 0.09762000000000004
vt 0.24225 0.08199999999999996
vt 0.33207 0.08199999999999996
vt 0.24225 0.09762000000000004
vt 0.33207 0.08199999999999996
vt 0.33207 0.09762000000000004
vt 0.33207 0.10155000000000003
vt 0.33207 0.08593000000000006
vt 0.4219 0.08593000000000006
vt 0.33207 0.10155000000000003
vt 0.4219 0.08593000000000006
vt 0.4219 0.10155000000000003
vt 0.13277 0.08986000000000005
vt 0.13277 0
vt 0.07812 0.08986000000000005
vt 0.07812 0.08986000000000005
vt 0.13277 0
vt 0.07812 0
vt 0.13277 0.08986000000000005
vt 0.13277 0.17972
vt 0.07812 0.08986000000000005
vt 0.07812 0.08986000000000005
vt 0.13277 0.17972
vt 0.07812 0.17972
vt 0.42583 0.19140999999999997
vt 0.42583 0.17579
vt 0.48047 0.17579
vt 0.42583 0.19140999999999997
vt 0.48047 0.17579
vt 0.48047 0.19140999999999997
vt 0.42583 0.03122999999999998
vt 0.42583 0.015619999999999967
vt 0.48047 0.015619999999999967
vt 0.42583 0.03122999999999998
vt 0.48047 0.015619999999999967
vt 0.48047 0.03122999999999998
vn -0.004692253372686805 0.011693577651508025 0.9999206183492741
vn -0.004692261434641742 0.011693533787427546 0.9999206188244101
vn 0.004692261014280385 -0.011693577724188385 -0.999920618312565
vn 0.004692257117074383 -0.011693553972855458 -0.999920618608613
vn 0.009566330605636497 0.9998863954770592 -0.011648238434962405
vn 0.009566339488133123 0.9998863952238757 -0.01164825287333862
vn -0.00956633067358892 -0.999886395307715 0.011648252915682363
vn -0.009566330673589307 -0.999886395307715 0.011648252915681945
vn -0.9999432317960276 0.00951099188509283 -0.004803563123128297
vn -0.9999432320609958 0.009510959569106442 -0.004803571950605268
vn 0.9999432319152627 -0.009510976937636223 0.004803567898054972
vn 0.9999432321041803 -0.009510959676725245 0.0048035627479140475
usemtl m_611be17d-79ae-1664-e1f7-c840cb17f4df
f 433/649/217 432/650/217 434/651/217
f 433/652/218 434/653/218 435/654/218
f 437/655/219 436/656/219 438/657/219
f 437/658/220 438/659/220 439/660/220
f 440/661/221 441/662/221 442/663/221
f 442/664/222 441/665/222 443/666/222
f 444/667/223 445/668/223 446/669/223
f 446/670/224 445/671/224 447/672/224
f 449/673/225 448/674/225 450/675/225
f 449/676/226 450/677/226 451/678/226
f 453/679/227 452/680/227 454/681/227
f 453/682/228 454/683/228 455/684/228
o obj20
v -0.1640091113860877 0.36086964076200756 -0.028452490057582894
v -0.04416037512058874 0.14864081176619973 -0.025408173966715845
v -0.24890826205095662 0.3129281694269712 -0.028290238494571324
v -0.12905952578545737 0.10069934043116321 -0.025245922403704622
v -0.2496707509751846 0.314828369780362 0.1341968789354673
v -0.12982201470968563 0.10259954078455412 0.13724119502633433
v -0.1647715982238902 0.36276984111350974 0.13403462892385026
v -0.04492286404481686 0.15054101211959056 0.13707894346332294
v -0.2496707509751846 0.314828369780362 0.1341968789354673
v -0.1647715982238902 0.36276984111350974 0.13403462892385026
v -0.24890826205095662 0.3129281694269712 -0.028290238494571324
v -0.1640091113860877 0.36086964076200756 -0.028452490057582894
v -0.04492286404481686 0.15054101211959056 0.13707894346332294
v -0.12982201470968563 0.10259954078455412 0.13724119502633433
v -0.04416037512058874 0.14864081176619973 -0.025408173966715845
v -0.12905952578545737 0.10069934043116321 -0.025245922403704622
v -0.1647715982238902 0.36276984111350974 0.13403462892385026
v -0.04492286404481686 0.15054101211959056 0.13707894346332294
v -0.1640091113860877 0.36086964076200756 -0.028452490057582894
v -0.04416037512058874 0.14864081176619973 -0.025408173966715845
v -0.24890826205095662 0.3129281694269712 -0.028290238494571324
v -0.12905952578545737 0.10069934043116321 -0.025245922403704622
v -0.2496707509751846 0.314828369780362 0.1341968789354673
v -0.12982201470968563 0.10259954078455412 0.13724119502633433
vt 0.24615 0.42578000000000005
vt 0.24615 0.36722
vt 0.26959 0.36722
vt 0.24615 0.42578000000000005
vt 0.26959 0.36722
vt 0.26959 0.42578000000000005
vt 0.37113 0.40242
vt 0.37113 0.34369000000000005
vt 0.39457 0.34369000000000005
vt 0.37113 0.40242
vt 0.39457 0.34369000000000005
vt 0.39457 0.40242
vt 0.40629 0.22260999999999997
vt 0.40629 0.19925000000000004
vt 0.36717 0.22260999999999997
vt 0.36717 0.22260999999999997
vt 0.40629 0.19925000000000004
vt 0.36717 0.19925000000000004
vt 0.46094 0.07421999999999995
vt 0.46094 0.09758
vt 0.42182 0.07421999999999995
vt 0.42182 0.07421999999999995
vt 0.46094 0.09758
vt 0.42182 0.09758
vt 0.17188 0.36722
vt 0.17188 0.30865
vt 0.21099 0.30865
vt 0.17188 0.36722
vt 0.21099 0.30865
vt 0.21099 0.36722
vt 0.28908 0.23051
vt 0.28908 0.17193999999999998
vt 0.32806 0.17193999999999998
vt 0.28908 0.23051
vt 0.32806 0.17193999999999998
vt 0.32806 0.23051
vn -0.0046922551181161065 0.011693574307155286 0.9999206183801941
vn -0.004692255118118327 0.011693574307152482 0.9999206183801941
vn 0.0046922688846604 -0.011693566533362898 -0.9999206184065033
vn 0.004692252008720199 -0.011693568801015963 -0.9999206184591769
vn -0.4916871234624352 0.8706823679859795 -0.01248946354185565
vn -0.49168713284227505 0.8706823627817077 -0.01248945708210586
vn 0.4916871328120468 -0.8706823627063727 0.012489463523988272
vn 0.491687132812048 -0.870682362706372 0.012489463523989108
vn -0.8707593039282706 -0.491706686260984 0.0016641239725631862
vn -0.8707593002182356 -0.4917066928685016 0.001664112907811044
vn 0.8707593002182352 0.4917066928685021 -0.001664112907811377
vn 0.8707593002182356 0.49170669286850166 -0.0016641129078105998
usemtl m_611be17d-79ae-1664-e1f7-c840cb17f4df
f 457/685/229 456/686/229 458/687/229
f 457/688/230 458/689/230 459/690/230
f 461/691/231 460/692/231 462/693/231
f 461/694/232 462/695/232 463/696/232
f 464/697/233 465/698/233 466/699/233
f 466/700/234 465/701/234 467/702/234
f 468/703/235 469/704/235 470/705/235
f 470/706/236 469/707/236 471/708/236
f 473/709/237 472/710/237 474/711/237
f 473/712/238 474/713/238 475/714/238
f 477/715/239 476/716/239 478/717/239
f 477/718/240 478/719/240 479/720/240
o obj21
v 0.11082597138800523 0.2120087761991995 -0.02542193736700605
v 0.11035960704893033 0.16326425086754212 -0.024854083108298695
v -0.11666099272788927 0.2141725085309915 -0.026514751707204895
v -0.11712735560508201 0.16542798233133663 -0.02594689941559744
v -0.11742348113276294 0.21607271133521422 0.1359723650273527
v -0.1178898424428845 0.16732818268283878 0.13654021956583573
v 0.110063482463777 0.2139089765525904 0.1370651800630329
v 0.10959712021112783 0.1651644512190443 0.13763303587313447
v -0.11742348113276294 0.21607271133521422 0.1359723650273527
v 0.110063482463777 0.2139089765525904 0.1370651800630329
v -0.11666099272788927 0.2141725085309915 -0.026514751707204895
v 0.11082597138800523 0.2120087761991995 -0.02542193736700605
v 0.10959712021112783 0.1651644512190443 0.13763303587313447
v -0.1178898424428845 0.16732818268283878 0.13654021956583573
v 0.11035960704893033 0.16326425086754212 -0.024854083108298695
v -0.11712735560508201 0.16542798233133663 -0.02594689941559744
v 0.110063482463777 0.2139089765525904 0.1370651800630329
v 0.10959712021112783 0.1651644512190443 0.13763303587313447
v 0.11082597138800523 0.2120087761991995 -0.02542193736700605
v 0.11035960704893033 0.16326425086754212 -0.024854083108298695
v -0.11666099272788927 0.2141725085309915 -0.026514751707204895
v -0.11712735560508201 0.16542798233133663 -0.02594689941559744
v -0.11742348113276294 0.21607271133521422 0.1359723650273527
v -0.1178898424428845 0.16732818268283878 0.13654021956583573
vt 0.42969 0.17186
vt 0.42969 0.16013999999999995
vt 0.4844 0.16013999999999995
vt 0.42969 0.17186
vt 0.4844 0.16013999999999995
vt 0.4844 0.17186
vt 0.43362 0.13280999999999998
vt 0.43362 0.12109000000000003
vt 0.48828 0.12109000000000003
vt 0.43362 0.13280999999999998
vt 0.48828 0.12109000000000003
vt 0.48828 0.13280999999999998
vt 0.13282 0.36718000000000006
vt 0.13282 0.31252
vt 0.09374 0.36718000000000006
vt 0.09374 0.36718000000000006
vt 0.13282 0.31252
vt 0.09374 0.31252
vt 0.17185 0.31252
vt 0.17185 0.36718000000000006
vt 0.13282 0.31252
vt 0.13282 0.31252
vt 0.17185 0.36718000000000006
vt 0.13282 0.36718000000000006
vt 0.05859 0.46875
vt 0.05859 0.45704
vt 0.09768 0.45704
vt 0.05859 0.46875
vt 0.09768 0.45704
vt 0.09768 0.46875
vt 0.25001 0.18361000000000005
vt 0.25001 0.17186
vt 0.28904 0.17186
vt 0.25001 0.18361000000000005
vt 0.28904 0.17186
vt 0.28904 0.18361000000000005
vn -0.004692250570575485 0.011693569196138537 0.9999206184613048
vn -0.0046922596800740846 0.011693528587281066 0.9999206188934566
vn 0.0046922534674787575 -0.011693573874038798 -0.999920618393005
vn 0.004692258988274967 -0.01169360089511784 -0.9999206180510996
vn 0.00956634320694294 0.9998863950677294 -0.011648263222809402
vn 0.009566332307302361 0.9998863953480072 -0.011648248115276899
vn -0.00956632865475704 -0.9998863953827483 0.011648248132822558
vn -0.009566328654757011 -0.9998863953827483 0.01164824813282253
vn -0.9999432319031987 0.00951097665418632 -0.004803570970594806
vn -0.999943231552787 0.009511019749202295 -0.004803558587117619
vn 0.9999432317931752 -0.009510989676288996 0.004803568090281874
vn 0.9999432321535973 -0.009510956952142048 0.00480355785555875
usemtl m_611be17d-79ae-1664-e1f7-c840cb17f4df
f 481/721/241 480/722/241 482/723/241
f 481/724/242 482/725/242 483/726/242
f 485/727/243 484/728/243 486/729/243
f 485/730/244 486/731/244 487/732/244
f 488/733/245 489/734/245 490/735/245
f 490/736/246 489/737/246 491/738/246
f 492/739/247 493/740/247 494/741/247
f 494/742/248 493/743/248 495/744/248
f 497/745/249 496/746/249 498/747/249
f 497/748/250 498/749/250 499/750/250
f 501/751/251 500/752/251 502/753/251
f 501/754/252 502/755/252 503/756/252
o obj22
v 0.23550282388165206 0.3987522897800566 -0.027008005372109956
v 0.11142029520619767 0.18851137414166258 -0.025131617438531435
v 0.19351961286456457 0.42352610367262067 -0.02749473596659014
v 0.06943708418911015 0.21328518803422658 -0.025618348033011613
v 0.1927571239403365 0.42542630402601145 0.1349923814634487
v 0.06867459526488193 0.21518538838761747 0.13686876939702736
v 0.23474033495742408 0.4006524901334474 0.13547911205792867
v 0.11065780628196958 0.19041157449505342 0.13735549999150737
v 0.1927571239403365 0.42542630402601145 0.1349923814634487
v 0.23474033495742408 0.4006524901334474 0.13547911205792867
v 0.19351961286456457 0.42352610367262067 -0.02749473596659014
v 0.23550282388165206 0.3987522897800566 -0.027008005372109956
v 0.11065780628196958 0.19041157449505342 0.13735549999150737
v 0.06867459526488193 0.21518538838761747 0.13686876939702736
v 0.11142029520619767 0.18851137414166258 -0.025131617438531435
v 0.06943708418911015 0.21328518803422658 -0.025618348033011613
v 0.23474033495742408 0.4006524901334474 0.13547911205792867
v 0.11065780628196958 0.19041157449505342 0.13735549999150737
v 0.23550282388165206 0.3987522897800566 -0.027008005372109956
v 0.11142029520619767 0.18851137414166258 -0.025131617438531435
v 0.19351961286456457 0.42352610367262067 -0.02749473596659014
v 0.06943708418911015 0.21328518803422658 -0.025618348033011613
v 0.1927571239403365 0.42542630402601145 0.1349923814634487
v 0.06867459526488193 0.21518538838761747 0.13686876939702736
vt 0.10157 0.49219
vt 0.10157 0.43361000000000005
vt 0.1133 0.43361000000000005
vt 0.10157 0.49219
vt 0.1133 0.43361000000000005
vt 0.1133 0.49219
vt 0.1133 0.49219
vt 0.1133 0.43361000000000005
vt 0.12502 0.43361000000000005
vt 0.1133 0.49219
vt 0.12502 0.43361000000000005
vt 0.12502 0.49219
vt 0.03907 0.47263999999999995
vt 0.03907 0.46096000000000004
vt 0 0.47263999999999995
vt 0 0.47263999999999995
vt 0.03907 0.46096000000000004
vt 0 0.46096000000000004
vt 0.5 0.07421999999999995
vt 0.5 0.08596000000000004
vt 0.46093 0.07421999999999995
vt 0.46093 0.07421999999999995
vt 0.5 0.08596000000000004
vt 0.46093 0.08596000000000004
vt 0.25003 0.36717
vt 0.25003 0.3085899999999999
vt 0.28904 0.3085899999999999
vt 0.25003 0.36717
vt 0.28904 0.3085899999999999
vt 0.28904 0.36717
vt 0.21096 0.36717
vt 0.21096 0.3085899999999999
vt 0.25003 0.3085899999999999
vt 0.21096 0.36717
vt 0.25003 0.3085899999999999
vt 0.25003 0.36717
vn -0.004692287115267646 0.011693584121988898 0.9999206181152631
vn -0.004692287115267534 0.011693584121988924 0.9999206181152631
vn 0.004692287115263759 -0.011693584121987342 -0.9999206181152631
vn 0.004692287115264093 -0.011693584121987677 -0.9999206181152631
vn 0.5082565383412748 0.8611714221420721 -0.007685890914216296
vn 0.5082565383412748 0.8611714221420722 -0.007685890914216369
vn -0.5082565383412744 -0.8611714221420724 0.0076858909142162556
vn -0.5082565383412745 -0.8611714221420725 0.007685890914216181
vn -0.86119292072072 0.5081801553025802 -0.009984140281544098
vn -0.8611929207207201 0.5081801553025798 -0.009984140281544818
vn 0.8611929207207201 -0.5081801553025797 0.009984140281544762
vn 0.8611929207207197 -0.5081801553025802 0.009984140281545706
usemtl m_611be17d-79ae-1664-e1f7-c840cb17f4df
f 505/757/253 504/758/253 506/759/253
f 505/760/254 506/761/254 507/762/254
f 509/763/255 508/764/255 510/765/255
f 509/766/256 510/767/256 511/768/256
f 512/769/257 513/770/257 514/771/257
f 514/772/258 513/773/258 515/774/258
f 516/775/259 517/776/259 518/777/259
f 518/778/260 517/779/260 519/780/260
f 521/781/261 520/782/261 522/783/261
f 521/784/262 522/785/262 523/786/262
f 525/787/263 524/788/263 526/789/263
f 525/790/264 526/791/264 527/792/264
o obj23
v 0.4203330040022111 0.27368460948725 -0.05719325300350317
v 0.4189339203707908 0.12745135321973228 -0.05548969374610366
v 0.16034763678591255 0.27615744948252735 -0.05844218782569131
v 0.1589485531544923 0.12992419321500964 -0.05673862856829179
v 0.15928015423748937 0.2788177270318833 0.16903964323522255
v 0.15788107112542357 0.13258447321519748 0.1707432017971409
v 0.41926551988671656 0.27634488948932656 0.17028857581053525
v 0.4178664362552962 0.1301116332218089 0.17199213506793487
v 0.15928015423748937 0.2788177270318833 0.16903964323522255
v 0.41926551988671656 0.27634488948932656 0.17028857581053525
v 0.16034763678591255 0.27615744948252735 -0.05844218782569131
v 0.4203330040022111 0.27368460948725 -0.05719325300350317
v 0.4178664362552962 0.1301116332218089 0.17199213506793487
v 0.15788107112542357 0.13258447321519748 0.1707432017971409
v 0.4189339203707908 0.12745135321973228 -0.05548969374610366
v 0.1589485531544923 0.12992419321500964 -0.05673862856829179
v 0.41926551988671656 0.27634488948932656 0.17028857581053525
v 0.4178664362552962 0.1301116332218089 0.17199213506793487
v 0.4203330040022111 0.27368460948725 -0.05719325300350317
v 0.4189339203707908 0.12745135321973228 -0.05548969374610366
v 0.16034763678591255 0.27615744948252735 -0.05844218782569131
v 0.1589485531544923 0.12992419321500964 -0.05673862856829179
v 0.15928015423748937 0.2788177270318833 0.16903964323522255
v 0.15788107112542357 0.13258447321519748 0.1707432017971409
vt 0.28904 0.26561
vt 0.28904 0.23052000000000006
vt 0.35151 0.23052000000000006
vt 0.28904 0.26561
vt 0.35151 0.23052000000000006
vt 0.35151 0.26561
vt 0.28904 0.34375
vt 0.28904 0.30855
vt 0.35151 0.30855
vt 0.28904 0.34375
vt 0.35151 0.30855
vt 0.35151 0.34375
vt 0.11724 0.24214999999999998
vt 0.11724 0.17972
vt 0.0625 0.24214999999999998
vt 0.0625 0.24214999999999998
vt 0.11724 0.17972
vt 0.0625 0.17972
vt 0.17182 0.18359999999999999
vt 0.17182 0.24612999999999996
vt 0.11724 0.18359999999999999
vt 0.11724 0.18359999999999999
vt 0.17182 0.24612999999999996
vt 0.11724 0.24612999999999996
vt 0.35151 0.26174
vt 0.35151 0.22653999999999996
vt 0.40625 0.22653999999999996
vt 0.35151 0.26174
vt 0.40625 0.22653999999999996
vt 0.40625 0.26174
vt 0.34378 0.15237999999999996
vt 0.34378 0.11719000000000002
vt 0.39836 0.11719000000000002
vt 0.34378 0.15237999999999996
vt 0.39836 0.11719000000000002
vt 0.39836 0.15237999999999996
vn -0.004692261583654433 0.011693570506137561 0.9999206183943046
vn -0.0046922615836546 0.011693570506137563 0.9999206183943047
vn 0.004692253125364699 -0.011693565850032174 -0.9999206184884472
vn 0.004692255655306288 -0.011693570449751056 -0.9999206184227837
vn 0.00956632493474055 0.999886395488447 -0.011648242114749074
vn 0.009566334460484107 0.9998863952716962 -0.011648252897490776
vn -0.009566334460483468 -0.9998863952716962 0.011648252897491026
vn -0.00956633446048416 -0.9998863952716961 0.011648252897490385
vn -0.9999432319006832 0.009510976325111139 -0.0048035721458061795
vn -0.9999432319006832 0.009510976325110278 -0.004803572145806679
vn 0.9999432319337062 -0.009510976407407475 0.004803565108545239
vn 0.9999432319760942 -0.00951097306439716 0.004803562903874792
usemtl m_611be17d-79ae-1664-e1f7-c840cb17f4df
f 529/793/265 528/794/265 530/795/265
f 529/796/266 530/797/266 531/798/266
f 533/799/267 532/800/267 534/801/267
f 533/802/268 534/803/268 535/804/268
f 536/805/269 537/806/269 538/807/269
f 538/808/270 537/809/270 539/810/270
f 540/811/271 541/812/271 542/813/271
f 542/814/272 541/815/272 543/816/272
f 545/817/273 544/818/273 546/819/273
f 545/820/274 546/821/274 547/822/274
f 549/823/275 548/824/275 550/825/275
f 549/826/276 550/827/276 551/828/276
o obj24
v 0.42094740953458903 0.42141099595428827 -0.02640276611127612
v 0.4195483268456963 0.27517773636794124 -0.024699208125495115
v 0.19333206701599343 0.4235759516548784 -0.027496197380189012
v 0.1919329843271007 0.27734269206853135 -0.02579263939440802
v 0.19256957809176528 0.42547615200826916 0.13499092004984978
v 0.1911704954028726 0.2792428924219222 0.13669447803563078
v 0.42018492112971534 0.42331119875851086 0.13608435062328145
v 0.4187858379214682 0.2770779367213321 0.1377879093045436
v 0.19256957809176528 0.42547615200826916 0.13499092004984978
v 0.42018492112971534 0.42331119875851086 0.13608435062328145
v 0.19333206701599343 0.4235759516548784 -0.027496197380189012
v 0.42094740953458903 0.42141099595428827 -0.02640276611127612
v 0.4187858379214682 0.2770779367213321 0.1377879093045436
v 0.1911704954028726 0.2792428924219222 0.13669447803563078
v 0.4195483268456963 0.27517773636794124 -0.024699208125495115
v 0.1919329843271007 0.27734269206853135 -0.02579263939440802
v 0.42018492112971534 0.42331119875851086 0.13608435062328145
v 0.4187858379214682 0.2770779367213321 0.1377879093045436
v 0.42094740953458903 0.42141099595428827 -0.02640276611127612
v 0.4195483268456963 0.27517773636794124 -0.024699208125495115
v 0.19333206701599343 0.4235759516548784 -0.027496197380189012
v 0.1919329843271007 0.27734269206853135 -0.02579263939440802
v 0.19256957809176528 0.42547615200826916 0.13499092004984978
v 0.1911704954028726 0.2792428924219222 0.13669447803563078
vt 0.35155 0.34376000000000007
vt 0.35155 0.30861000000000005
vt 0.40623 0.30861000000000005
vt 0.35155 0.34376000000000007
vt 0.40623 0.30861000000000005
vt 0.40623 0.34376000000000007
vt 0.1328 0.4023399999999999
vt 0.1328 0.36719
vt 0.18748 0.36719
vt 0.1328 0.4023399999999999
vt 0.18748 0.36719
vt 0.18748 0.4023399999999999
vt 0.0703 0.375
vt 0.0703 0.32031999999999994
vt 0.03124 0.375
vt 0.03124 0.375
vt 0.0703 0.32031999999999994
vt 0.03124 0.32031999999999994
vt 0.36717 0.17185000000000006
vt 0.36717 0.22658
vt 0.32811 0.17185000000000006
vt 0.32811 0.17185000000000006
vt 0.36717 0.22658
vt 0.32811 0.22658
vt 0.38672 0.035150000000000015
vt 0.38672 0
vt 0.42578 0
vt 0.38672 0.035150000000000015
vt 0.42578 0
vt 0.42578 0.035150000000000015
vt 0.02734 0.4101600000000001
vt 0.02734 0.375
vt 0.0664 0.375
vt 0.02734 0.4101600000000001
vt 0.0664 0.375
vt 0.0664 0.4101600000000001
vn -0.004692251482152355 0.01169356142051495 0.9999206185479591
vn -0.004692251482152243 0.011693561420514892 0.999920618547959
vn 0.004692248542420618 -0.011693561392553675 -0.999920618562081
vn 0.004692251438379036 -0.011693565995752608 -0.9999206184946593
vn 0.009566331612666429 0.9998863953546142 -0.011648248118613314
vn 0.009566342506199615 0.9998863950743945 -0.011648263226175404
vn -0.009566342435061409 -0.9998863952516774 0.011648248066624456
vn -0.009566342435061383 -0.9998863952516776 0.011648248066624402
vn -0.9999432319515285 0.009510973125097579 -0.00480356789746761
vn -0.9999432319695287 0.009510969721310852 -0.0048035708898291896
vn 0.9999432319695287 -0.009510969721310825 0.0048035708898290785
vn 0.9999432319695287 -0.00951096972131088 0.0048035708898289675
usemtl m_611be17d-79ae-1664-e1f7-c840cb17f4df
f 553/829/277 552/830/277 554/831/277
f 553/832/278 554/833/278 555/834/278
f 557/835/279 556/836/279 558/837/279
f 557/838/280 558/839/280 559/840/280
f 560/841/281 561/842/281 562/843/281
f 562/844/282 561/845/282 563/846/282
f 564/847/283 565/848/283 566/849/283
f 566/850/284 565/851/284 567/852/284
f 569/853/285 568/854/285 570/855/285
f 569/856/286 570/857/286 571/858/286
f 573/859/287 572/860/287 574/861/287
f 573/862/288 574/863/288 575/864/288
o obj25
v 0.40086782841687896 0.5194939678547462 0.0048534894868356715
v 0.42104664534976344 0.4751204671034619 0.0054671080460287486
v 0.19354175614789235 0.42521437486183733 0.004983139429618692
v 0.21372057454265891 0.38084087324255544 0.005596756021711856
v 0.1930842623097413 0.4263544971512655 0.10247554126168265
v 0.21326307861808227 0.3819809955338724 0.10308915630238147
v 0.40041033457872777 0.5206340901441745 0.10234589131889983
v 0.42058915297349453 0.4762605885248926 0.10295950791099281
v 0.1930842623097413 0.4263544971512655 0.10247554126168265
v 0.40041033457872777 0.5206340901441745 0.10234589131889983
v 0.19354175614789235 0.42521437486183733 0.004983139429618692
v 0.40086782841687896 0.5194939678547462 0.0048534894868356715
v 0.42058915297349453 0.4762605885248926 0.10295950791099281
v 0.21326307861808227 0.3819809955338724 0.10308915630238147
v 0.42104664534976344 0.4751204671034619 0.0054671080460287486
v 0.21372057454265891 0.38084087324255544 0.005596756021711856
v 0.40041033457872777 0.5206340901441745 0.10234589131889983
v 0.42058915297349453 0.4762605885248926 0.10295950791099281
v 0.40086782841687896 0.5194939678547462 0.0048534894868356715
v 0.42104664534976344 0.4751204671034619 0.0054671080460287486
v 0.19354175614789235 0.42521437486183733 0.004983139429618692
v 0.21372057454265891 0.38084087324255544 0.005596756021711856
v 0.1930842623097413 0.4263544971512655 0.10247554126168265
v 0.21326307861808227 0.3819809955338724 0.10308915630238147
vt 0.43357 0.24607999999999997
vt 0.43357 0.23443000000000003
vt 0.48832 0.23443000000000003
vt 0.43357 0.24607999999999997
vt 0.48832 0.23443000000000003
vt 0.48832 0.24607999999999997
vt 0.43357 0.25786
vt 0.43357 0.24607999999999997
vt 0.48832 0.24607999999999997
vt 0.43357 0.25786
vt 0.48832 0.24607999999999997
vt 0.48832 0.25786
vt 0.24612 0.44538
vt 0.24612 0.39064
vt 0.22273 0.44538
vt 0.22273 0.44538
vt 0.24612 0.39064
vt 0.22273 0.39064
vt 0.1562 0.40229000000000004
vt 0.1562 0.45703000000000005
vt 0.13281 0.40229000000000004
vt 0.13281 0.40229000000000004
vt 0.1562 0.45703000000000005
vt 0.13281 0.45703000000000005
vt 0.48052 0.21099
vt 0.48052 0.19920000000000004
vt 0.50391 0.19920000000000004
vt 0.48052 0.21099
vt 0.50391 0.19920000000000004
vt 0.50391 0.21099
vt 0.48052 0.19134000000000007
vt 0.48052 0.17969000000000002
vt 0.50391 0.17969000000000002
vt 0.48052 0.19134000000000007
vt 0.50391 0.17969000000000002
vt 0.50391 0.19134000000000007
vn -0.004692258262454896 0.0116935923412467 0.999920618154539
vn -0.004692249346735177 0.011693551692500246 0.9999206186717438
vn 0.0046922283291097044 -0.011693526517405073 -0.9999206190647807
vn 0.004692247578164388 -0.011693552496737425 -0.999920618670638
vn -0.41392392955874924 0.9102244495146063 -0.012586979164021295
vn -0.4139239295587488 0.9102244495146066 -0.012586979164022405
vn 0.4139239260880431 -0.910224451287228 0.012586965111771764
vn 0.4139239349934888 -0.910224446917719 0.012586988235431699
vn -0.9102993837101959 -0.4139501273981323 0.0005692485465038088
vn -0.9102993920147737 -0.41395010912253183 0.0005692582695895898
vn 0.9102993837101968 0.4139501273981304 -0.0005692485465051411
vn 0.9102993997309529 0.4139500921950288 -0.0005692285954906339
usemtl m_611be17d-79ae-1664-e1f7-c840cb17f4df
f 577/865/289 576/866/289 578/867/289
f 577/868/290 578/869/290 579/870/290
f 581/871/291 580/872/291 582/873/291
f 581/874/292 582/875/292 583/876/292
f 584/877/293 585/878/293 586/879/293
f 586/880/294 585/881/294 587/882/294
f 588/883/295 589/884/295 590/885/295
f 590/886/296 589/887/296 591/888/296
f 593/889/297 592/890/297 594/891/297
f 593/892/298 594/893/298 595/894/298
f 597/895/299 596/896/299 598/897/299
f 597/898/300 598/899/300 599/900/300
o obj26
v 0.5631230187164555 0.5178471191966507 0.005634153332738645
v 0.562656657406334 0.4691025905442753 0.00620200787122166
v 0.400632240214774 0.5193926433069329 0.0048535692443468365
v 0.40016587535634496 0.4706481155244435 0.0054214241985350575
v 0.4001747463766231 0.5205327655963611 0.10234597107641064
v 0.3997083829800759 0.47178823694587424 0.10291382406349925
v 0.5626655263401863 0.5189872406180815 0.10312655319770307
v 0.5621991635681829 0.47024271283370356 0.10369440970328568
v 0.4001747463766231 0.5205327655963611 0.10234597107641064
v 0.5626655263401863 0.5189872406180815 0.10312655319770307
v 0.400632240214774 0.5193926433069329 0.0048535692443468365
v 0.5631230187164555 0.5178471191966507 0.005634153332738645
v 0.5621991635681829 0.47024271283370356 0.10369440970328568
v 0.3997083829800759 0.47178823694587424 0.10291382406349925
v 0.562656657406334 0.4691025905442753 0.00620200787122166
v 0.40016587535634496 0.4706481155244435 0.0054214241985350575
v 0.5626655263401863 0.5189872406180815 0.10312655319770307
v 0.5621991635681829 0.47024271283370356 0.10369440970328568
v 0.5631230187164555 0.5178471191966507 0.005634153332738645
v 0.562656657406334 0.4691025905442753 0.00620200787122166
v 0.400632240214774 0.5193926433069329 0.0048535692443468365
v 0.40016587535634496 0.4706481155244435 0.0054214241985350575
v 0.4001747463766231 0.5205327655963611 0.10234597107641064
v 0.3997083829800759 0.47178823694587424 0.10291382406349925
vt 0.46092 0.09765000000000001
vt 0.46092 0.08594000000000002
vt 0.49999 0.08594000000000002
vt 0.46092 0.09765000000000001
vt 0.49999 0.08594000000000002
vt 0.49999 0.09765000000000001
vt 0.46092 0.26954
vt 0.46092 0.25783
vt 0.49999 0.25783
vt 0.46092 0.26954
vt 0.49999 0.25783
vt 0.49999 0.26954
vt 0.22658 0.28126000000000007
vt 0.22658 0.24219999999999997
vt 0.20313 0.28126000000000007
vt 0.20313 0.28126000000000007
vt 0.22658 0.24219999999999997
vt 0.20313 0.24219999999999997
vt 0.09376 0.32031999999999994
vt 0.09376 0.35938000000000003
vt 0.07031 0.32031999999999994
vt 0.07031 0.32031999999999994
vt 0.09376 0.35938000000000003
vt 0.07031 0.35938000000000003
vt 0.48046 0.23439
vt 0.48046 0.22267000000000003
vt 0.50391 0.22267000000000003
vt 0.48046 0.23439
vt 0.50391 0.22267000000000003
vt 0.50391 0.23439
vt 0.48046 0.22267000000000003
vt 0.48046 0.21092
vt 0.50391 0.21092
vt 0.48046 0.22267000000000003
vt 0.50391 0.21092
vt 0.50391 0.22267000000000003
vn -0.0046922627294572195 0.011693573962134052 0.9999206183485116
vn -0.0046922599197411485 0.011693583011988612 0.9999206182558631
vn 0.004692250823694511 -0.01169354222997618 -0.9999206187754724
vn 0.004692271825505856 -0.011693614744145903 -0.9999206178289011
vn 0.009566338583327923 0.9998863952235268 -0.01164825364638117
vn 0.009566333429776279 0.999886395371829 -0.011648245148551976
vn -0.009566333469768208 -0.9998863952721643 0.011648253670947186
vn -0.009566338543336023 -0.9998863953231917 0.011648245123986573
vn -0.9999432318829582 0.009510986949657213 -0.004803554799115872
vn -0.9999432320992855 0.009510956816790902 -0.004803569429478017
vn 0.9999432314017954 -0.009511029718822726 0.00480357027875422
vn 0.9999432317587084 -0.009510999936308606 0.004803554950403466
usemtl m_611be17d-79ae-1664-e1f7-c840cb17f4df
f 601/901/301 600/902/301 602/903/301
f 601/904/302 602/905/302 603/906/302
f 605/907/303 604/908/303 606/909/303
f 605/910/304 606/911/304 607/912/304
f 608/913/305 609/914/305 610/915/305
f 610/916/306 609/917/306 611/918/306
f 612/919/307 613/920/307 614/921/307
f 614/922/308 613/923/308 615/924/308
f 617/925/309 616/926/309 618/927/309
f 617/928/310 618/929/310 619/930/310
f 621/931/311 620/932/311 622/933/311
f 621/934/312 622/935/312 623/936/312
o obj27
v 0.25675823800701614 0.29804558331057435 -0.07449729366976007
v 0.1493889966798524 0.11612305673298896 -0.07287364517875286
v 0.186786307200152 0.33933521899026986 -0.07530850713689516
v 0.07941706942129576 0.15741269154279844 -0.07368485906159315
v 0.18556632381322927 0.3423755407669802 0.18467100860671348
v 0.07819708603437313 0.16045301331950867 0.18629465668201534
v 0.2555382546200934 0.3010859050872846 0.1854822220738486
v 0.1481690168412373 0.11916337763981319 0.18710587014915042
v 0.18556632381322927 0.3423755407669802 0.18467100860671348
v 0.2555382546200934 0.3010859050872846 0.1854822220738486
v 0.186786307200152 0.33933521899026986 -0.07530850713689516
v 0.25675823800701614 0.29804558331057435 -0.07449729366976007
v 0.1481690168412373 0.11916337763981319 0.18710587014915042
v 0.07819708603437313 0.16045301331950867 0.18629465668201534
v 0.1493889966798524 0.11612305673298896 -0.07287364517875286
v 0.07941706942129576 0.15741269154279844 -0.07368485906159315
v 0.2555382546200934 0.3010859050872846 0.1854822220738486
v 0.1481690168412373 0.11916337763981319 0.18710587014915042
v 0.25675823800701614 0.29804558331057435 -0.07449729366976007
v 0.1493889966798524 0.11612305673298896 -0.07287364517875286
v 0.186786307200152 0.33933521899026986 -0.07530850713689516
v 0.07941706942129576 0.15741269154279844 -0.07368485906159315
v 0.18556632381322927 0.3423755407669802 0.18467100860671348
v 0.07819708603437313 0.16045301331950867 0.18629465668201534
vt 0.41409 0.28520999999999996
vt 0.41409 0.23436999999999997
vt 0.43365 0.23436999999999997
vt 0.41409 0.28520999999999996
vt 0.43365 0.23436999999999997
vt 0.43365 0.28520999999999996
vt 0.28127 0.4726600000000001
vt 0.28127 0.42181
vt 0.30083 0.42181
vt 0.28127 0.4726600000000001
vt 0.30083 0.42181
vt 0.30083 0.4726600000000001
vt 0.35158 0.28520999999999996
vt 0.35158 0.26561
vt 0.28907 0.28520999999999996
vt 0.28907 0.28520999999999996
vt 0.35158 0.26561
vt 0.28907 0.26561
vt 0.46484 0.054690000000000016
vt 0.46484 0.07428999999999997
vt 0.40233 0.054690000000000016
vt 0.40233 0.054690000000000016
vt 0.46484 0.07428999999999997
vt 0.40233 0.07428999999999997
vt 0.22656 0.28520999999999996
vt 0.22656 0.23436999999999997
vt 0.28907 0.23436999999999997
vt 0.22656 0.28520999999999996
vt 0.28907 0.23436999999999997
vt 0.28907 0.28520999999999996
vt 0.22656 0.23436999999999997
vt 0.22656 0.18352999999999997
vt 0.28907 0.18352999999999997
vt 0.22656 0.23436999999999997
vt 0.28907 0.18352999999999997
vt 0.28907 0.23436999999999997
vn -0.004692252464810365 0.011693566655036985 0.9999206184821328
vn -0.0046922582195507165 0.01169356761877738 0.9999206184438575
vn 0.004692253529427537 -0.01169356485118822 -0.9999206184982319
vn 0.004692253529427536 -0.011693564851188108 -0.9999206184982319
vn 0.5082565154724423 0.8611714356539676 -0.00768588924559212
vn 0.508256515472442 0.8611714356539677 -0.0076858892455920445
vn -0.5082565154915274 -0.8611714356064054 0.007685893312668581
vn -0.5082565266814589 -0.8611714290396549 0.007685889115641518
vn -0.8611929243318412 0.5081801491618633 -0.009984141355078135
vn -0.8611929159892676 0.5081801635611753 -0.009984128046010175
vn 0.8611929243318409 -0.5081801491618637 0.009984141355078247
vn 0.8611929243318412 -0.5081801491618633 0.009984141355077804
usemtl m_611be17d-79ae-1664-e1f7-c840cb17f4df
f 625/937/313 624/938/313 626/939/313
f 625/940/314 626/941/314 627/942/314
f 629/943/315 628/944/315 630/945/315
f 629/946/316 630/947/316 631/948/316
f 632/949/317 633/950/317 634/951/317
f 634/952/318 633/953/318 635/954/318
f 636/955/319 637/956/319 638/957/319
f 638/958/320 637/959/320 639/960/320
f 641/961/321 640/962/321 642/963/321
f 641/964/322 642/965/322 643/966/322
f 645/967/323 644/968/323 646/969/323
f 645/970/324 646/971/324 647/972/324
o obj28
v 0.3856676504162041 0.12963648127056157 0.10521890213574378
v 0.3850458387344069 0.06464399695843147 0.1059760372185306
v 0.22317689079995923 0.1311820043483538 0.10443831879183782
v 0.22255507556985438 0.06618952090610981 0.10519545429032995
v 0.2230243914685969 0.1315620464409617 0.13693574436017278
v 0.22240257832491772 0.06656956299682901 0.13769288141005934
v 0.38551515463314945 0.13001652249328333 0.1377163272883734
v 0.3848933388836903 0.06502403660020739 0.13847346348234665
v 0.2230243914685969 0.1315620464409617 0.13693574436017278
v 0.38551515463314945 0.13001652249328333 0.1377163272883734
v 0.22317689079995923 0.1311820043483538 0.10443831879183782
v 0.3856676504162041 0.12963648127056157 0.10521890213574378
v 0.3848933388836903 0.06502403660020739 0.13847346348234665
v 0.22240257832491772 0.06656956299682901 0.13769288141005934
v 0.3850458387344069 0.06464399695843147 0.1059760372185306
v 0.22255507556985438 0.06618952090610981 0.10519545429032995
v 0.38551515463314945 0.13001652249328333 0.1377163272883734
v 0.3848933388836903 0.06502403660020739 0.13847346348234665
v 0.3856676504162041 0.12963648127056157 0.10521890213574378
v 0.3850458387344069 0.06464399695843147 0.1059760372185306
v 0.22317689079995923 0.1311820043483538 0.10443831879183782
v 0.22255507556985438 0.06618952090610981 0.10519545429032995
v 0.2230243914685969 0.1315620464409617 0.13693574436017278
v 0.22240257832491772 0.06656956299682901 0.13769288141005934
vt 0.4414 0.21486000000000005
vt 0.4414 0.19921999999999995
vt 0.48047 0.19921999999999995
vt 0.4414 0.21486000000000005
vt 0.48047 0.19921999999999995
vt 0.48047 0.21486000000000005
vt 0.4414 0.23046999999999995
vt 0.4414 0.21486000000000005
vt 0.48047 0.21486000000000005
vt 0.4414 0.23046999999999995
vt 0.48047 0.21486000000000005
vt 0.48047 0.23046999999999995
vt 0.0078 0.51172
vt 0.0078 0.47265
vt 0 0.51172
vt 0 0.51172
vt 0.0078 0.47265
vt 0 0.47265
vt 0.0156 0.47265
vt 0.0156 0.51172
vt 0.0078 0.47265
vt 0.0078 0.47265
vt 0.0156 0.51172
vt 0.0078 0.51172
vt 0.0508 0.51172
vt 0.0508 0.4960800000000001
vt 0.0586 0.4960800000000001
vt 0.0508 0.51172
vt 0.0586 0.4960800000000001
vt 0.0586 0.51172
vt 0.4414 0.46876000000000007
vt 0.4414 0.45311999999999997
vt 0.4492 0.45311999999999997
vt 0.4414 0.46876000000000007
vt 0.4492 0.45311999999999997
vt 0.4492 0.46876000000000007
vn -0.0046922590240597315 0.011693547183534105 0.9999206186790619
vn -0.004692256236050463 0.011693553964475106 0.9999206186128453
vn 0.004692256009186713 -0.01169357767658502 -0.9999206183366087
vn 0.004692250770140072 -0.01169356420771761 -0.9999206185187053
vn 0.00956633354913486 0.9998863946255566 -0.011648309110449674
vn 0.009566328315596506 0.9998863949731902 -0.011648283567794848
vn -0.009566348353341582 -0.9998863953677799 0.011648233239869578
vn -0.009566333549134803 -0.9998863946255566 0.011648309110445898
vn -0.9999432319744326 0.009511000089161116 -0.004803509740853197
vn -0.9999432319857596 0.009510936377555235 -0.004803633530529372
vn 0.9999432315337733 -0.00951099123153143 0.004803619009491167
vn 0.9999432321442197 -0.00951095977650987 0.0048035542154805655
usemtl m_611be17d-79ae-1664-e1f7-c840cb17f4df
f 649/973/325 648/974/325 650/975/325
f 649/976/326 650/977/326 651/978/326
f 653/979/327 652/980/327 654/981/327
f 653/982/328 654/983/328 655/984/328
f 656/985/329 657/986/329 658/987/329
f 658/988/330 657/989/330 659/990/330
f 660/991/331 661/992/331 662/993/331
f 662/994/332 661/995/332 663/996/332
f 665/997/333 664/998/333 666/999/333
f 665/1000/334 666/1001/334 667/1002/334
f 669/1003/335 668/1004/335 670/1005/335
f 669/1006/336 670/1007/336 671/1008/336
o obj29
v 0.3862754545109841 0.1281593711938909 -0.021523635600428637
v 0.38565364230983257 0.06316688443092891 -0.020766499822160583
v 0.22378467809572844 0.12970489530228443 -0.02230421813742621
v 0.22316286589457685 0.06471240853932245 -0.0215470823591582
v 0.22363218168813004 0.13008493565889748 0.010193203496709477
v 0.22301036802509655 0.06509244976393286 0.010950341242077055
v 0.3861229581033859 0.12853941155050388 0.010973786033706967
v 0.38550114444035233 0.06354692565553934 0.011730923779074698
v 0.22363218168813004 0.13008493565889748 0.010193203496709477
v 0.3861229581033859 0.12853941155050388 0.010973786033706967
v 0.22378467809572844 0.12970489530228443 -0.02230421813742621
v 0.3862754545109841 0.1281593711938909 -0.021523635600428637
v 0.38550114444035233 0.06354692565553934 0.011730923779074698
v 0.22301036802509655 0.06509244976393286 0.010950341242077055
v 0.38565364230983257 0.06316688443092891 -0.020766499822160583
v 0.22316286589457685 0.06471240853932245 -0.0215470823591582
v 0.3861229581033859 0.12853941155050388 0.010973786033706967
v 0.38550114444035233 0.06354692565553934 0.011730923779074698
v 0.3862754545109841 0.1281593711938909 -0.021523635600428637
v 0.38565364230983257 0.06316688443092891 -0.020766499822160583
v 0.22378467809572844 0.12970489530228443 -0.02230421813742621
v 0.22316286589457685 0.06471240853932245 -0.0215470823591582
v 0.22363218168813004 0.13008493565889748 0.010193203496709477
v 0.22301036802509655 0.06509244976393286 0.010950341242077055
vt 0.44141 0.29689999999999994
vt 0.44141 0.28125
vt 0.48047 0.28125
vt 0.44141 0.29689999999999994
vt 0.48047 0.28125
vt 0.48047 0.29689999999999994
vt 0.44141 0.31255
vt 0.44141 0.29689999999999994
vt 0.48047 0.29689999999999994
vt 0.44141 0.31255
vt 0.48047 0.29689999999999994
vt 0.48047 0.31255
vt 0.02335 0.51172
vt 0.02335 0.47265
vt 0.01562 0.51172
vt 0.01562 0.51172
vt 0.02335 0.47265
vt 0.01562 0.47265
vt 0.03129 0.47265
vt 0.03129 0.51172
vt 0.02335 0.47265
vt 0.02335 0.47265
vt 0.03129 0.51172
vt 0.02335 0.51172
vt 0.06649 0.51172
vt 0.06649 0.49607
vt 0.07421 0.49607
vt 0.06649 0.51172
vt 0.07421 0.49607
vt 0.07421 0.51172
vt 0.05854 0.51172
vt 0.05854 0.49607
vt 0.06649 0.49607
vt 0.05854 0.51172
vt 0.06649 0.49607
vt 0.06649 0.51172
vn -0.004692253401446467 0.011693557425288825 0.9999206185856746
vn -0.0046922534014463 0.01169355742528877 0.9999206185856747
vn 0.004692253109458033 -0.01169358794423464 -0.999920618230141
vn 0.004692253109458977 -0.011693587944237138 -0.9999206182301409
vn 0.009566333489966689 0.9998863952218289 -0.011648257975146792
vn 0.009566333489966244 0.9998863952218289 -0.0116482579751446
vn -0.009566333609943717 -0.9998863949228333 0.011648283542364496
vn -0.00956633360994369 -0.9998863949228334 0.011648283542364414
vn -0.9999432321911714 0.009510967652983093 -0.004803528846298366
vn -0.9999432321952599 0.009510944659109037 -0.004803573522686454
vn 0.9999432324061364 -0.00951094518463727 0.004803528584556682
vn 0.9999432319802951 -0.009510967127451394 0.004803573784435245
usemtl m_611be17d-79ae-1664-e1f7-c840cb17f4df
f 673/1009/337 672/1010/337 674/1011/337
f 673/1012/338 674/1013/338 675/1014/338
f 677/1015/339 676/1016/339 678/1017/339
f 677/1018/340 678/1019/340 679/1020/340
f 680/1021/341 681/1022/341 682/1023/341
f 682/1024/342 681/1025/342 683/1026/342
f 684/1027/343 685/1028/343 686/1029/343
f 686/1030/344 685/1031/344 687/1032/344
f 689/1033/345 688/1034/345 690/1035/345
f 689/1036/346 690/1037/346 691/1038/346
f 693/1039/347 692/1040/347 694/1041/347
f 693/1042/348 694/1043/348 695/1044/348
o obj30
v 0.38596502164008345 0.12889540273685968 0.04184892952833627
v 0.3853432084964043 0.06390291929272701 0.04260606657822283
v 0.2234742620238384 0.130440925814652 0.04106834618443039
v 0.22285244679373362 0.06544844237240798 0.04182548168292256
v 0.2233217626924761 0.13082096790725986 0.0735657717527654
v 0.22269994954879696 0.0658284844631272 0.07432290880265194
v 0.38581252377060316 0.1292754439614701 0.07434635312957147
v 0.3851907101075696 0.06428295806650548 0.07510349087493906
v 0.2233217626924761 0.13082096790725986 0.0735657717527654
v 0.38581252377060316 0.1292754439614701 0.07434635312957147
v 0.2234742620238384 0.130440925814652 0.04106834618443039
v 0.38596502164008345 0.12889540273685968 0.04184892952833627
v 0.3851907101075696 0.06428295806650548 0.07510349087493906
v 0.22269994954879696 0.0658284844631272 0.07432290880265194
v 0.3853432084964043 0.06390291929272701 0.04260606657822283
v 0.22285244679373362 0.06544844237240798 0.04182548168292256
v 0.38581252377060316 0.1292754439614701 0.07434635312957147
v 0.3851907101075696 0.06428295806650548 0.07510349087493906
v 0.38596502164008345 0.12889540273685968 0.04184892952833627
v 0.3853432084964043 0.06390291929272701 0.04260606657822283
v 0.2234742620238384 0.130440925814652 0.04106834618443039
v 0.22285244679373362 0.06544844237240798 0.04182548168292256
v 0.2233217626924761 0.13082096790725986 0.0735657717527654
v 0.22269994954879696 0.0658284844631272 0.07432290880265194
vt 0 0.46097
vt 0 0.44534000000000007
vt 0.03912 0.44534000000000007
vt 0 0.46097
vt 0.03912 0.44534000000000007
vt 0.03912 0.46097
vt 0.44916 0.35156999999999994
vt 0.44916 0.33594
vt 0.48828 0.33594
vt 0.44916 0.35156999999999994
vt 0.48828 0.33594
vt 0.48828 0.35156999999999994
vt 0.03912 0.51172
vt 0.03912 0.47265
vt 0.03125 0.51172
vt 0.03125 0.51172
vt 0.03912 0.47265
vt 0.03125 0.47265
vt 0.18749 0.47265
vt 0.18749 0.51172
vt 0.17962 0.47265
vt 0.17962 0.47265
vt 0.18749 0.51172
vt 0.17962 0.51172
vt 0.08206 0.51172
vt 0.08206 0.4960899999999999
vt 0.08993 0.4960899999999999
vt 0.08206 0.51172
vt 0.08993 0.4960899999999999
vt 0.08993 0.51172
vt 0.07418 0.51172
vt 0.07418 0.4960899999999999
vt 0.08206 0.4960899999999999
vt 0.07418 0.51172
vt 0.08206 0.4960899999999999
vt 0.08206 0.51172
vn -0.004692258732071574 0.011693577702483747 0.9999206183235283
vn -0.00469226844429954 0.01169355408059483 0.9999206185541984
vn 0.004692246523820998 -0.01169357758636494 -0.9999206183821752
vn 0.004692250543274767 -0.011693587919826415 -0.9999206182424685
vn 0.009566333549134526 0.9998863946255566 -0.011648309110449728
vn 0.009566328315597117 0.9998863949731902 -0.011648283567797846
vn -0.00956634823336458 -0.9998863956667743 0.011648207672649513
vn -0.009566328435575311 -0.999886394674194 0.011648309135010942
vn -0.999943231980295 0.009510967127451447 -0.004803573784436355
vn -0.9999432319816739 0.009510959371427681 -0.004803588854150221
vn 0.9999432315337734 -0.009510991231530763 0.0048036190094898346
vn 0.9999432321442197 -0.009510959776509897 0.0048035542154804545
usemtl m_611be17d-79ae-1664-e1f7-c840cb17f4df
f 697/1045/349 696/1046/349 698/1047/349
f 697/1048/350 698/1049/350 699/1050/350
f 701/1051/351 700/1052/351 702/1053/351
f 701/1054/352 702/1055/352 703/1056/352
f 704/1057/353 705/1058/353 706/1059/353
f 706/1060/354 705/1061/354 707/1062/354
f 708/1063/355 709/1064/355 710/1065/355
f 710/1066/356 709/1067/356 711/1068/356
f 713/1069/357 712/1070/357 714/1071/357
f 713/1072/358 714/1073/358 715/1074/358
f 717/1075/359 716/1076/359 718/1077/359
f 717/1078/360 718/1079/360 719/1080/360
o obj31
v 0.07785004085034321 0.11368500317138275 -0.1219269011087671
v 0.07738367807833976 0.0649404753870047 -0.1213590446031845
v 0.045351877616870255 0.11399410808949051 -0.12208301738144489
v 0.0448855148448668 0.06524958030511246 -0.12151516087586228
v 0.04489438315417561 0.11513422951281 -0.024590619067875037
v 0.04442802236340863 0.06638970331126638 -0.02402276522487337
v 0.07739254638764857 0.11482512459470223 -0.02443450279519723
v 0.07692618559688158 0.06608059839315863 -0.023866648952195563
v 0.04489438315417561 0.11513422951281 -0.024590619067875037
v 0.07739254638764857 0.11482512459470223 -0.02443450279519723
v 0.045351877616870255 0.11399410808949051 -0.12208301738144489
v 0.07785004085034321 0.11368500317138275 -0.1219269011087671
v 0.07692618559688158 0.06608059839315863 -0.023866648952195563
v 0.04442802236340863 0.06638970331126638 -0.02402276522487337
v 0.07738367807833976 0.0649404753870047 -0.1213590446031845
v 0.0448855148448668 0.06524958030511246 -0.12151516087586228
v 0.07739254638764857 0.11482512459470223 -0.02443450279519723
v 0.07692618559688158 0.06608059839315863 -0.023866648952195563
v 0.07785004085034321 0.11368500317138275 -0.1219269011087671
v 0.07738367807833976 0.0649404753870047 -0.1213590446031845
v 0.045351877616870255 0.11399410808949051 -0.12208301738144489
v 0.0448855148448668 0.06524958030511246 -0.12151516087586228
v 0.04489438315417561 0.11513422951281 -0.024590619067875037
v 0.04442802236340863 0.06638970331126638 -0.02402276522487337
vt 0.14062 0.50781
vt 0.14062 0.49605999999999995
vt 0.14842 0.49605999999999995
vt 0.14062 0.50781
vt 0.14842 0.49605999999999995
vt 0.14842 0.50781
vt 0.15622 0.50781
vt 0.15622 0.49605999999999995
vt 0.16401 0.49605999999999995
vt 0.15622 0.50781
vt 0.16401 0.49605999999999995
vt 0.16401 0.50781
vt 0.51172 0.34375
vt 0.51172 0.33594
vt 0.48833 0.34375
vt 0.48833 0.34375
vt 0.51172 0.33594
vt 0.48833 0.33594
vt 0.51172 0.34375
vt 0.51172 0.35156
vt 0.48833 0.34375
vt 0.48833 0.34375
vt 0.51172 0.35156
vt 0.48833 0.35156
vt 0.48054 0.44921
vt 0.48054 0.43753
vt 0.50392 0.43753
vt 0.48054 0.44921
vt 0.50392 0.43753
vt 0.50392 0.44921
vt 0.38282 0.49219999999999997
vt 0.38282 0.48044
vt 0.40621 0.48044
vt 0.38282 0.49219999999999997
vt 0.40621 0.48044
vt 0.40621 0.49219999999999997
vn -0.004692244451071136 0.01169361448377365 0.999920617960404
vn -0.004692244451071193 0.011693614483773708 0.9999206179604042
vn 0.0046922449717062276 -0.011693560066295822 -0.999920618594347
vn 0.0046922449717061165 -0.011693560066295822 -0.999920618594347
vn 0.009566333972133412 0.9998863953666706 -0.011648245145946257
vn 0.009566333972133495 0.9998863953666706 -0.011648245145946284
vn -0.009566334050704173 -0.9998863951708642 0.011648261889436656
vn -0.009566334050704228 -0.9998863951708642 0.011648261889436712
vn -0.9999432321654926 0.009510946635869238 -0.004803575805305771
vn -0.9999432318761968 0.00951098693280697 -0.004803556239998008
vn 0.9999432317821942 -0.009510986698541612 0.0048035762720186614
vn 0.9999432322594952 -0.00951094687013357 0.004803555773284674
usemtl m_611be17d-79ae-1664-e1f7-c840cb17f4df
f 721/1081/361 720/1082/361 722/1083/361
f 721/1084/362 722/1085/362 723/1086/362
f 725/1087/363 724/1088/363 726/1089/363
f 725/1090/364 726/1091/364 727/1092/364
f 728/1093/365 729/1094/365 730/1095/365
f 730/1096/366 729/1097/366 731/1098/366
f 732/1099/367 733/1100/367 734/1101/367
f 734/1102/368 733/1103/368 735/1104/368
f 737/1105/369 736/1106/369 738/1107/369
f 737/1108/370 738/1109/370 739/1110/370
f 741/1111/371 740/1112/371 742/1113/371
f 741/1114/372 742/1115/372 743/1116/372
o obj32
v 0.012853729720525953 0.1143032128449945 -0.1222391324939312
v 0.012387366323978757 0.06555868419450778 -0.12167127950684253
v -0.019644433512946875 0.11461231776310221 -0.12239524876660916
v -0.020110796390139754 0.06586779156344741 -0.12182739647500154
v -0.02010192651375962 0.11575243831842433 -0.02490285242013886
v -0.02056829085283426 0.06700791298676681 -0.024334998161431847
v 0.012396235257831442 0.11544333426831394 -0.024746734180361496
v 0.011929872380638695 0.06669880806865906 -0.02417888188875405
v -0.02010192651375962 0.11575243831842433 -0.02490285242013886
v 0.012396235257831442 0.11544333426831394 -0.024746734180361496
v -0.019644433512946875 0.11461231776310221 -0.12239524876660916
v 0.012853729720525953 0.1143032128449945 -0.1222391324939312
v 0.011929872380638695 0.06669880806865906 -0.02417888188875405
v -0.02056829085283426 0.06700791298676681 -0.024334998161431847
v 0.012387366323978757 0.06555868419450778 -0.12167127950684253
v -0.020110796390139754 0.06586779156344741 -0.12182739647500154
v 0.012396235257831442 0.11544333426831394 -0.024746734180361496
v 0.011929872380638695 0.06669880806865906 -0.02417888188875405
v 0.012853729720525953 0.1143032128449945 -0.1222391324939312
v 0.012387366323978757 0.06555868419450778 -0.12167127950684253
v -0.019644433512946875 0.11461231776310221 -0.12239524876660916
v -0.020110796390139754 0.06586779156344741 -0.12182739647500154
v -0.02010192651375962 0.11575243831842433 -0.02490285242013886
v -0.02056829085283426 0.06700791298676681 -0.024334998161431847
vt 0.16406 0.50781
vt 0.16406 0.4960899999999999
vt 0.17187 0.4960899999999999
vt 0.16406 0.50781
vt 0.17187 0.4960899999999999
vt 0.17187 0.50781
vt 0.17187 0.50781
vt 0.17187 0.4960899999999999
vt 0.17969 0.4960899999999999
vt 0.17187 0.50781
vt 0.17969 0.4960899999999999
vt 0.17969 0.50781
vt 0.51172 0.36719
vt 0.51172 0.35936999999999997
vt 0.48828 0.36719
vt 0.48828 0.36719
vt 0.51172 0.35936999999999997
vt 0.48828 0.35936999999999997
vt 0.51172 0.36719
vt 0.51172 0.375
vt 0.48828 0.36719
vt 0.48828 0.36719
vt 0.51172 0.375
vt 0.48828 0.375
vt 0.48437 0.17186999999999997
vt 0.48437 0.16015999999999997
vt 0.50781 0.16015999999999997
vt 0.48437 0.17186999999999997
vt 0.50781 0.16015999999999997
vt 0.50781 0.17186999999999997
vt 0.48047 0.46094
vt 0.48047 0.44921999999999995
vt 0.50391 0.44921999999999995
vt 0.48047 0.46094
vt 0.50391 0.44921999999999995
vt 0.50391 0.46094
vn -0.004692245142875972 0.01169354217594337 0.9999206188027621
vn -0.004692265863910694 0.011693528646102097 0.9999206188637503
vn 0.004692305926101425 -0.011693569722648926 -0.9999206181953832
vn 0.004692245274190099 -0.011693528450258922 -0.9999206189626604
vn 0.00956630836434644 0.9998863957095221 -0.011648236746374553
vn 0.009566333972131219 0.9998863953666706 -0.011648245145945563
vn -0.009566334090696488 -0.9998863950711991 0.011648270411831446
vn -0.009566409771593953 -0.9998863946457042 0.011648244781816502
vn -0.999943231754624 0.009510989580215597 -0.004803576305587699
vn -0.9999432316816548 0.00951099974428199 -0.004803571370644688
vn 0.9999432318249161 -0.009510989755393688 0.004803561326231497
vn 0.9999432314680035 -0.009511019537907284 0.004803576654581643
usemtl m_611be17d-79ae-1664-e1f7-c840cb17f4df
f 745/1117/373 744/1118/373 746/1119/373
f 745/1120/374 746/1121/374 747/1122/374
f 749/1123/375 748/1124/375 750/1125/375
f 749/1126/376 750/1127/376 751/1128/376
f 752/1129/377 753/1130/377 754/1131/377
f 754/1132/378 753/1133/378 755/1134/378
f 756/1135/379 757/1136/379 758/1137/379
f 758/1138/380 757/1139/380 759/1140/380
f 761/1141/381 760/1142/381 762/1143/381
f 761/1144/382 762/1145/382 763/1146/382
f 765/1147/383 764/1148/383 766/1149/383
f 765/1150/384 766/1151/384 767/1152/384
o obj33
v -0.05214258203383491 0.1149214216524975 -0.1225513673975894
v -0.05260894428648392 0.06617689631895135 -0.12198351158748799
v -0.08464074526730786 0.11523052657060526 -0.12270748367026718
v -0.08510710605807487 0.06648600036906166 -0.12213962982726553
v -0.08509823921064795 0.11637065044475654 -0.02521508605217871
v -0.08556460052076963 0.06762612179238121 -0.024647231513695505
v -0.052600076496529556 0.11606154307581698 -0.025058969084019535
v -0.053066437287296556 0.06731701687427337 -0.02449111524101787
v -0.08509823921064795 0.11637065044475654 -0.02521508605217871
v -0.052600076496529556 0.11606154307581698 -0.025058969084019535
v -0.08464074526730786 0.11523052657060526 -0.12270748367026718
v -0.05214258203383491 0.1149214216524975 -0.1225513673975894
v -0.053066437287296556 0.06731701687427337 -0.02449111524101787
v -0.08556460052076963 0.06762612179238121 -0.024647231513695505
v -0.05260894428648392 0.06617689631895135 -0.12198351158748799
v -0.08510710605807487 0.06648600036906166 -0.12213962982726553
v -0.052600076496529556 0.11606154307581698 -0.025058969084019535
v -0.053066437287296556 0.06731701687427337 -0.02449111524101787
v -0.05214258203383491 0.1149214216524975 -0.1225513673975894
v -0.05260894428648392 0.06617689631895135 -0.12198351158748799
v -0.08464074526730786 0.11523052657060526 -0.12270748367026718
v -0.08510710605807487 0.06648600036906166 -0.12213962982726553
v -0.08509823921064795 0.11637065044475654 -0.02521508605217871
v -0.08556460052076963 0.06762612179238121 -0.024647231513695505
vt 0.1875 0.50781
vt 0.1875 0.4960800000000001
vt 0.19535 0.4960800000000001
vt 0.1875 0.50781
vt 0.19535 0.4960800000000001
vt 0.19535 0.50781
vt 0.19535 0.50781
vt 0.19535 0.4960800000000001
vt 0.20305 0.4960800000000001
vt 0.19535 0.50781
vt 0.20305 0.4960800000000001
vt 0.20305 0.50781
vt 0.48437 0.4960800000000001
vt 0.48437 0.48832999999999993
vt 0.46096 0.4960800000000001
vt 0.46096 0.4960800000000001
vt 0.48437 0.48832999999999993
vt 0.46096 0.48832999999999993
vt 0.51563 0.02734000000000003
vt 0.51563 0.035089999999999955
vt 0.49222 0.02734000000000003
vt 0.49222 0.02734000000000003
vt 0.51563 0.035089999999999955
vt 0.49222 0.035089999999999955
vt 0.2109 0.4960800000000001
vt 0.2109 0.48434
vt 0.23431 0.48434
vt 0.2109 0.4960800000000001
vt 0.23431 0.48434
vt 0.23431 0.4960800000000001
vt 0.1875 0.4960800000000001
vt 0.1875 0.48434
vt 0.2109 0.48434
vt 0.1875 0.4960800000000001
vt 0.2109 0.48434
vt 0.2109 0.4960800000000001
vn -0.004692244582390537 0.011693600758092587 0.9999206181203033
vn -0.004692306012937797 0.011693560646888673 0.9999206183011122
vn 0.004692265430108755 -0.011693573987824696 -0.9999206183355381
vn 0.004692244971700843 -0.01169356006629571 -0.999920618594347
vn 0.009566409890155031 0.999886394350233 -0.01164827004770247
vn 0.009566333972133412 0.9998863953666706 -0.011648245145946284
vn -0.009566333932143234 -0.9998863954663353 0.011648236623550273
vn -0.009566308404337032 -0.9998863956098573 0.011648245268770674
vn -0.9999432321654926 0.009510946635869266 -0.004803575805305826
vn -0.9999432319491657 0.009510976768739186 -0.004803561174941683
vn 0.999943232189203 -0.009510946694957558 0.004803570752641707
vn 0.9999432320688139 -0.009510956740854505 0.004803575923025828
usemtl m_611be17d-79ae-1664-e1f7-c840cb17f4df
f 769/1153/385 768/1154/385 770/1155/385
f 769/1156/386 770/1157/386 771/1158/386
f 773/1159/387 772/1160/387 774/1161/387
f 773/1162/388 774/1163/388 775/1164/388
f 776/1165/389 777/1166/389 778/1167/389
f 778/1168/390 777/1169/390 779/1170/390
f 780/1171/391 781/1172/391 782/1173/391
f 782/1174/392 781/1175/392 783/1176/392
f 785/1177/393 784/1178/393 786/1179/393
f 785/1180/394 786/1181/394 787/1182/394
f 789/1183/395 788/1184/395 790/1185/395
f 789/1186/396 790/1187/396 791/1188/396
o obj34
v 0.5013530770175325 0.32335662861331915 0.08887014786127163
v 0.5001094447003154 0.19337132468672694 0.09038442530274898
v 0.42010768855022745 0.3241293894421 0.0884798569405135
v 0.4188640562330105 0.19414408551550766 0.08999413438199055
v 0.41995518869951065 0.32450942908387603 0.12097728320432964
v 0.41871156044995567 0.1945241267382295 0.1224915595346203
v 0.5012005771668158 0.3237366682550952 0.12136757412508778
v 0.4999569483979064 0.19375136345861677 0.12288185115085959
v 0.41995518869951065 0.32450942908387603 0.12097728320432964
v 0.5012005771668158 0.3237366682550952 0.12136757412508778
v 0.42010768855022745 0.3241293894421 0.0884798569405135
v 0.5013530770175325 0.32335662861331915 0.08887014786127163
v 0.4999569483979064 0.19375136345861677 0.12288185115085959
v 0.41871156044995567 0.1945241267382295 0.1224915595346203
v 0.5001094447003154 0.19337132468672694 0.09038442530274898
v 0.4188640562330105 0.19414408551550766 0.08999413438199055
v 0.5012005771668158 0.3237366682550952 0.12136757412508778
v 0.4999569483979064 0.19375136345861677 0.12288185115085959
v 0.5013530770175325 0.32335662861331915 0.08887014786127163
v 0.5001094447003154 0.19337132468672694 0.09038442530274898
v 0.42010768855022745 0.3241293894421 0.0884798569405135
v 0.4188640562330105 0.19414408551550766 0.08999413438199055
v 0.41995518869951065 0.32450942908387603 0.12097728320432964
v 0.41871156044995567 0.1945241267382295 0.1224915595346203
vt 0.03906 0.4766
vt 0.03906 0.44528
vt 0.05866 0.44528
vt 0.03906 0.4766
vt 0.05866 0.44528
vt 0.05866 0.4766
vt 0.21878 0.4766
vt 0.21878 0.44528
vt 0.2382 0.44528
vt 0.21878 0.4766
vt 0.2382 0.44528
vt 0.2382 0.4766
vt 0.18745 0.4219200000000001
vt 0.18745 0.40240999999999993
vt 0.17976 0.4219200000000001
vt 0.17976 0.4219200000000001
vt 0.18745 0.40240999999999993
vt 0.17976 0.40240999999999993
vt 0.41406 0.23438000000000003
vt 0.41406 0.25388999999999995
vt 0.40619 0.23438000000000003
vt 0.40619 0.23438000000000003
vt 0.41406 0.25388999999999995
vt 0.40619 0.25388999999999995
vt 0.3047 0.51562
vt 0.3047 0.48444
vt 0.31257 0.48444
vt 0.3047 0.51562
vt 0.31257 0.48444
vt 0.31257 0.51562
vt 0.29682 0.51562
vt 0.29682 0.48444
vt 0.3047 0.48444
vt 0.29682 0.51562
vt 0.3047 0.48444
vt 0.3047 0.51562
vn -0.004692249132054682 0.011693573215496411 0.9999206184210508
vn -0.004692249132058734 0.01169357321549394 0.9999206184210507
vn 0.00469224921386152 -0.011693564664948806 -0.9999206185206613
vn 0.004692257400505606 -0.011693569890419586 -0.9999206184211352
vn 0.009566318214335708 0.9998863956544458 -0.011648233384657038
vn 0.00956631821433568 0.9998863956544458 -0.01164823338465701
vn -0.00956634841414894 -0.9998863956650547 0.011648207671783234
vn -0.00956631845004674 -0.9998863950670258 0.011648283615188965
vn -0.9999432318257262 0.00951095310442865 -0.0048036337253951076
vn -0.9999432320773383 0.009510981721588846 -0.00480352468694667
vn 0.9999432315641679 -0.00951098044271212 0.004803634043875349
vn 0.9999432324462809 -0.00951095077119729 0.004803509166324993
usemtl m_611be17d-79ae-1664-e1f7-c840cb17f4df
f 793/1189/397 792/1190/397 794/1191/397
f 793/1192/398 794/1193/398 795/1194/398
f 797/1195/399 796/1196/399 798/1197/399
f 797/1198/400 798/1199/400 799/1200/400
f 800/1201/401 801/1202/401 802/1203/401
f 802/1204/402 801/1205/402 803/1206/402
f 804/1207/403 805/1208/403 806/1209/403
f 806/1210/404 805/1211/404 807/1212/404
f 809/1213/405 808/1214/405 810/1215/405
f 809/1216/406 810/1217/406 811/1218/406
f 813/1219/407 812/1220/407 814/1221/407
f 813/1222/408 814/1223/408 815/1224/408
o obj35
v 0.5018105696834456 0.32221650825831727 -0.008622121670815469
v 0.5005669373662286 0.192231204331725 -0.007107844229338273
v 0.4205651812161405 0.3229892690870982 -0.009012412591573565
v 0.4193215488989236 0.19300396516050577 -0.007498135150096535
v 0.4204126819899674 0.323369309594983 0.02348501719073673
v 0.41916905322105813 0.19338400479850446 0.0249992942165084
v 0.5016580704572725 0.32259654876620203 0.02387530811149488
v 0.5004144416883632 0.1926112439697236 0.02538958513726655
v 0.4204126819899674 0.323369309594983 0.02348501719073673
v 0.5016580704572725 0.32259654876620203 0.02387530811149488
v 0.4205651812161405 0.3229892690870982 -0.009012412591573565
v 0.5018105696834456 0.32221650825831727 -0.008622121670815469
v 0.5004144416883632 0.1926112439697236 0.02538958513726655
v 0.41916905322105813 0.19338400479850446 0.0249992942165084
v 0.5005669373662286 0.192231204331725 -0.007107844229338273
v 0.4193215488989236 0.19300396516050577 -0.007498135150096535
v 0.5016580704572725 0.32259654876620203 0.02387530811149488
v 0.5004144416883632 0.1926112439697236 0.02538958513726655
v 0.5018105696834456 0.32221650825831727 -0.008622121670815469
v 0.5005669373662286 0.192231204331725 -0.007107844229338273
v 0.4205651812161405 0.3229892690870982 -0.009012412591573565
v 0.4193215488989236 0.19300396516050577 -0.007498135150096535
v 0.4204126819899674 0.323369309594983 0.02348501719073673
v 0.41916905322105813 0.19338400479850446 0.0249992942165084
vt 0.44927 0.46873999999999993
vt 0.44927 0.43748
vt 0.46875 0.43748
vt 0.44927 0.46873999999999993
vt 0.46875 0.43748
vt 0.46875 0.46873999999999993
vt 0.30082 0.48436999999999997
vt 0.30082 0.45311
vt 0.3203 0.45311
vt 0.30082 0.48436999999999997
vt 0.3203 0.45311
vt 0.3203 0.48436999999999997
vt 0.13289 0.45311
vt 0.13289 0.4335899999999999
vt 0.125 0.45311
vt 0.125 0.45311
vt 0.13289 0.4335899999999999
vt 0.125 0.4335899999999999
vt 0.24608 0.44530000000000003
vt 0.24608 0.46485
vt 0.23835 0.44530000000000003
vt 0.23835 0.44530000000000003
vt 0.24608 0.46485
vt 0.23835 0.46485
vt 0.44138 0.51563
vt 0.44138 0.48436999999999997
vt 0.44927 0.48436999999999997
vt 0.44138 0.51563
vt 0.44927 0.48436999999999997
vt 0.44927 0.51563
vt 0.31258 0.51563
vt 0.31258 0.48436999999999997
vt 0.3203 0.48436999999999997
vt 0.31258 0.51563
vt 0.3203 0.48436999999999997
vt 0.3203 0.51563
vn -0.004692249132054961 0.011693573215495164 0.999920618421051
vn -0.00469224913205707 0.011693573215493915 0.999920618421051
vn 0.004692249164616635 -0.011693569812082583 -0.9999206184606991
vn 0.004692249164616801 -0.011693569812082692 -0.9999206184606991
vn 0.009566318334312679 0.9998863953554509 -0.011648258951872242
vn 0.009566318334312957 0.9998863953554508 -0.011648258951873047
vn -0.009566318214335567 -0.9998863956544458 0.011648233384652151
vn -0.009566318214334487 -0.9998863956544458 0.011648233384654762
vn -0.9999432319171424 0.009510953332244306 -0.004803614244725086
vn -0.9999432321687525 0.00951098194940442 -0.0048035052062890835
vn 0.9999432316555842 -0.009510980670528857 0.004803614563204661
vn 0.9999432324303105 -0.009510954611118503 0.004803504887813836
usemtl m_611be17d-79ae-1664-e1f7-c840cb17f4df
f 817/1225/409 816/1226/409 818/1227/409
f 817/1228/410 818/1229/410 819/1230/410
f 821/1231/411 820/1232/411 822/1233/411
f 821/1234/412 822/1235/412 823/1236/412
f 824/1237/413 825/1238/413 826/1239/413
f 826/1240/414 825/1241/414 827/1242/414
f 828/1243/415 829/1244/415 830/1245/415
f 830/1246/416 829/1247/416 831/1248/416
f 833/1249/417 832/1250/417 834/1251/417
f 833/1252/418 834/1253/418 835/1254/418
f 837/1255/419 836/1256/419 838/1257/419
f 837/1258/420 838/1259/420 839/1260/420
o obj36
v -0.6047438402374157 0.2203290486452727 0.10113312769395155
v -0.6053656533810947 0.15533656520114 0.10189026474383797
v -0.6534911332918342 0.22079270781224183 0.10089895275500996
v -0.6541129485219388 0.15580022436999783 0.10165608825350209
v -0.6537198818260714 0.22136276729942994 0.14964515148383825
v -0.6543416949697505 0.15637028385529728 0.15040228853372484
v -0.6049725861658728 0.220899110581404 0.14987932727869302
v -0.6055944013959776 0.15590662713915998 0.15063646277718515
v -0.6537198818260714 0.22136276729942994 0.14964515148383825
v -0.6049725861658728 0.220899110581404 0.14987932727869302
v -0.6534911332918342 0.22079270781224183 0.10089895275500996
v -0.6047438402374157 0.2203290486452727 0.10113312769395155
v -0.6055944013959776 0.15590662713915998 0.15063646277718515
v -0.6543416949697505 0.15637028385529728 0.15040228853372484
v -0.6053656533810947 0.15533656520114 0.10189026474383797
v -0.6541129485219388 0.15580022436999783 0.10165608825350209
v -0.6049725861658728 0.220899110581404 0.14987932727869302
v -0.6055944013959776 0.15590662713915998 0.15063646277718515
v -0.6047438402374157 0.2203290486452727 0.10113312769395155
v -0.6053656533810947 0.15533656520114 0.10189026474383797
v -0.6534911332918342 0.22079270781224183 0.10089895275500996
v -0.6541129485219388 0.15580022436999783 0.10165608825350209
v -0.6537198818260714 0.22136276729942994 0.14964515148383825
v -0.6543416949697505 0.15637028385529728 0.15040228853372484
vt 0.28514 0.50389
vt 0.28514 0.48831
vt 0.29688 0.48831
vt 0.28514 0.50389
vt 0.29688 0.48831
vt 0.29688 0.50389
vt 0.10154 0.50781
vt 0.10154 0.49217
vt 0.11329 0.49217
vt 0.10154 0.50781
vt 0.11329 0.49217
vt 0.11329 0.50781
vt 0.0742 0.17971000000000004
vt 0.0742 0.16798999999999997
vt 0.06251 0.17971000000000004
vt 0.06251 0.17971000000000004
vt 0.0742 0.16798999999999997
vt 0.06251 0.16798999999999997
vt 0.07034 0.44531999999999994
vt 0.07034 0.45703000000000005
vt 0.05859 0.44531999999999994
vt 0.05859 0.44531999999999994
vt 0.07034 0.45703000000000005
vt 0.05859 0.45703000000000005
vt 0.49216 0.05079
vt 0.49216 0.03515999999999997
vt 0.50391 0.03515999999999997
vt 0.49216 0.05079
vt 0.50391 0.03515999999999997
vt 0.50391 0.05079
vt 0.38283 0.41796999999999995
vt 0.38283 0.4023300000000001
vt 0.39452 0.4023300000000001
vt 0.38283 0.41796999999999995
vt 0.39452 0.4023300000000001
vt 0.39452 0.41796999999999995
vn -0.004692250604264647 0.011693577625174895 0.9999206183625733
vn -0.004692282448967133 0.01169355421379975 0.9999206184869218
vn 0.004692268495639418 -0.01169357779534988 -0.9999206182766256
vn 0.004692237104663265 -0.011693553782506276 -0.9999206187047496
vn 0.009566310696277003 0.9998863958824005 -0.011648219991304776
vn 0.009566361466325002 0.9998863948108166 -0.011648270280322975
vn -0.009566310933402211 -0.9998863952914585 0.011648270523077486
vn -0.009566361229197518 -0.9998863954017586 0.01164821974855304
vn -0.9999432318585237 0.009510992040841298 -0.004803549805071805
vn -0.9999432319651486 0.009510959330244484 -0.004803592375669241
vn 0.9999432316095751 -0.009510991420433379 0.004803602856204736
vn 0.9999432321192563 -0.00951095971429855 0.004803559535184798
usemtl m_611be17d-79ae-1664-e1f7-c840cb17f4df
f 841/1261/421 840/1262/421 842/1263/421
f 841/1264/422 842/1265/422 843/1266/422
f 845/1267/423 844/1268/423 846/1269/423
f 845/1270/424 846/1271/424 847/1272/424
f 848/1273/425 849/1274/425 850/1275/425
f 850/1276/426 849/1277/426 851/1278/426
f 852/1279/427 853/1280/427 854/1281/427
f 854/1282/428 853/1283/428 855/1284/428
f 857/1285/429 856/1286/429 858/1287/429
f 857/1288/430 858/1289/430 859/1290/430
f 861/1291/431 860/1292/431 862/1293/431
f 861/1294/432 862/1295/432 863/1296/432
o obj37
v -0.6040575991521202 0.21861886811088116 -0.04510527505278486
v -0.604679414382225 0.15362638466863715 -0.044348139554292676
v -0.6528048957548463 0.21908252814773643 -0.04533944957602104
v -0.6534267088985255 0.15409004470360377 -0.04458231252613448
v -0.6530336415781145 0.21965258849914468 0.0034067542226957626
v -0.6536554568082192 0.15466010505690064 0.004163889721187863
v -0.6042863470618139 0.2191889284641781 0.0036409271945376243
v -0.6049081602054931 0.1541964450200454 0.004398064244424127
v -0.6530336415781145 0.21965258849914468 0.0034067542226957626
v -0.6042863470618139 0.2191889284641781 0.0036409271945376243
v -0.6528048957548463 0.21908252814773643 -0.04533944957602104
v -0.6040575991521202 0.21861886811088116 -0.04510527505278486
v -0.6049081602054931 0.1541964450200454 0.004398064244424127
v -0.6536554568082192 0.15466010505690064 0.004163889721187863
v -0.604679414382225 0.15362638466863715 -0.044348139554292676
v -0.6534267088985255 0.15409004470360377 -0.04458231252613448
v -0.6042863470618139 0.2191889284641781 0.0036409271945376243
v -0.6049081602054931 0.1541964450200454 0.004398064244424127
v -0.6040575991521202 0.21861886811088116 -0.04510527505278486
v -0.604679414382225 0.15362638466863715 -0.044348139554292676
v -0.6528048957548463 0.21908252814773643 -0.04533944957602104
v -0.6534267088985255 0.15409004470360377 -0.04458231252613448
v -0.6530336415781145 0.21965258849914468 0.0034067542226957626
v -0.6536554568082192 0.15466010505690064 0.004163889721187863
vt 0.32032 0.50781
vt 0.32032 0.49219
vt 0.332 0.49219
vt 0.32032 0.50781
vt 0.332 0.49219
vt 0.332 0.50781
vt 0.39448 0.50781
vt 0.39448 0.49219
vt 0.40616 0.49219
vt 0.39448 0.50781
vt 0.40616 0.49219
vt 0.40616 0.50781
vt 0.4375 0.5039
vt 0.4375 0.49219
vt 0.42582 0.5039
vt 0.42582 0.5039
vt 0.4375 0.49219
vt 0.42582 0.49219
vt 0.05074 0.4961
vt 0.05074 0.50781
vt 0.03906 0.4961
vt 0.03906 0.4961
vt 0.05074 0.50781
vt 0.03906 0.50781
vt 0.38281 0.50781
vt 0.38281 0.49219
vt 0.39448 0.49219
vt 0.38281 0.50781
vt 0.39448 0.49219
vt 0.39448 0.50781
vt 0.11322 0.50781
vt 0.11322 0.49219
vt 0.1251 0.49219
vt 0.11322 0.50781
vt 0.1251 0.49219
vt 0.1251 0.50781
vn -0.00469224175485633 0.011693553826737257 0.9999206186824109
vn -0.0046922099101525125 0.011693577238114069 0.9999206185580611
vn 0.0046922101370177605 -0.011693553526001904 -0.9999206188342977
vn 0.00469224152799419 -0.01169357753884731 -0.9999206184061743
vn 0.009566378354362165 0.9998863950403041 -0.011648236711462812
vn 0.0095663783543605 0.9998863950403042 -0.011648236711461174
vn -0.009566378354360305 -0.9998863950403042 0.011648236711462506
vn -0.00956637835436272 -0.9998863950403041 0.01164823671146012
vn -0.9999432319786717 0.009510959363946277 -0.004803589493899475
vn -0.9999432318720467 0.009510992074541341 -0.004803546923306812
vn 0.9999432321801995 -0.00951095986617609 0.004803546548094396
vn 0.9999432316705188 -0.009510991572311417 0.004803589869112335
usemtl m_611be17d-79ae-1664-e1f7-c840cb17f4df
f 865/1297/433 864/1298/433 866/1299/433
f 865/1300/434 866/1301/434 867/1302/434
f 869/1303/435 868/1304/435 870/1305/435
f 869/1306/436 870/1307/436 871/1308/436
f 872/1309/437 873/1310/437 874/1311/437
f 874/1312/438 873/1313/438 875/1314/438
f 876/1315/439 877/1316/439 878/1317/439
f 878/1318/440 877/1319/440 879/1320/440
f 881/1321/441 880/1322/441 882/1323/441
f 881/1324/442 882/1325/442 883/1326/442
f 885/1327/443 884/1328/443 886/1329/443
f 885/1330/444 886/1331/444 887/1332/444
o obj38
v -0.17257563385218844 0.4997129364283196 -0.030116391355256872
v -0.14567063616975273 0.4405484698684088 -0.029298237709399502
v -0.2465374628778546 0.4660794880318452 -0.030070139876087032
v -0.21963246164711114 0.4069150206020483 -0.029251986645935174
v -0.247299949715657 0.46797968838334736 0.13241697910534597
v -0.22039495057133923 0.4088152209554391 0.13323513078410362
v -0.17333812277641672 0.5016131367817104 0.13237072607478206
v -0.14643312509398085 0.44244867022179957 0.1331888797206393
v -0.247299949715657 0.46797968838334736 0.13241697910534597
v -0.17333812277641672 0.5016131367817104 0.13237072607478206
v -0.2465374628778546 0.4660794880318452 -0.030070139876087032
v -0.17257563385218844 0.4997129364283196 -0.030116391355256872
v -0.14643312509398085 0.44244867022179957 0.1331888797206393
v -0.22039495057133923 0.4088152209554391 0.13323513078410362
v -0.14567063616975273 0.4405484698684088 -0.029298237709399502
v -0.21963246164711114 0.4069150206020483 -0.029251986645935174
v -0.17333812277641672 0.5016131367817104 0.13237072607478206
v -0.14643312509398085 0.44244867022179957 0.1331888797206393
v -0.17257563385218844 0.4997129364283196 -0.030116391355256872
v -0.14567063616975273 0.4405484698684088 -0.029298237709399502
v -0.2465374628778546 0.4660794880318452 -0.030070139876087032
v -0.21963246164711114 0.4069150206020483 -0.029251986645935174
v -0.247299949715657 0.46797968838334736 0.13241697910534597
v -0.22039495057133923 0.4088152209554391 0.13323513078410362
vt 0.37895 0.11724000000000001
vt 0.37895 0.10155999999999998
vt 0.39842 0.10155999999999998
vt 0.37895 0.11724000000000001
vt 0.39842 0.10155999999999998
vt 0.39842 0.11724000000000001
vt 0.27734 0.48828000000000005
vt 0.27734 0.4726
vt 0.29692 0.4726
vt 0.27734 0.48828000000000005
vt 0.29692 0.4726
vt 0.29692 0.48828000000000005
vt 0.4687 0.16013
vt 0.4687 0.14066999999999996
vt 0.42965 0.16013
vt 0.42965 0.16013
vt 0.4687 0.14066999999999996
vt 0.42965 0.14066999999999996
vt 0.4687 0.3789
vt 0.4687 0.39836000000000005
vt 0.42965 0.3789
vt 0.42965 0.3789
vt 0.4687 0.39836000000000005
vt 0.42965 0.39836000000000005
vt 0.32031 0.46882
vt 0.32031 0.45314
vt 0.35937 0.45314
vt 0.32031 0.46882
vt 0.35937 0.45314
vt 0.35937 0.46882
vt 0.44923 0.37493
vt 0.44923 0.35944
vt 0.48828 0.35944
vt 0.44923 0.37493
vt 0.48828 0.35944
vt 0.48828 0.37493
vn -0.004692248010424894 0.011693569095673375 0.9999206184744935
vn -0.004692250150154398 0.011693560644808698 0.9999206185632812
vn 0.004692218106448264 -0.011693549166801124 -0.9999206188478789
vn 0.004692252967988697 -0.01169356684126513 -0.9999206184775936
vn -0.4139239205928346 0.9102244537291082 -0.012586969238214788
vn -0.4139239106535004 0.910224458173633 -0.012586974689323908
vn 0.41392393592104265 -0.9102244466834544 0.012586974673522378
vn 0.41392393592104265 -0.9102244466834544 0.012586974673522378
vn -0.9102993925684351 -0.41395010792360626 0.0005692447392779965
vn -0.9102993925684356 -0.41395010792360487 0.0005692447392786071
vn 0.9102993743457788 0.4139501479794203 -0.0005692569717297147
vn 0.9102993863750865 0.4139501215428659 -0.0005692449276115119
usemtl m_611be17d-79ae-1664-e1f7-c840cb17f4df
f 889/1333/445 888/1334/445 890/1335/445
f 889/1336/446 890/1337/446 891/1338/446
f 893/1339/447 892/1340/447 894/1341/447
f 893/1342/448 894/1343/448 895/1344/448
f 896/1345/449 897/1346/449 898/1347/449
f 898/1348/450 897/1349/450 899/1350/450
f 900/1351/451 901/1352/451 902/1353/451
f 902/1354/452 901/1355/452 903/1356/452
f 905/1357/453 904/1358/453 906/1359/453
f 905/1360/454 906/1361/454 907/1362/454
f 909/1363/455 908/1364/455 910/1365/455
f 909/1366/456 910/1367/456 911/1368/456
o obj39
v -0.19658435337690341 0.3613684821772031 -0.0123600817247589
v -0.1972598701890289 0.2622042821528625 -0.06808308826553353
v -0.5865614413956977 0.36507773348816885 -0.014233475964451237
v -0.587236956745941 0.26591353259583084 -0.06995648447232553
v -0.586992722723518 0.34119914414468944 0.02826589040465033
v -0.5876682395356435 0.24203494412034882 -0.027457116136124393
v -0.19701563470472389 0.33748989283372366 0.030139284644342762
v -0.1976911515168493 0.23832569280938304 -0.0255837218964321
v -0.586992722723518 0.34119914414468944 0.02826589040465033
v -0.19701563470472389 0.33748989283372366 0.030139284644342762
v -0.5865614413956977 0.36507773348816885 -0.014233475964451237
v -0.19658435337690341 0.3613684821772031 -0.0123600817247589
v -0.1976911515168493 0.23832569280938304 -0.0255837218964321
v -0.5876682395356435 0.24203494412034882 -0.027457116136124393
v -0.1972598701890289 0.2622042821528625 -0.06808308826553353
v -0.587236956745941 0.26591353259583084 -0.06995648447232553
v -0.19701563470472389 0.33748989283372366 0.030139284644342762
v -0.1976911515168493 0.23832569280938304 -0.0255837218964321
v -0.19658435337690341 0.3613684821772031 -0.0123600817247589
v -0.1972598701890289 0.2622042821528625 -0.06808308826553353
v -0.5865614413956977 0.36507773348816885 -0.014233475964451237
v -0.587236956745941 0.26591353259583084 -0.06995648447232553
v -0.586992722723518 0.34119914414468944 0.02826589040465033
v -0.5876682395356435 0.24203494412034882 -0.027457116136124393
vt 0.24999 0.14453000000000005
vt 0.24999 0.11719000000000002
vt 0.34373 0.11719000000000002
vt 0.24999 0.14453000000000005
vt 0.34373 0.11719000000000002
vt 0.34373 0.14453000000000005
vt 0.24999 0.17186999999999997
vt 0.24999 0.14453000000000005
vt 0.34373 0.14453000000000005
vt 0.24999 0.17186999999999997
vt 0.34373 0.14453000000000005
vt 0.34373 0.17186999999999997
vt 0.17968 0.4960899999999999
vt 0.17968 0.4023300000000001
vt 0.16797 0.4960899999999999
vt 0.16797 0.4960899999999999
vt 0.17968 0.4023300000000001
vt 0.16797 0.4023300000000001
vt 0.3828 0.4023300000000001
vt 0.3828 0.4960899999999999
vt 0.37109 0.4023300000000001
vt 0.37109 0.4023300000000001
vt 0.3828 0.4960899999999999
vt 0.37109 0.4960899999999999
vt 0.44922 0.4960899999999999
vt 0.44922 0.46876000000000007
vt 0.46094 0.46876000000000007
vt 0.44922 0.4960899999999999
vt 0.46094 0.46876000000000007
vt 0.46094 0.4960899999999999
vt 0.46876 0.46482
vt 0.46876 0.43748
vt 0.48047 0.43748
vt 0.46876 0.46482
vt 0.48047 0.43748
vt 0.48047 0.46482
vn -0.00884677978802495 -0.4898165173400929 0.8717806569477238
vn -0.00884678319598553 -0.48981652729179004 0.8717806513217041
vn 0.008846779788025063 0.4898165173400935 -0.8717806569477236
vn 0.008846779788024896 0.48981651734009385 -0.8717806569477233
vn 0.005938560622428923 0.8717736574367518 0.48987286483033815
vn 0.005938560622429034 0.8717736574367526 0.4898728648303368
vn -0.005938560622429145 -0.871773657436751 -0.48987286483033976
vn -0.005938556544452965 -0.8717736746762486 -0.48987283420050814
vn -0.9999432320357431 0.009510966879179102 -0.004803562733550038
vn -0.9999432320357433 0.009510966879178935 -0.004803562733548151
vn 0.9999432321119979 -0.009510955685174377 0.004803569023758225
vn 0.9999432317706834 -0.009510981554617744 0.004803588853050767
usemtl m_611be17d-79ae-1664-e1f7-c840cb17f4df
f 913/1369/457 912/1370/457 914/1371/457
f 913/1372/458 914/1373/458 915/1374/458
f 917/1375/459 916/1376/459 918/1377/459
f 917/1378/460 918/1379/460 919/1380/460
f 920/1381/461 921/1382/461 922/1383/461
f 922/1384/462 921/1385/462 923/1386/462
f 924/1387/463 925/1388/463 926/1389/463
f 926/1390/464 925/1391/464 927/1392/464
f 929/1393/465 928/1394/465 930/1395/465
f 929/1396/466 930/1397/466 931/1398/466
f 933/1399/467 932/1400/467 934/1401/467
f 933/1402/468 934/1403/468 935/1404/468
o obj40
v -0.4471534783840597 0.12426310754689714 0.10572906324904319
v -0.44737080760971676 0.09465083903475184 0.09233815719157046
v -0.4739290522134089 0.11683663674443621 0.12258629766083831
v -0.47414638143906584 0.08722436823229086 0.10919539160336547
v -0.40025171477902255 0.07225659193655369 0.21997361339565938
v -0.40046904254279736 0.042644322556410874 0.2065827053710868
v -0.37347613948779146 0.07968306187101722 0.2031163770167646
v -0.3736934687134484 0.05007079335887184 0.1897254709592917
v -0.40025171477902255 0.07225659193655369 0.21997361339565938
v -0.37347613948779146 0.07968306187101722 0.2031163770167646
v -0.4739290522134089 0.11683663674443621 0.12258629766083831
v -0.4471534783840597 0.12426310754689714 0.10572906324904319
v -0.3736934687134484 0.05007079335887184 0.1897254709592917
v -0.40046904254279736 0.042644322556410874 0.2065827053710868
v -0.44737080760971676 0.09465083903475184 0.09233815719157046
v -0.47414638143906584 0.08722436823229086 0.10919539160336547
v -0.37347613948779146 0.07968306187101722 0.2031163770167646
v -0.3736934687134484 0.05007079335887184 0.1897254709592917
v -0.4471534783840597 0.12426310754689714 0.10572906324904319
v -0.44737080760971676 0.09465083903475184 0.09233815719157046
v -0.4739290522134089 0.11683663674443621 0.12258629766083831
v -0.47414638143906584 0.08722436823229086 0.10919539160336547
v -0.40025171477902255 0.07225659193655369 0.21997361339565938
v -0.40046904254279736 0.042644322556410874 0.2065827053710868
vt 0.09373 0.3125
vt 0.09373 0.30467
vt 0.10153 0.30467
vt 0.09373 0.3125
vt 0.10153 0.30467
vt 0.10153 0.3125
vt 0.10153 0.3125
vt 0.10153 0.30467
vt 0.10939 0.30467
vt 0.10153 0.3125
vt 0.10939 0.30467
vt 0.10939 0.3125
vt 0.07033 0.4960899999999999
vt 0.07033 0.48827
vt 0.03906 0.4960899999999999
vt 0.03906 0.4960899999999999
vt 0.07033 0.48827
vt 0.03906 0.48827
vt 0.51953 0.05078000000000005
vt 0.51953 0.05861000000000005
vt 0.48827 0.05078000000000005
vt 0.48827 0.05078000000000005
vt 0.51953 0.05861000000000005
vt 0.48827 0.05861000000000005
vt 0.48439 0.49218000000000006
vt 0.48439 0.48435000000000006
vt 0.5156 0.48435000000000006
vt 0.48439 0.49218000000000006
vt 0.5156 0.48435000000000006
vt 0.5156 0.49218000000000006
vt 0.48439 0.48435000000000006
vt 0.48439 0.47658
vt 0.5156 0.47658
vt 0.48439 0.48435000000000006
vt 0.5156 0.47658
vt 0.5156 0.48435000000000006
vn 0.5667484618853414 -0.3429232909961138 0.7491326968187908
vn 0.5667484618853408 -0.3429232909961149 0.7491326968187909
vn -0.5667484706214077 0.34292329829390805 -0.7491326868689704
vn -0.5667484618853431 0.34292329099611424 -0.7491326968187895
vn 0.006686949167645173 0.9111467206296375 0.41202783667694903
vn 0.006686915759938072 0.91114670524073 0.41202787124972706
vn -0.006686915759936518 -0.9111467052407293 -0.4120278712497292
vn -0.006686915759935021 -0.911146705240729 -0.41202787124972984
vn -0.8238637624321374 -0.22850665890986738 0.5186841117530134
vn -0.8238637624321364 -0.228506658909863 0.5186841117530165
vn 0.8238637712662213 0.2285066535646153 -0.5186841000760487
vn 0.8238637628490649 0.228506715719213 -0.518684086063375
usemtl m_611be17d-79ae-1664-e1f7-c840cb17f4df
f 937/1405/469 936/1406/469 938/1407/469
f 937/1408/470 938/1409/470 939/1410/470
f 941/1411/471 940/1412/471 942/1413/471
f 941/1414/472 942/1415/472 943/1416/472
f 944/1417/473 945/1418/473 946/1419/473
f 946/1420/474 945/1421/474 947/1422/474
f 948/1423/475 949/1424/475 950/1425/475
f 950/1426/476 949/1427/476 951/1428/476
f 953/1429/477 952/1430/477 954/1431/477
f 953/1432/478 954/1433/478 955/1434/478
f 957/1435/479 956/1436/479 958/1437/479
f 957/1438/480 958/1439/480 959/1440/480
o obj41
v -0.22478419259212204 0.08421974231300985 0.25258741192731327
v -0.21942428720833393 0.05584569124665564 0.23767316649755346
v -0.39245799751670685 0.08510237998123155 0.19064929423118224
v -0.3870980885846109 0.05672832804499116 0.175735048385717
v -0.40236343723872225 0.069255062832793 0.2172386681755366
v -0.3970035323742885 0.040881009315606814 0.20232442344125784
v -0.23468963491991768 0.06837242271562813 0.2791767850157546
v -0.2293297295361293 0.03999837164927375 0.26426253958599444
v -0.40236343723872225 0.069255062832793 0.2172386681755366
v -0.23468963491991768 0.06837242271562813 0.2791767850157546
v -0.39245799751670685 0.08510237998123155 0.19064929423118224
v -0.22478419259212204 0.08421974231300985 0.25258741192731327
v -0.2293297295361293 0.03999837164927375 0.26426253958599444
v -0.3970035323742885 0.040881009315606814 0.20232442344125784
v -0.21942428720833393 0.05584569124665564 0.23767316649755346
v -0.3870980885846109 0.05672832804499116 0.175735048385717
v -0.23468963491991768 0.06837242271562813 0.2791767850157546
v -0.2293297295361293 0.03999837164927375 0.26426253958599444
v -0.22478419259212204 0.08421974231300985 0.25258741192731327
v -0.21942428720833393 0.05584569124665564 0.23767316649755346
v -0.39245799751670685 0.08510237998123155 0.19064929423118224
v -0.3870980885846109 0.05672832804499116 0.175735048385717
v -0.40236343723872225 0.069255062832793 0.2172386681755366
v -0.3970035323742885 0.040881009315606814 0.20232442344125784
vt 0.32034 0.03908999999999996
vt 0.32034 0.03125
vt 0.36326 0.03125
vt 0.32034 0.03908999999999996
vt 0.36326 0.03125
vt 0.36326 0.03908999999999996
vt 0.46098 0.27737999999999996
vt 0.46098 0.26954999999999996
vt 0.50391 0.26954999999999996
vt 0.46098 0.27737999999999996
vt 0.50391 0.26954999999999996
vt 0.50391 0.27737999999999996
vt 0.28913 0.41019000000000005
vt 0.28913 0.36719
vt 0.28121 0.41019000000000005
vt 0.28121 0.41019000000000005
vt 0.28913 0.36719
vt 0.28121 0.36719
vt 0.37102 0.42184
vt 0.37102 0.4648399999999999
vt 0.36326 0.42184
vt 0.36326 0.42184
vt 0.37102 0.4648399999999999
vt 0.36326 0.4648399999999999
vt 0.17969 0.42968000000000006
vt 0.17969 0.42184
vt 0.18745 0.42184
vt 0.17969 0.42968000000000006
vt 0.18745 0.42184
vt 0.18745 0.42968000000000006
vt 0.40618 0.26171
vt 0.40618 0.25387000000000004
vt 0.4141 0.25387000000000004
vt 0.40618 0.26171
vt 0.4141 0.25387000000000004
vt 0.4141 0.26171
vn -0.30478281900401866 -0.4876098253776523 0.8181345191563179
vn -0.3047828191768405 -0.487609852143293 0.818134503139559
vn 0.3047828355183351 0.4876097737023214 -0.818134543802775
vn 0.30478281567556625 0.48760982539518105 -0.8181345203858319
vn -0.16492021411900853 0.8730477320458919 0.4588997499939011
vn -0.16492024484867157 0.8730477005806858 0.4588997988121498
vn 0.16492024292699445 -0.8730477005705652 -0.45889979952201987
vn 0.1649202350730274 -0.8730477291535006 -0.4588997479661255
vn -0.9380345248885164 0.004937915829115915 -0.3465066335648422
vn -0.9380345248885181 0.004937915829117372 -0.34650663356483735
vn 0.9380345342981242 -0.004937789230229514 0.3465066098960008
vn 0.938034519568363 -0.004937932529126027 0.3465066477291425
usemtl m_611be17d-79ae-1664-e1f7-c840cb17f4df
f 961/1441/481 960/1442/481 962/1443/481
f 961/1444/482 962/1445/482 963/1446/482
f 965/1447/483 964/1448/483 966/1449/483
f 965/1450/484 966/1451/484 967/1452/484
f 968/1453/485 969/1454/485 970/1455/485
f 970/1456/486 969/1457/486 971/1458/486
f 972/1459/487 973/1460/487 974/1461/487
f 974/1462/488 973/1463/488 975/1464/488
f 977/1465/489 976/1466/489 978/1467/489
f 977/1468/490 978/1469/490 979/1470/490
f 981/1471/491 980/1472/491 982/1473/491
f 981/1474/492 982/1475/492 983/1476/492
o obj42
v -0.37208724720098185 0.07622186612439362 -0.0928501779294145
v -0.37243346946601197 0.046930820343531965 -0.07877307195842599
v -0.3987042722979417 0.06840027940214094 -0.10977964665455195
v -0.3990504945629719 0.039109233621279355 -0.09570254068356321
v -0.47328732971720083 0.11523747184853074 -0.014157140618907021
v -0.4736335540686568 0.0859464260695578 -0.00008003619931268302
v -0.4466703031583589 0.12305905770278587 0.002772326139130532
v -0.44701652897169686 0.0937680127918104 0.016849432525824548
v -0.47328732971720083 0.11523747184853074 -0.014157140618907021
v -0.4466703031583589 0.12305905770278587 0.002772326139130532
v -0.3987042722979417 0.06840027940214094 -0.10977964665455195
v -0.37208724720098185 0.07622186612439362 -0.0928501779294145
v -0.44701652897169686 0.0937680127918104 0.016849432525824548
v -0.4736335540686568 0.0859464260695578 -0.00008003619931268302
v -0.37243346946601197 0.046930820343531965 -0.07877307195842599
v -0.3990504945629719 0.039109233621279355 -0.09570254068356321
v -0.4466703031583589 0.12305905770278587 0.002772326139130532
v -0.44701652897169686 0.0937680127918104 0.016849432525824548
v -0.37208724720098185 0.07622186612439362 -0.0928501779294145
v -0.37243346946601197 0.046930820343531965 -0.07877307195842599
v -0.3987042722979417 0.06840027940214094 -0.10977964665455195
v -0.3990504945629719 0.039109233621279355 -0.09570254068356321
v -0.47328732971720083 0.11523747184853074 -0.014157140618907021
v -0.4736335540686568 0.0859464260695578 -0.00008003619931268302
vt 0.22656 0.47656999999999994
vt 0.22656 0.48435000000000006
vt 0.23436 0.47656999999999994
vt 0.23436 0.47656999999999994
vt 0.22656 0.48435000000000006
vt 0.23436 0.48435000000000006
vt 0.45705 0.49607
vt 0.45705 0.50391
vt 0.46484 0.49607
vt 0.46484 0.49607
vt 0.45705 0.50391
vt 0.46484 0.50391
vt 0.51953 0.12892000000000003
vt 0.51953 0.12107999999999997
vt 0.48827 0.12892000000000003
vt 0.48827 0.12892000000000003
vt 0.51953 0.12107999999999997
vt 0.48827 0.12107999999999997
vt 0.51953 0.14064
vt 0.51953 0.14842
vt 0.48827 0.14064
vt 0.48827 0.14064
vt 0.51953 0.14842
vt 0.48827 0.14842
vt 0.48827 0.11329999999999996
vt 0.48827 0.12107999999999997
vt 0.51953 0.11329999999999996
vt 0.51953 0.11329999999999996
vt 0.48827 0.12107999999999997
vt 0.51953 0.12107999999999997
vt 0.48827 0.10546999999999995
vt 0.48827 0.11329999999999996
vt 0.51953 0.10546999999999995
vt 0.51953 0.10546999999999995
vt 0.48827 0.11329999999999996
vt 0.51953 0.11329999999999996
vn 0.5737155620594675 -0.3602859056079786 -0.7355572853768958
vn 0.5737155620594618 -0.36028590560798635 -0.7355572853768964
vn -0.5737154965637742 0.3602859264172318 0.7355573262691761
vn -0.5737155611892205 0.36028597923151323 0.7355572499938584
vn 0.01065302339226072 0.9012629090375153 -0.43314164182844367
vn 0.010653025918593266 0.9012629094328204 -0.43314164094377466
vn -0.010653028417063747 -0.9012629078638135 0.433141644147049
vn -0.010653028417063743 -0.9012629078638135 0.433141644147049
vn 0.81898536468884 0.24066415132018898 0.5209066506532827
vn 0.8189853545565436 0.2406642269702186 0.5209066316325023
vn -0.8189853656620335 -0.2406642199961149 -0.5209066173942187
vn -0.8189853537316962 -0.24066415718670633 -0.5209066651700484
usemtl m_611be17d-79ae-1664-e1f7-c840cb17f4df
f 984/1477/493 985/1478/493 986/1479/493
f 986/1480/494 985/1481/494 987/1482/494
f 988/1483/495 989/1484/495 990/1485/495
f 990/1486/496 989/1487/496 991/1488/496
f 992/1489/497 993/1490/497 994/1491/497
f 994/1492/498 993/1493/498 995/1494/498
f 996/1495/499 997/1496/499 998/1497/499
f 998/1498/500 997/1499/500 999/1500/500
f 1000/1501/501 1001/1502/501 1002/1503/501
f 1002/1504/502 1001/1505/502 1003/1506/502
f 1004/1507/503 1005/1508/503 1006/1509/503
f 1006/1510/504 1005/1511/504 1007/1512/504
o obj43
v -0.2325944028520595 0.06315088430601896 -0.16731954347063205
v -0.2273777977101047 0.03513395545217582 -0.15169620239197726
v -0.4008419359880499 0.06546331820275111 -0.10699514293051157
v -0.39562532938421296 0.03744638848091045 -0.09137180381895667
v -0.391184697401771 0.08192918806887561 -0.08069185553480167
v -0.3859680922598162 0.053912259215032426 -0.06506851445614692
v -0.22293716520830797 0.0796167574909727 -0.1410162548033038
v -0.21772056058570768 0.05159982618629766 -0.12539291302916786
v -0.391184697401771 0.08192918806887561 -0.08069185553480167
v -0.22293716520830797 0.0796167574909727 -0.1410162548033038
v -0.4008419359880499 0.06546331820275111 -0.10699514293051157
v -0.2325944028520595 0.06315088430601896 -0.16731954347063205
v -0.21772056058570768 0.05159982618629766 -0.12539291302916786
v -0.3859680922598162 0.053912259215032426 -0.06506851445614692
v -0.2273777977101047 0.03513395545217582 -0.15169620239197726
v -0.39562532938421296 0.03744638848091045 -0.09137180381895667
v -0.22293716520830797 0.0796167574909727 -0.1410162548033038
v -0.21772056058570768 0.05159982618629766 -0.12539291302916786
v -0.2325944028520595 0.06315088430601896 -0.16731954347063205
v -0.2273777977101047 0.03513395545217582 -0.15169620239197726
v -0.4008419359880499 0.06546331820275111 -0.10699514293051157
v -0.39562532938421296 0.03744638848091045 -0.09137180381895667
v -0.391184697401771 0.08192918806887561 -0.08069185553480167
v -0.3859680922598162 0.053912259215032426 -0.06506851445614692
vt 0.46877 0.39840999999999993
vt 0.46877 0.39061999999999997
vt 0.51172 0.39061999999999997
vt 0.46877 0.39840999999999993
vt 0.51172 0.39061999999999997
vt 0.51172 0.39840999999999993
vt 0.4063 0.47655000000000003
vt 0.4063 0.46877
vt 0.44925 0.46877
vt 0.4063 0.47655000000000003
vt 0.44925 0.46877
vt 0.44925 0.47655000000000003
vt 0.15625 0.50003
vt 0.15625 0.45703000000000005
vt 0.14844 0.50003
vt 0.14844 0.50003
vt 0.15625 0.45703000000000005
vt 0.14844 0.45703000000000005
vt 0.36726 0.46482
vt 0.36726 0.50781
vt 0.35945 0.46482
vt 0.35945 0.46482
vt 0.36726 0.50781
vt 0.35945 0.50781
vt 0.47268 0.50392
vt 0.47268 0.4960800000000001
vt 0.48048 0.4960800000000001
vt 0.47268 0.50392
vt 0.48048 0.4960800000000001
vt 0.48048 0.50392
vt 0.46487 0.50392
vt 0.46487 0.4960800000000001
vt 0.47268 0.4960800000000001
vt 0.46487 0.50392
vt 0.47268 0.4960800000000001
vt 0.47268 0.50392
vn 0.2971457288269662 0.5066422402363165 0.8093318579224581
vn 0.2971457283047763 0.506642197980814 0.8093318845661488
vn -0.29714571602841244 -0.5066422404122224 -0.8093318625113224
vn -0.297145724530226 -0.5066422182528691 -0.8093318732616548
vn -0.16051097182576246 0.8620593874332977 -0.4807180467401622
vn -0.16051098113512627 0.8620593498299939 -0.48071811106481893
vn 0.16051095972003934 -0.8620593866808655 0.48071805213156077
vn 0.16051095972003898 -0.8620593866808658 0.4807180521315603
vn -0.9412442092367589 0.0129367709360802 0.33747885642809683
vn -0.9412442121453728 0.012936741799846163 0.33747884943273204
vn 0.9412441832627094 -0.012936719369498362 -0.3374789308476459
vn 0.9412442121453763 -0.012936741799841726 -0.3374788494327226
usemtl m_611be17d-79ae-1664-e1f7-c840cb17f4df
f 1009/1513/505 1008/1514/505 1010/1515/505
f 1009/1516/506 1010/1517/506 1011/1518/506
f 1013/1519/507 1012/1520/507 1014/1521/507
f 1013/1522/508 1014/1523/508 1015/1524/508
f 1016/1525/509 1017/1526/509 1018/1527/509
f 1018/1528/510 1017/1529/510 1019/1530/510
f 1020/1531/511 1021/1532/511 1022/1533/511
f 1022/1534/512 1021/1535/512 1023/1536/512
f 1025/1537/513 1024/1538/513 1026/1539/513
f 1025/1540/514 1026/1541/514 1027/1542/514
f 1029/1543/515 1028/1544/515 1030/1545/515
f 1029/1546/516 1030/1547/516 1031/1548/516
o obj44
v -0.4427297872004109 0.11184046447964499 -0.010596929017722717
v -0.4430406945417008 0.07934415699363406 -0.010218359538028604
v -0.47522794281791414 0.11214957010881244 -0.010753046817292417
v -0.47553885067855856 0.07965326017196972 -0.010374476642116937
v -0.47583793273842995 0.11366973027760895 0.11923671956267856
v -0.4761488421661455 0.08117342279348677 0.11961528749097844
v -0.4433397786879979 0.11336062710116204 0.11939283511537267
v -0.44365068654864237 0.08086431716431934 0.11977140529054814
v -0.47583793273842995 0.11366973027760895 0.11923671956267856
v -0.4433397786879979 0.11336062710116204 0.11939283511537267
v -0.47522794281791414 0.11214957010881244 -0.010753046817292417
v -0.4427297872004109 0.11184046447964499 -0.010596929017722717
v -0.44365068654864237 0.08086431716431934 0.11977140529054814
v -0.4761488421661455 0.08117342279348677 0.11961528749097844
v -0.4430406945417008 0.07934415699363406 -0.010218359538028604
v -0.47553885067855856 0.07965326017196972 -0.010374476642116937
v -0.4433397786879979 0.11336062710116204 0.11939283511537267
v -0.44365068654864237 0.08086431716431934 0.11977140529054814
v -0.4427297872004109 0.11184046447964499 -0.010596929017722717
v -0.4430406945417008 0.07934415699363406 -0.010218359538028604
v -0.47522794281791414 0.11214957010881244 -0.010753046817292417
v -0.47553885067855856 0.07965326017196972 -0.010374476642116937
v -0.47583793273842995 0.11366973027760895 0.11923671956267856
v -0.4761488421661455 0.08117342279348677 0.11961528749097844
vt 0.26561 0.46875
vt 0.26561 0.46094999999999997
vt 0.27345 0.46094999999999997
vt 0.26561 0.46875
vt 0.27345 0.46094999999999997
vt 0.27345 0.46875
vt 0.27345 0.46875
vt 0.27345 0.46094999999999997
vt 0.28124 0.46094999999999997
vt 0.27345 0.46875
vt 0.28124 0.46094999999999997
vt 0.28124 0.46875
vt 0.10157 0.4960899999999999
vt 0.10157 0.48829999999999996
vt 0.07031 0.4960899999999999
vt 0.07031 0.4960899999999999
vt 0.10157 0.48829999999999996
vt 0.07031 0.48829999999999996
vt 0.51953 0.09763999999999995
vt 0.51953 0.10548999999999997
vt 0.48827 0.09763999999999995
vt 0.48827 0.09763999999999995
vt 0.51953 0.10548999999999997
vt 0.48827 0.10548999999999997
vt 0.48827 0.07423999999999997
vt 0.48827 0.06638999999999995
vt 0.51953 0.06638999999999995
vt 0.48827 0.07423999999999997
vt 0.51953 0.06638999999999995
vt 0.51953 0.07423999999999997
vt 0.48827 0.06638999999999995
vt 0.48827 0.05859000000000003
vt 0.51953 0.05859000000000003
vt 0.48827 0.06638999999999995
vt 0.51953 0.05859000000000003
vt 0.51953 0.06638999999999995
vn -0.004692292567101353 0.01169358384785732 0.9999206180928855
vn -0.004692271780396884 0.011693604240572808 0.9999206179519471
vn 0.0046922250042867875 -0.011693535776798797 -0.9999206189720993
vn 0.00469229237012142 -0.011693604436412375 -0.9999206178530364
vn 0.009566282816277694 0.9998863959035054 -0.011648241076557486
vn 0.009566358704680755 0.9998863949609392 -0.011648259661858229
vn -0.009566358615757442 -0.9998863951825429 0.011648240712430175
vn -0.009566282905207446 -0.9998863956819017 0.011648260025987012
vn -0.9999432318792927 0.009510979024357326 -0.004803571254149598
vn -0.9999432320065289 0.00951096382254857 -0.00480357486707167
vn 0.9999432319370829 -0.009510979168377759 0.004803558938958563
vn 0.9999432314080057 -0.009511028283468309 0.004803571827997621
usemtl m_611be17d-79ae-1664-e1f7-c840cb17f4df
f 1033/1549/517 1032/1550/517 1034/1551/517
f 1033/1552/518 1034/1553/518 1035/1554/518
f 1037/1555/519 1036/1556/519 1038/1557/519
f 1037/1558/520 1038/1559/520 1039/1560/520
f 1040/1561/521 1041/1562/521 1042/1563/521
f 1042/1564/522 1041/1565/522 1043/1566/522
f 1044/1567/523 1045/1568/523 1046/1569/523
f 1046/1570/524 1045/1571/524 1047/1572/524
f 1049/1573/525 1048/1574/525 1050/1575/525
f 1049/1576/526 1050/1577/526 1051/1578/526
f 1053/1579/527 1052/1580/527 1054/1581/527
f 1053/1582/528 1054/1583/528 1055/1584/528
o obj45
v 0.3146277950692463 0.20644106595825185 -0.22819628007121118
v 0.3142916040692077 0.18179173342635452 -0.20701734109768272
v 0.15978242310909596 0.2397588324019995 -0.1918770325651265
v 0.1594462306471753 0.21510950073809962 -0.1706980916244983
v 0.20411445316914845 0.33023644837327487 -0.08586996846658745
v 0.2037782600826843 0.30558711584326614 -0.0646910310444535
v 0.35895982607182664 0.29691867861069776 -0.12218921724429099
v 0.35862363360990585 0.27226934694679794 -0.10101027630366263
v 0.20411445316914845 0.33023644837327487 -0.08586996846658745
v 0.35895982607182664 0.29691867861069776 -0.12218921724429099
v 0.15978242310909596 0.2397588324019995 -0.1918770325651265
v 0.3146277950692463 0.20644106595825185 -0.22819628007121118
v 0.35862363360990585 0.27226934694679794 -0.10101027630366263
v 0.2037782600826843 0.30558711584326614 -0.0646910310444535
v 0.3142916040692077 0.18179173342635452 -0.20701734109768272
v 0.1594462306471753 0.21510950073809962 -0.1706980916244983
v 0.35895982607182664 0.29691867861069776 -0.12218921724429099
v 0.35862363360990585 0.27226934694679794 -0.10101027630366263
v 0.3146277950692463 0.20644106595825185 -0.22819628007121118
v 0.3142916040692077 0.18179173342635452 -0.20701734109768272
v 0.15978242310909596 0.2397588324019995 -0.1918770325651265
v 0.1594462306471753 0.21510950073809962 -0.1706980916244983
v 0.20411445316914845 0.33023644837327487 -0.08586996846658745
v 0.2037782600826843 0.30558711584326614 -0.0646910310444535
vt 0.1875 0.48436999999999997
vt 0.1875 0.47656999999999994
vt 0.22656 0.47656999999999994
vt 0.1875 0.48436999999999997
vt 0.22656 0.47656999999999994
vt 0.22656 0.48436999999999997
vt 0.40626 0.48436999999999997
vt 0.40626 0.47656999999999994
vt 0.44532 0.47656999999999994
vt 0.40626 0.48436999999999997
vt 0.44532 0.47656999999999994
vt 0.44532 0.48436999999999997
vt 0.4297 0.42189
vt 0.4297 0.38281999999999994
vt 0.39453 0.42189
vt 0.39453 0.42189
vt 0.4297 0.38281999999999994
vt 0.39453 0.38281999999999994
vt 0.43358 0.10155999999999998
vt 0.43358 0.14063000000000003
vt 0.39845 0.10155999999999998
vt 0.39845 0.10155999999999998
vt 0.43358 0.14063000000000003
vt 0.39845 0.14063000000000003
vt 0.48045 0.3086
vt 0.48045 0.30079999999999996
vt 0.51562 0.30079999999999996
vt 0.48045 0.3086
vt 0.51562 0.30079999999999996
vt 0.51562 0.3086
vt 0.48045 0.30079999999999996
vt 0.48045 0.29299
vt 0.51562 0.29299
vt 0.48045 0.30079999999999996
vt 0.51562 0.29299
vt 0.51562 0.30079999999999996
vn 0.3031252220649312 0.6186509503197792 0.7248352236312197
vn 0.3031252314599612 0.6186509838665122 0.7248351910699022
vn -0.30312523727550733 -0.6186509059525658 -0.7248352551378396
vn -0.303125219110843 -0.6186509865236502 -0.7248351939664064
vn 0.010344357401055937 0.758441008714141 -0.651659597159925
vn 0.010344351036487204 0.7584410179334128 -0.6516595865310066
vn -0.010344371759601569 -0.7584410164609552 0.6516595879157864
vn -0.0103443404344922 -0.7584410047451208 0.6516596020486364
vn -0.9528945724381092 0.20503248885319564 0.223503047703286
vn -0.9528945772454331 0.2050324334264004 0.22350307805373948
vn 0.9528945762990646 -0.20503248097333424 -0.22350303847094688
vn 0.9528945756519667 -0.20503247392587332 -0.22350304769486828
usemtl m_611be17d-79ae-1664-e1f7-c840cb17f4df
f 1057/1585/529 1056/1586/529 1058/1587/529
f 1057/1588/530 1058/1589/530 1059/1590/530
f 1061/1591/531 1060/1592/531 1062/1593/531
f 1061/1594/532 1062/1595/532 1063/1596/532
f 1064/1597/533 1065/1598/533 1066/1599/533
f 1066/1600/534 1065/1601/534 1067/1602/534
f 1068/1603/535 1069/1604/535 1070/1605/535
f 1070/1606/536 1069/1607/536 1071/1608/536
f 1073/1609/537 1072/1610/537 1074/1611/537
f 1073/1612/538 1074/1613/538 1075/1614/538
f 1077/1615/539 1076/1616/539 1078/1617/539
f 1077/1618/540 1078/1619/540 1079/1620/540
o obj46
v 0.6396179961603929 0.20334217164129742 -0.22664792747836982
v 0.6392818027445202 0.17869285253221195 -0.2054689721674035
v 0.314636433627486 0.2064332191489136 -0.2282090925768674
v 0.31430024229803916 0.18178390003793926 -0.20703013571450707
v 0.3149270322923575 0.2805609586776406 -0.14193022913664494
v 0.3145908374146031 0.25591164043655235 -0.12075127185857927
v 0.6399085907576023 0.2774699095890787 -0.1403690629269606
v 0.6395723994281555 0.25282059047810446 -0.11919010606460032
v 0.3149270322923575 0.2805609586776406 -0.14193022913664494
v 0.6399085907576023 0.2774699095890787 -0.1403690629269606
v 0.314636433627486 0.2064332191489136 -0.2282090925768674
v 0.6396179961603929 0.20334217164129742 -0.22664792747836982
v 0.6395723994281555 0.25282059047810446 -0.11919010606460032
v 0.3145908374146031 0.25591164043655235 -0.12075127185857927
v 0.6392818027445202 0.17869285253221195 -0.2054689721674035
v 0.31430024229803916 0.18178390003793926 -0.20703013571450707
v 0.6399085907576023 0.2774699095890787 -0.1403690629269606
v 0.6395723994281555 0.25282059047810446 -0.11919010606460032
v 0.6396179961603929 0.20334217164129742 -0.22664792747836982
v 0.6392818027445202 0.17869285253221195 -0.2054689721674035
v 0.314636433627486 0.2064332191489136 -0.2282090925768674
v 0.31430024229803916 0.18178390003793926 -0.20703013571450707
v 0.3149270322923575 0.2805609586776406 -0.14193022913664494
v 0.3145908374146031 0.25591164043655235 -0.12075127185857927
vt 0.4414 0.32028999999999996
vt 0.4414 0.31251000000000007
vt 0.51951 0.31251000000000007
vt 0.4414 0.32028999999999996
vt 0.51951 0.31251000000000007
vt 0.51951 0.32028999999999996
vt 0.44923 0.35941
vt 0.44923 0.35153
vt 0.52734 0.35153
vt 0.44923 0.35941
vt 0.52734 0.35153
vt 0.52734 0.35941
vt 0.34371 0.42188000000000003
vt 0.34371 0.34373999999999993
vt 0.31641 0.42188000000000003
vt 0.31641 0.42188000000000003
vt 0.34371 0.34373999999999993
vt 0.31641 0.34373999999999993
vt 0.37112 0.34373999999999993
vt 0.37112 0.42188000000000003
vt 0.34371 0.34373999999999993
vt 0.34371 0.34373999999999993
vt 0.37112 0.42188000000000003
vt 0.34371 0.42188000000000003
vt 0.48829 0.25004000000000004
vt 0.48829 0.24215999999999993
vt 0.5156 0.24215999999999993
vt 0.48829 0.25004000000000004
vt 0.5156 0.24215999999999993
vt 0.5156 0.25004000000000004
vt 0.48829 0.24215999999999993
vt 0.48829 0.23438000000000003
vt 0.5156 0.23438000000000003
vt 0.48829 0.24215999999999993
vt 0.5156 0.23438000000000003
vt 0.5156 0.24215999999999993
vn 0.002554650695875737 0.6516728276191993 0.7584958796873054
vn 0.0025546547048196366 0.6516728551411233 0.758495856027939
vn -0.0025546519582672067 -0.6516728755457379 -0.7584958385062647
vn -0.002554654366754116 -0.6516728551443391 -0.7584958560263144
vn 0.01034436171109915 0.7584405835348589 -0.6516600919406473
vn 0.010344355708666042 0.7584405948512587 -0.6516600788652329
vn -0.010344362860975453 -0.7584406004599089 0.6516600722240189
vn -0.010344352608081864 -0.7584405816038822 0.6516600943325321
vn -0.9999432324278346 0.009510928246998757 -0.004803557603926811
vn -0.9999432317143852 0.0095109891039587 -0.004803585624908291
vn 0.9999432323369422 -0.00951095143257111 0.004803530617747077
vn 0.9999432312854476 -0.00951101401685095 0.004803625587931792
usemtl m_611be17d-79ae-1664-e1f7-c840cb17f4df
f 1081/1621/541 1080/1622/541 1082/1623/541
f 1081/1624/542 1082/1625/542 1083/1626/542
f 1085/1627/543 1084/1628/543 1086/1629/543
f 1085/1630/544 1086/1631/544 1087/1632/544
f 1088/1633/545 1089/1634/545 1090/1635/545
f 1090/1636/546 1089/1637/546 1091/1638/546
f 1092/1639/547 1093/1640/547 1094/1641/547
f 1094/1642/548 1093/1643/548 1095/1644/548
f 1097/1645/549 1096/1646/549 1098/1647/549
f 1097/1648/550 1098/1649/550 1099/1650/550
f 1101/1651/551 1100/1652/551 1102/1653/551
f 1101/1654/552 1102/1655/552 1103/1656/552
o obj47
v 0.26567316816484216 0.34242584650861485 0.13629233491123913
v 0.2648958976771012 0.26118507368522975 0.13723875711875191
v 0.18442777406280392 0.3431986082091704 0.1359020428547918
v 0.18365050566148844 0.2619578353838967 0.13684846661369915
v 0.18397028241868418 0.344338729481218 0.2333944330201867
v 0.183193011930943 0.2630979566578331 0.23434085522769985
v 0.2652156744342969 0.3435659677825511 0.23378472352523966
v 0.26443840394655566 0.2623251949591662 0.2347311457327528
v 0.18397028241868418 0.344338729481218 0.2333944330201867
v 0.2652156744342969 0.3435659677825511 0.23378472352523966
v 0.18442777406280392 0.3431986082091704 0.1359020428547918
v 0.26567316816484216 0.34242584650861485 0.13629233491123913
v 0.26443840394655566 0.2623251949591662 0.2347311457327528
v 0.183193011930943 0.2630979566578331 0.23434085522769985
v 0.2648958976771012 0.26118507368522975 0.13723875711875191
v 0.18365050566148844 0.2619578353838967 0.13684846661369915
v 0.2652156744342969 0.3435659677825511 0.23378472352523966
v 0.26443840394655566 0.2623251949591662 0.2347311457327528
v 0.26567316816484216 0.34242584650861485 0.13629233491123913
v 0.2648958976771012 0.26118507368522975 0.13723875711875191
v 0.18442777406280392 0.3431986082091704 0.1359020428547918
v 0.18365050566148844 0.2619578353838967 0.13684846661369915
v 0.18397028241868418 0.344338729481218 0.2333944330201867
v 0.183193011930943 0.2630979566578331 0.23434085522769985
vt 0.08203 0.48828000000000005
vt 0.08203 0.46875
vt 0.10148 0.46875
vt 0.08203 0.48828000000000005
vt 0.10148 0.46875
vt 0.10148 0.48828000000000005
vt 0.46883 0.16015999999999997
vt 0.46883 0.14061999999999997
vt 0.48828 0.14061999999999997
vt 0.46883 0.16015999999999997
vt 0.48828 0.14061999999999997
vt 0.48828 0.16015999999999997
vt 0.40632 0.48046999999999995
vt 0.40632 0.46094
vt 0.3829 0.48046999999999995
vt 0.3829 0.48046999999999995
vt 0.40632 0.46094
vt 0.3829 0.46094
vt 0.48431 0.39844
vt 0.48431 0.41796999999999995
vt 0.46089 0.39844
vt 0.46089 0.39844
vt 0.48431 0.41796999999999995
vt 0.46089 0.41796999999999995
vt 0.1251 0.47656
vt 0.1251 0.45703000000000005
vt 0.14852 0.45703000000000005
vt 0.1251 0.47656
vt 0.14852 0.45703000000000005
vt 0.14852 0.47656
vt 0.3438 0.17188000000000003
vt 0.3438 0.15234000000000003
vt 0.36722 0.15234000000000003
vt 0.3438 0.17188000000000003
vt 0.36722 0.15234000000000003
vt 0.36722 0.17188000000000003
vn -0.0046922627393479735 0.011693564738364247 0.9999206184563325
vn -0.00469224358712883 0.011693583527574714 0.9999206183264764
vn 0.004692243768621707 -0.01169356455792811 -0.9999206185474653
vn 0.004692243768621651 -0.011693564557928221 -0.9999206185474653
vn 0.009566328495586918 0.9998863954222705 -0.011648244870945457
vn 0.009566328495587667 0.9998863954222705 -0.011648244870946067
vn -0.00956632849558711 -0.9998863954222704 0.011648244870947564
vn -0.009566328495588 -0.9998863954222705 0.011648244870946844
vn -0.9999432317866992 0.009510989765439654 -0.004803569261858487
vn -0.9999432317866992 0.009510989765437046 -0.004803569261860653
vn 0.9999432321339846 -0.009510964249914211 0.0048035474887818674
vn 0.9999432317866992 -0.009510989765439654 0.004803569261859875
usemtl m_611be17d-79ae-1664-e1f7-c840cb17f4df
f 1105/1657/553 1104/1658/553 1106/1659/553
f 1105/1660/554 1106/1661/554 1107/1662/554
f 1109/1663/555 1108/1664/555 1110/1665/555
f 1109/1666/556 1110/1667/556 1111/1668/556
f 1112/1669/557 1113/1670/557 1114/1671/557
f 1114/1672/558 1113/1673/558 1115/1674/558
f 1116/1675/559 1117/1676/559 1118/1677/559
f 1118/1678/560 1117/1679/560 1119/1680/560
f 1121/1681/561 1120/1682/561 1122/1683/561
f 1121/1684/562 1122/1685/562 1123/1686/562
f 1125/1687/563 1124/1688/563 1126/1689/563
f 1125/1690/564 1126/1691/564 1127/1692/564
o obj48
v 0.3572805590263387 0.3010719739344918 0.23416146974710841
v 0.35714041360400467 0.2759340719979997 0.21356253116816762
v 0.20278647038512082 0.3335143024141302 0.1956215739993743
v 0.2026463270492125 0.3083764004757493 0.17502263697182782
v 0.1574517220669869 0.2455355673704758 0.3032948227344765
v 0.15731157664465295 0.22039766543398362 0.2826958841555356
v 0.3119458100836611 0.2130932380247286 0.3418347149637164
v 0.3118056667477528 0.18795533608634785 0.32123577793617003
v 0.1574517220669869 0.2455355673704758 0.3032948227344765
v 0.3119458100836611 0.2130932380247286 0.3418347149637164
v 0.20278647038512082 0.3335143024141302 0.1956215739993743
v 0.3572805590263387 0.3010719739344918 0.23416146974710841
v 0.3118056667477528 0.18795533608634785 0.32123577793617003
v 0.15731157664465295 0.22039766543398362 0.2826958841555356
v 0.35714041360400467 0.2759340719979997 0.21356253116816762
v 0.2026463270492125 0.3083764004757493 0.17502263697182782
v 0.3119458100836611 0.2130932380247286 0.3418347149637164
v 0.3118056667477528 0.18795533608634785 0.32123577793617003
v 0.3572805590263387 0.3010719739344918 0.23416146974710841
v 0.35714041360400467 0.2759340719979997 0.21356253116816762
v 0.20278647038512082 0.3335143024141302 0.1956215739993743
v 0.2026463270492125 0.3083764004757493 0.17502263697182782
v 0.1574517220669869 0.2455355673704758 0.3032948227344765
v 0.15731157664465295 0.22039766543398362 0.2826958841555356
vt 0.21093 0.125
vt 0.21093 0.11719000000000002
vt 0.24999 0.11719000000000002
vt 0.21093 0.125
vt 0.24999 0.11719000000000002
vt 0.24999 0.125
vt 0.46094 0.47656
vt 0.46094 0.46875
vt 0.5 0.46875
vt 0.46094 0.47656
vt 0.5 0.46875
vt 0.5 0.47656
vt 0.22267 0.42971000000000004
vt 0.22267 0.39061
vt 0.1875 0.42971000000000004
vt 0.1875 0.42971000000000004
vt 0.22267 0.39061
vt 0.1875 0.39061
vt 0.4297 0.34376000000000007
vt 0.4297 0.38280000000000003
vt 0.39453 0.34376000000000007
vt 0.39453 0.34376000000000007
vt 0.4297 0.38280000000000003
vt 0.39453 0.38280000000000003
vt 0.48045 0.29295000000000004
vt 0.48045 0.28513999999999995
vt 0.51562 0.28513999999999995
vt 0.48045 0.29295000000000004
vt 0.51562 0.28513999999999995
vt 0.51562 0.29295000000000004
vt 0.48045 0.28513999999999995
vt 0.48045 0.2773300000000001
vt 0.51562 0.2773300000000001
vt 0.48045 0.28513999999999995
vt 0.51562 0.2773300000000001
vt 0.51562 0.28513999999999995
vn -0.30998145904077845 -0.6015645755803458 0.7362279242583705
vn -0.30998145606967364 -0.6015645643726221 0.7362279346670448
vn 0.30998144806612543 0.6015645778849247 -0.7362279269960903
vn 0.30998145090546403 0.6015645654570557 -0.7362279359553039
vn 0.004312115326938592 0.7734739586677271 0.6338134117579733
vn 0.004312092192052807 0.7734739502944399 0.6338134221337076
vn -0.004312105477704775 -0.7734739520211265 -0.6338134199361586
vn -0.004312102041284628 -0.7734739569410414 -0.6338134139555222
vn -0.9507328227226356 0.19964511182850897 -0.2371685668903702
vn -0.9507328273956157 0.199645158128885 -0.23716850918288218
vn 0.9507328253833618 -0.1996451066649766 0.2371685605709587
vn 0.9507328200862596 -0.19964517231376283 0.23716852654312293
usemtl m_611be17d-79ae-1664-e1f7-c840cb17f4df
f 1129/1693/565 1128/1694/565 1130/1695/565
f 1129/1696/566 1130/1697/566 1131/1698/566
f 1133/1699/567 1132/1700/567 1134/1701/567
f 1133/1702/568 1134/1703/568 1135/1704/568
f 1136/1705/569 1137/1706/569 1138/1707/569
f 1138/1708/570 1137/1709/570 1139/1710/570
f 1140/1711/571 1141/1712/571 1142/1713/571
f 1142/1714/572 1141/1715/572 1143/1716/572
f 1145/1717/573 1144/1718/573 1146/1719/573
f 1145/1720/574 1146/1721/574 1147/1722/574
f 1149/1723/575 1148/1724/575 1150/1725/575
f 1149/1726/576 1150/1727/576 1151/1728/576
o obj49
v 0.63805135684796 0.28209829511106366 0.25540982607661694
v 0.6379112120435781 0.2569604044151276 0.23481086925081252
v 0.3130697962962896 0.2851893442015142 0.2538486583155385
v 0.31292965003002576 0.26005145437357563 0.2332497034568338
v 0.3119614603162909 0.2130994967946249 0.34183089972121
v 0.31182131405002705 0.18796160696668626 0.3212319448625051
v 0.6369430187815357 0.21000844770606308 0.34339206593089433
v 0.6368028760635793 0.18487055700823835 0.32279311065648403
v 0.3119614603162909 0.2130994967946249 0.34183089972121
v 0.6369430187815357 0.21000844770606308 0.34339206593089433
v 0.3130697962962896 0.2851893442015142 0.2538486583155385
v 0.63805135684796 0.28209829511106366 0.25540982607661694
v 0.6368028760635793 0.18487055700823835 0.32279311065648403
v 0.31182131405002705 0.18796160696668626 0.3212319448625051
v 0.6379112120435781 0.2569604044151276 0.23481086925081252
v 0.31292965003002576 0.26005145437357563 0.2332497034568338
v 0.6369430187815357 0.21000844770606308 0.34339206593089433
v 0.6368028760635793 0.18487055700823835 0.32279311065648403
v 0.63805135684796 0.28209829511106366 0.25540982607661694
v 0.6379112120435781 0.2569604044151276 0.23481086925081252
v 0.3130697962962896 0.2851893442015142 0.2538486583155385
v 0.31292965003002576 0.26005145437357563 0.2332497034568338
v 0.3119614603162909 0.2130994967946249 0.34183089972121
v 0.31182131405002705 0.18796160696668626 0.3212319448625051
vt 0.4258 0.19921
vt 0.4258 0.19140000000000001
vt 0.50392 0.19140000000000001
vt 0.4258 0.19921
vt 0.50392 0.19140000000000001
vt 0.50392 0.19921
vt 0.4336 0.14061999999999997
vt 0.4336 0.13280999999999998
vt 0.51172 0.13280999999999998
vt 0.4336 0.14061999999999997
vt 0.51172 0.13280999999999998
vt 0.51172 0.14061999999999997
vt 0.02732 0.40623999999999993
vt 0.02732 0.32814
vt 0 0.40623999999999993
vt 0 0.40623999999999993
vt 0.02732 0.32814
vt 0 0.32814
vt 0.31639 0.34375
vt 0.31639 0.42189
vt 0.28907 0.34375
vt 0.28907 0.34375
vt 0.31639 0.42189
vt 0.28907 0.42189
vt 0.23436 0.4960899999999999
vt 0.23436 0.48829
vt 0.26175 0.48829
vt 0.23436 0.4960899999999999
vt 0.26175 0.48829
vt 0.26175 0.4960899999999999
vt 0.4883 0.15622999999999998
vt 0.4883 0.14842
vt 0.51563 0.14842
vt 0.4883 0.15622999999999998
vt 0.51563 0.14842
vt 0.51563 0.15622999999999998
vn -0.009743605946664319 -0.6337572987763807 0.77347058663586
vn -0.009743602783329338 -0.6337572753478434 0.7734706058723102
vn 0.009743602182786998 0.6337572753535581 -0.773470605875193
vn 0.009743602757431996 0.6337572707025452 -0.7734706096788464
vn 0.004312108757360711 0.7734735445590832 0.6338139171596604
vn 0.004312105623949569 0.7734735390676679 0.6338139238824159
vn -0.004312111591086131 -0.7734735445321301 -0.6338139171732732
vn -0.004312111591086687 -0.7734735445321292 -0.6338139171732745
vn -0.9999432321298378 0.009510922690437962 -0.004803630638394507
vn -0.9999432320313837 0.009510960855161232 -0.0048035755684663894
vn 0.9999432318375874 -0.009510995616378276 0.004803547083790216
vn 0.9999432318375875 -0.009510995616375917 0.004803547083791271
usemtl m_611be17d-79ae-1664-e1f7-c840cb17f4df
f 1153/1729/577 1152/1730/577 1154/1731/577
f 1153/1732/578 1154/1733/578 1155/1734/578
f 1157/1735/579 1156/1736/579 1158/1737/579
f 1157/1738/580 1158/1739/580 1159/1740/580
f 1160/1741/581 1161/1742/581 1162/1743/581
f 1162/1744/582 1161/1745/582 1163/1746/582
f 1164/1747/583 1165/1748/583 1166/1749/583
f 1166/1750/584 1165/1751/584 1167/1752/584
f 1169/1753/585 1168/1754/585 1170/1755/585
f 1169/1756/586 1170/1757/586 1171/1758/586
f 1173/1759/587 1172/1760/587 1174/1761/587
f 1173/1762/588 1174/1763/588 1175/1764/588
o obj50
v -0.17615845896401616 0.20334544109731786 0.21513577164239134
v -0.17639845828452427 0.17267891495487805 0.20437674092502064
v -0.3171262340104628 0.21721783559284327 0.17873974521879216
v -0.31736623489804217 0.18655131190312402 0.16798071225454586
v -0.3560614031569115 0.17081963489457952 0.3118573128927932
v -0.3563014055063728 0.14015311207285766 0.3010982818956467
v -0.21509362957234682 0.15694724126705153 0.34825334128349217
v -0.21533363097928054 0.12628071512650038 0.33749430901472705
v -0.3560614031569115 0.17081963489457952 0.3118573128927932
v -0.21509362957234682 0.15694724126705153 0.34825334128349217
v -0.3171262340104628 0.21721783559284327 0.17873974521879216
v -0.17615845896401616 0.20334544109731786 0.21513577164239134
v -0.21533363097928054 0.12628071512650038 0.33749430901472705
v -0.3563014055063728 0.14015311207285766 0.3010982818956467
v -0.17639845828452427 0.17267891495487805 0.20437674092502064
v -0.31736623489804217 0.18655131190312402 0.16798071225454586
v -0.21509362957234682 0.15694724126705153 0.34825334128349217
v -0.21533363097928054 0.12628071512650038 0.33749430901472705
v -0.17615845896401616 0.20334544109731786 0.21513577164239134
v -0.17639845828452427 0.17267891495487805 0.20437674092502064
v -0.3171262340104628 0.21721783559284327 0.17873974521879216
v -0.31736623489804217 0.18655131190312402 0.16798071225454586
v -0.3560614031569115 0.17081963489457952 0.3118573128927932
v -0.3563014055063728 0.14015311207285766 0.3010982818956467
vt 0.48047 0.01961999999999997
vt 0.48047 0.011719999999999953
vt 0.51563 0.011719999999999953
vt 0.48047 0.01961999999999997
vt 0.51563 0.011719999999999953
vt 0.51563 0.01961999999999997
vt 0.48047 0.17979
vt 0.48047 0.17188000000000003
vt 0.51563 0.17188000000000003
vt 0.48047 0.17979
vt 0.51563 0.17188000000000003
vt 0.51563 0.17979
vt 0.44141 0.23428000000000004
vt 0.44141 0.19913000000000003
vt 0.40625 0.23428000000000004
vt 0.40625 0.23428000000000004
vt 0.44141 0.19913000000000003
vt 0.40625 0.19913000000000003
vt 0.44141 0.28523999999999994
vt 0.44141 0.3204
vt 0.40625 0.28523999999999994
vt 0.40625 0.28523999999999994
vt 0.44141 0.3204
vt 0.40625 0.3204
vt 0.48047 0.02732000000000001
vt 0.48047 0.01961999999999997
vt 0.51563 0.01961999999999997
vt 0.48047 0.02732000000000001
vt 0.51563 0.01961999999999997
vt 0.51563 0.02732000000000001
vt 0.47657 0.4375
vt 0.47657 0.4296
vt 0.51172 0.4296
vt 0.47657 0.4375
vt 0.51172 0.4296
vt 0.51172 0.4375
vn -0.2662236201184958 -0.31725290385231064 0.9102063387431883
vn -0.26622363652272796 -0.3172529721479359 0.9102063101406821
vn 0.2662236327829654 0.3172529171856847 -0.9102063303916393
vn 0.2662236305210802 0.31725292773614233 -0.9102063273758437
vn 0.007384583941764 0.9435853424665968 0.3310470803408519
vn 0.007384596217076489 0.9435853446859293 0.33104707374125375
vn -0.007384609006594212 -0.9435853421892413 -0.3310470805722838
vn -0.007384606491631918 -0.943585343674828 -0.33104707639400877
vn -0.9638830110691463 0.09485411884002196 -0.24886188360486033
vn -0.9638830072499213 0.09485405443775048 -0.24886192294436765
vn 0.9638830129144993 -0.09485411390716317 0.24886187833767198
vn 0.9638830108630947 -0.09485414516847995 0.24886187436779522
usemtl m_611be17d-79ae-1664-e1f7-c840cb17f4df
f 1177/1765/589 1176/1766/589 1178/1767/589
f 1177/1768/590 1178/1769/590 1179/1770/590
f 1181/1771/591 1180/1772/591 1182/1773/591
f 1181/1774/592 1182/1775/592 1183/1776/592
f 1184/1777/593 1185/1778/593 1186/1779/593
f 1186/1780/594 1185/1781/594 1187/1782/594
f 1188/1783/595 1189/1784/595 1190/1785/595
f 1190/1786/596 1189/1787/596 1191/1788/596
f 1193/1789/597 1192/1790/597 1194/1791/597
f 1193/1792/598 1194/1793/598 1195/1794/598
f 1197/1795/599 1196/1796/599 1198/1797/599
f 1197/1798/600 1198/1799/600 1199/1800/600
o obj51
v -0.03572954449252888 0.18214029819008606 0.27244439518166363
v -0.03596954318849352 0.15147377291375513 0.2616853679827872
v -0.21446953231937402 0.18384037751352036 0.2715857547742253
v -0.2147095336211186 0.15317384978824614 0.2608267267194355
v -0.2150936272671931 0.15694721620835983 0.34825342965763
v -0.21533362596315764 0.12628069093202884 0.33749440245875345
v -0.03635363683456791 0.15524713933386874 0.34911207092098157
v -0.036593638136312584 0.12458061160859463 0.33835304286619194
v -0.2150936272671931 0.15694721620835983 0.34825342965763
v -0.03635363683456791 0.15524713933386874 0.34911207092098157
v -0.21446953231937402 0.18384037751352036 0.2715857547742253
v -0.03572954449252888 0.18214029819008606 0.27244439518166363
v -0.036593638136312584 0.12458061160859463 0.33835304286619194
v -0.21533362596315764 0.12628069093202884 0.33749440245875345
v -0.03596954318849352 0.15147377291375513 0.2616853679827872
v -0.2147095336211186 0.15317384978824614 0.2608267267194355
v -0.03635363683456791 0.15524713933386874 0.34911207092098157
v -0.036593638136312584 0.12458061160859463 0.33835304286619194
v -0.03572954449252888 0.18214029819008606 0.27244439518166363
v -0.03596954318849352 0.15147377291375513 0.2616853679827872
v -0.21446953231937402 0.18384037751352036 0.2715857547742253
v -0.2147095336211186 0.15317384978824614 0.2608267267194355
v -0.2150936272671931 0.15694721620835983 0.34825342965763
v -0.21533362596315764 0.12628069093202884 0.33749440245875345
vt 0.46483 0.32814
vt 0.46483 0.32033
vt 0.50781 0.32033
vt 0.46483 0.32814
vt 0.50781 0.32033
vt 0.50781 0.32814
vt 0.46483 0.33596000000000004
vt 0.46483 0.32814
vt 0.50781 0.32814
vt 0.46483 0.33596000000000004
vt 0.50781 0.32814
vt 0.50781 0.33596000000000004
vt 0.26563 0.46875
vt 0.26563 0.42579
vt 0.24611 0.46875
vt 0.24611 0.46875
vt 0.26563 0.42579
vt 0.24611 0.42579
vt 0.19924 0.42969
vt 0.19924 0.4726600000000001
vt 0.17967 0.42969
vt 0.17967 0.42969
vt 0.19924 0.4726600000000001
vt 0.17967 0.4726600000000001
vt 0.03906 0.48436999999999997
vt 0.03906 0.47656
vt 0.05858 0.47656
vt 0.03906 0.48436999999999997
vt 0.05858 0.47656
vt 0.05858 0.48436999999999997
vt 0.40234 0.08203000000000005
vt 0.40234 0.07421999999999995
vt 0.42186 0.07421999999999995
vt 0.40234 0.08203000000000005
vt 0.42186 0.07421999999999995
vt 0.42186 0.08203000000000005
vn -0.0076811503679289905 -0.3309927196025524 0.9436020450905835
vn -0.007681150234293943 -0.330992718937277 0.9436020453250337
vn 0.007681150239509438 0.33099271960377774 -0.943602045091199
vn 0.00768115036271344 0.3309927189360523 -0.9436020453244179
vn 0.007384565010389421 0.9435853769756525 0.33104698240177816
vn 0.007384579876900832 0.9435853874828602 0.33104695212139057
vn -0.0073845796298386834 -0.9435853768366003 -0.3310469824720079
vn -0.007384565257450071 -0.9435853876219126 -0.331046952051161
vn -0.9999432319017167 0.009510992167623885 -0.004803540562670406
vn -0.9999432322448915 0.009510927610722447 -0.004803596946341859
vn 0.9999432316572008 -0.009511002704193335 0.004803570600589503
vn 0.9999432324894074 -0.009510917074144393 0.004803566908423151
usemtl m_611be17d-79ae-1664-e1f7-c840cb17f4df
f 1201/1801/601 1200/1802/601 1202/1803/601
f 1201/1804/602 1202/1805/602 1203/1806/602
f 1205/1807/603 1204/1808/603 1206/1809/603
f 1205/1810/604 1206/1811/604 1207/1812/604
f 1208/1813/605 1209/1814/605 1210/1815/605
f 1210/1816/606 1209/1817/606 1211/1818/606
f 1212/1819/607 1213/1820/607 1214/1821/607
f 1214/1822/608 1213/1823/608 1215/1824/608
f 1217/1825/609 1216/1826/609 1218/1827/609
f 1217/1828/610 1218/1829/610 1219/1830/610
f 1221/1831/611 1220/1832/611 1222/1833/611
f 1221/1834/612 1222/1835/612 1223/1836/612
o obj52
v 0.26689235849667003 0.339385544245025 -0.12368602274687414
v 0.26611509009535456 0.25814477141975134 -0.12273959898796681
v 0.18564696648105738 0.3401583059436919 -0.12407631325192708
v 0.1848696980797419 0.2589175331184182 -0.12312988949301974
v 0.18518947326745008 0.34129842909922886 -0.026583907901369143
v 0.18441220486613452 0.2600576562739552 -0.02563748414246162
v 0.26643486476370815 0.34052566494973013 -0.02619361670083486
v 0.2656575968817471 0.25928489457528836 -0.025247193637408724
v 0.18518947326745008 0.34129842909922886 -0.026583907901369143
v 0.26643486476370815 0.34052566494973013 -0.02619361670083486
v 0.18564696648105738 0.3401583059436919 -0.12407631325192708
v 0.26689235849667003 0.339385544245025 -0.12368602274687414
v 0.2656575968817471 0.25928489457528836 -0.025247193637408724
v 0.18441220486613452 0.2600576562739552 -0.02563748414246162
v 0.26611509009535456 0.25814477141975134 -0.12273959898796681
v 0.1848696980797419 0.2589175331184182 -0.12312988949301974
v 0.26643486476370815 0.34052566494973013 -0.02619361670083486
v 0.2656575968817471 0.25928489457528836 -0.025247193637408724
v 0.26689235849667003 0.339385544245025 -0.12368602274687414
v 0.26611509009535456 0.25814477141975134 -0.12273959898796681
v 0.18564696648105738 0.3401583059436919 -0.12407631325192708
v 0.1848696980797419 0.2589175331184182 -0.12312988949301974
v 0.18518947326745008 0.34129842909922886 -0.026583907901369143
v 0.18441220486613452 0.2600576562739552 -0.02563748414246162
vt 0.23826 0.48828000000000005
vt 0.23826 0.46875
vt 0.25779 0.46875
vt 0.23826 0.48828000000000005
vt 0.25779 0.46875
vt 0.25779 0.48828000000000005
vt 0.25779 0.48828000000000005
vt 0.25779 0.46875
vt 0.27732 0.46875
vt 0.25779 0.48828000000000005
vt 0.27732 0.46875
vt 0.27732 0.48828000000000005
vt 0.49219 0.05078000000000005
vt 0.49219 0.03125
vt 0.46874 0.05078000000000005
vt 0.46874 0.05078000000000005
vt 0.49219 0.03125
vt 0.46874 0.03125
vt 0.08204 0.46875
vt 0.08204 0.48828000000000005
vt 0.05859 0.46875
vt 0.05859 0.46875
vt 0.08204 0.48828000000000005
vt 0.05859 0.48828000000000005
vt 0.46482 0.11718000000000006
vt 0.46482 0.09765000000000001
vt 0.48827 0.09765000000000001
vt 0.46482 0.11718000000000006
vt 0.48827 0.09765000000000001
vt 0.48827 0.11718000000000006
vt 0.46482 0.07030999999999998
vt 0.46482 0.05078000000000005
vt 0.48827 0.05078000000000005
vt 0.46482 0.07030999999999998
vt 0.48827 0.05078000000000005
vt 0.48827 0.07030999999999998
vn -0.004692243587131384 0.01169358352757452 0.9999206183264764
vn -0.0046922435871311055 0.01169358352757474 0.9999206183264763
vn 0.004692251823020965 -0.011693583605912494 -0.9999206182869124
vn 0.004692243665922524 -0.011693575292154396 -0.9999206184224159
vn 0.009566358896774848 0.9998863949310315 -0.011648262071385475
vn 0.009566328458423035 0.9998863955148881 -0.011648236951154078
vn -0.009566328576985668 -0.9998863952194172 0.011648262217037493
vn -0.009566328576985502 -0.9998863952194172 0.011648262217037604
vn -0.9999432320954025 0.009510957946205378 -0.004803568001554626
vn -0.9999432320611051 0.00951096406828969 -0.004803563019523838
vn 0.9999432320611051 -0.009510964068289773 0.004803563019522228
vn 0.9999432320611052 -0.009510964068291272 0.004803563019523449
usemtl m_611be17d-79ae-1664-e1f7-c840cb17f4df
f 1225/1837/613 1224/1838/613 1226/1839/613
f 1225/1840/614 1226/1841/614 1227/1842/614
f 1229/1843/615 1228/1844/615 1230/1845/615
f 1229/1846/616 1230/1847/616 1231/1848/616
f 1232/1849/617 1233/1850/617 1234/1851/617
f 1234/1852/618 1233/1853/618 1235/1854/618
f 1236/1855/619 1237/1856/619 1238/1857/619
f 1238/1858/620 1237/1859/620 1239/1860/620
f 1241/1861/621 1240/1862/621 1242/1863/621
f 1241/1864/622 1242/1865/622 1243/1866/622
f 1245/1867/623 1244/1868/623 1246/1869/623
f 1245/1870/624 1246/1871/624 1247/1872/624
o obj53
v -0.033601349266269606 0.1483881279925984 -0.2374036633413047
v -0.03394566428502495 0.11798156558302533 -0.22593315954089518
v -0.21234133709311476 0.1500882073160327 -0.23826230374874305
v -0.21268565211187007 0.11968164490645963 -0.22679179994833348
v -0.21243374835806136 0.1787669710471851 -0.16224202194191142
v -0.2127780627522729 0.14836040950372076 -0.1507715146230079
v -0.03369375938731814 0.17706689504069145 -0.16138337871146013
v -0.034038074925427896 0.14666033018028654 -0.1499128742155694
v -0.21243374835806136 0.1787669710471851 -0.16224202194191142
v -0.03369375938731814 0.17706689504069145 -0.16138337871146013
v -0.21234133709311476 0.1500882073160327 -0.23826230374874305
v -0.033601349266269606 0.1483881279925984 -0.2374036633413047
v -0.034038074925427896 0.14666033018028654 -0.1499128742155694
v -0.2127780627522729 0.14836040950372076 -0.1507715146230079
v -0.03394566428502495 0.11798156558302533 -0.22593315954089518
v -0.21268565211187007 0.11968164490645963 -0.22679179994833348
v -0.03369375938731814 0.17706689504069145 -0.16138337871146013
v -0.034038074925427896 0.14666033018028654 -0.1499128742155694
v -0.033601349266269606 0.1483881279925984 -0.2374036633413047
v -0.03394566428502495 0.11798156558302533 -0.22593315954089518
v -0.21234133709311476 0.1500882073160327 -0.23826230374874305
v -0.21268565211187007 0.11968164490645963 -0.22679179994833348
v -0.21243374835806136 0.1787669710471851 -0.16224202194191142
v -0.2127780627522729 0.14836040950372076 -0.1507715146230079
vt 0.46882 0.38281999999999994
vt 0.46882 0.37497
vt 0.51172 0.37497
vt 0.46882 0.38281999999999994
vt 0.51172 0.37497
vt 0.51172 0.38281999999999994
vt 0.46882 0.39060000000000006
vt 0.46882 0.38281999999999994
vt 0.51172 0.38281999999999994
vt 0.46882 0.39060000000000006
vt 0.51172 0.38281999999999994
vt 0.51172 0.39060000000000006
vt 0.21876 0.4726699999999999
vt 0.21876 0.42971000000000004
vt 0.19922 0.4726699999999999
vt 0.19922 0.4726699999999999
vt 0.21876 0.42971000000000004
vt 0.19922 0.42971000000000004
vt 0.44928 0.33594
vt 0.44928 0.3789
vt 0.42974 0.33594
vt 0.42974 0.33594
vt 0.44928 0.3789
vt 0.42974 0.3789
vt 0.48439 0.5
vt 0.48439 0.49222999999999995
vt 0.50393 0.49222999999999995
vt 0.48439 0.5
vt 0.50393 0.49222999999999995
vt 0.50393 0.5
vt 0.40623 0.5
vt 0.40623 0.49222999999999995
vt 0.42577 0.49222999999999995
vt 0.40623 0.5
vt 0.42577 0.49222999999999995
vt 0.42577 0.5
vn -0.001137391139981625 0.3529694255837168 0.9356341651225097
vn -0.0011373911399812362 0.35296942558371774 0.9356341651225093
vn 0.0011374112852847174 -0.35296952933496595 -0.9356341259576955
vn 0.001137391209664218 -0.3529694194300911 -0.9356341674438898
vn 0.010594252028179603 0.9355865325020043 -0.3529385244271863
vn 0.010594263912007747 0.9355865231835795 -0.3529385487721967
vn -0.010594263876396021 -0.9355865342350155 0.35293851947758476
vn -0.010594263876396023 -0.9355865342350154 0.3529385194775848
vn -0.999943231758618 0.009510994296411281 -0.004803566136184102
vn -0.9999432319123227 0.00951097797336517 -0.004803566459304298
vn 0.9999432319034594 -0.009510975222713741 0.004803573750593537
vn 0.9999432321187233 -0.009510959746065252 0.004803559583278328
usemtl m_611be17d-79ae-1664-e1f7-c840cb17f4df
f 1249/1873/625 1248/1874/625 1250/1875/625
f 1249/1876/626 1250/1877/626 1251/1878/626
f 1253/1879/627 1252/1880/627 1254/1881/627
f 1253/1882/628 1254/1883/628 1255/1884/628
f 1256/1885/629 1257/1886/629 1258/1887/629
f 1258/1888/630 1257/1889/630 1259/1890/630
f 1260/1891/631 1261/1892/631 1262/1893/631
f 1262/1894/632 1261/1895/632 1263/1896/632
f 1265/1897/633 1264/1898/633 1266/1899/633
f 1265/1900/634 1266/1901/634 1267/1902/634
f 1269/1903/635 1268/1904/635 1270/1905/635
f 1269/1906/636 1270/1907/636 1271/1908/636
o obj54
v -0.21234130863644196 0.15008829536794582 -0.23826204996829
v -0.21268562303065364 0.11968173382448154 -0.2267915426493864
v -0.3536428846113937 0.16479255580505242 -0.20352479853584882
v -0.35398720046748744 0.1343859951295856 -0.19205428924984544
v -0.31595347363786375 0.21429532689466105 -0.07116916866254441
v -0.31629779001331193 0.18388876376836236 -0.05969865868105985
v -0.17465189828745573 0.19959106559144574 -0.10590642361347963
v -0.17499621466290377 0.16918450246514696 -0.09443591363199519
v -0.31595347363786375 0.21429532689466105 -0.07116916866254441
v -0.17465189828745573 0.19959106559144574 -0.10590642361347963
v -0.3536428846113937 0.16479255580505242 -0.20352479853584882
v -0.21234130863644196 0.15008829536794582 -0.23826204996829
v -0.17499621466290377 0.16918450246514696 -0.09443591363199519
v -0.31629779001331193 0.18388876376836236 -0.05969865868105985
v -0.21268562303065364 0.11968173382448154 -0.2267915426493864
v -0.35398720046748744 0.1343859951295856 -0.19205428924984544
v -0.17465189828745573 0.19959106559144574 -0.10590642361347963
v -0.17499621466290377 0.16918450246514696 -0.09443591363199519
v -0.21234130863644196 0.15008829536794582 -0.23826204996829
v -0.21268562303065364 0.11968173382448154 -0.2267915426493864
v -0.3536428846113937 0.16479255580505242 -0.20352479853584882
v -0.35398720046748744 0.1343859951295856 -0.19205428924984544
v -0.31595347363786375 0.21429532689466105 -0.07116916866254441
v -0.31629779001331193 0.18388876376836236 -0.05969865868105985
vt 0.48439 0.40626000000000007
vt 0.48439 0.39844
vt 0.51953 0.39844
vt 0.48439 0.40626000000000007
vt 0.51953 0.39844
vt 0.51953 0.40626000000000007
vt 0.48439 0.41406
vt 0.48439 0.40626000000000007
vt 0.51953 0.40626000000000007
vt 0.48439 0.41406
vt 0.51953 0.40626000000000007
vt 0.51953 0.41406
vt 0.03514 0.44531999999999994
vt 0.03514 0.4101600000000001
vt 0 0.44531999999999994
vt 0 0.44531999999999994
vt 0.03514 0.4101600000000001
vt 0 0.4101600000000001
vt 0.07034 0.4101600000000001
vt 0.07034 0.44531999999999994
vt 0.03514 0.4101600000000001
vt 0.03514 0.4101600000000001
vt 0.07034 0.44531999999999994
vt 0.03514 0.44531999999999994
vt 0.40625 0.49219
vt 0.40625 0.48436999999999997
vt 0.44139 0.48436999999999997
vt 0.40625 0.49219
vt 0.44139 0.48436999999999997
vt 0.44139 0.49219
vt 0.48046 0.46875
vt 0.48046 0.46094
vt 0.5156 0.46094
vt 0.48046 0.46875
vt 0.5156 0.46094
vt 0.5156 0.46875
vn 0.25770554426551534 0.3384807874071507 0.9049964690599901
vn 0.2577055560314969 0.3384808351004953 0.9049964478715751
vn -0.2577055687457163 -0.33848082415136294 -0.9049964483462138
vn -0.2577055687457174 -0.3384808241513588 -0.904996448346215
vn 0.010594281587885213 0.9355864885512085 -0.35293864004675957
vn 0.010594283646059924 0.9355864872757861 -0.3529386433659289
vn -0.010594285141528523 -0.9355864932187049 0.3529386275672677
vn -0.01059428955340762 -0.9355864940764397 0.3529386251611104
vn -0.9661654070445752 0.10054212807075441 0.2375198659341874
vn -0.9661654120297936 0.10054205381624154 0.23751987708760547
vn 0.9661654077444464 -0.10054211522477932 -0.23751986852500362
vn 0.9661654083484186 -0.1005421263582392 -0.23751986135541964
usemtl m_611be17d-79ae-1664-e1f7-c840cb17f4df
f 1273/1909/637 1272/1910/637 1274/1911/637
f 1273/1912/638 1274/1913/638 1275/1914/638
f 1277/1915/639 1276/1916/639 1278/1917/639
f 1277/1918/640 1278/1919/640 1279/1920/640
f 1280/1921/641 1281/1922/641 1282/1923/641
f 1282/1924/642 1281/1925/642 1283/1926/642
f 1284/1927/643 1285/1928/643 1286/1929/643
f 1286/1930/644 1285/1931/644 1287/1932/644
f 1289/1933/645 1288/1934/645 1290/1935/645
f 1289/1936/646 1290/1937/646 1291/1938/646
f 1293/1939/647 1292/1940/647 1294/1941/647
f 1293/1942/648 1294/1943/648 1295/1944/648