# Made in Blockbench 5.1.4
mtllib hoverbike_2.mtl

o obj1
v 0.06182083109059852 0.29662515723732114 -0.7330605302846529
v 0.06191516273390285 0.27646626591117124 -0.7332476796083984
v 0.06159968286757567 0.29671746081040024 -0.7431145599107465
v 0.061694014510879885 0.2765585694842499 -0.7433017092344922
v -0.05674834941939039 0.2759015615831089 -0.732232046603809
v -0.05684268143025459 0.2960604529062883 -0.73204489714532
v -0.05696949806262522 0.27599386552589916 -0.7422860762305697
v -0.057063829705929436 0.2961527568520494 -0.742098926906824
v -0.05696949806262522 0.27599386552589916 -0.7422860762305697
v -0.057063829705929436 0.2961527568520494 -0.742098926906824
v 0.061694014510879885 0.2765585694842499 -0.7433017092344922
v 0.06159968286757567 0.29671746081040024 -0.7431145599107465
v 0.06191516273390285 0.27646626591117124 -0.7332476796083984
v 0.06182083109059852 0.29662515723732114 -0.7330605302846529
v -0.05674834941939039 0.2759015615831089 -0.732232046603809
v -0.05684268143025459 0.2960604529062883 -0.73204489714532
v -0.05674834941939039 0.2759015615831089 -0.732232046603809
v -0.05696949806262522 0.27599386552589916 -0.7422860762305697
v 0.06191516273390285 0.27646626591117124 -0.7332476796083984
v 0.061694014510879885 0.2765585694842499 -0.7433017092344922
v -0.057063829705929436 0.2961527568520494 -0.742098926906824
v -0.05684268143025459 0.2960604529062883 -0.73204489714532
v 0.06159968286757567 0.29671746081040024 -0.7431145599107465
v 0.06182083109059852 0.29662515723732114 -0.7330605302846529
vt 0.8602402492800038 0.18753737320746722
vt 0.8602402492800038 0.1719182839279516
vt 0.8758758850799451 0.18753737320746722
vt 0.8758758850799451 0.18753737320746722
vt 0.8602402492800038 0.1719182839279516
vt 0.8758758850799451 0.1719182839279516
vt 0.18768768965998822 0.10943192739293606
vt 0.18768768965998822 0.12505101667245178
vt 0.17205205386004688 0.10943192739293606
vt 0.17205205386004688 0.10943192739293606
vt 0.18768768965998822 0.12505101667245178
vt 0.17205205386004688 0.12505101667245178
vt 0.8758758850799451 0.7031473089366295
vt 0.8758758850799451 0.7187763976330976
vt 0.8445946034699472 0.7031473089366295
vt 0.8445946034699472 0.7031473089366295
vt 0.8758758850799451 0.7187763976330976
vt 0.8445946034699472 0.7187763976330976
vt 0.2815215244798672 0.18753737320746722
vt 0.2815215244798672 0.20315646248698316
vt 0.2502402428698692 0.18753737320746722
vt 0.2502402428698692 0.18753737320746722
vt 0.2815215244798672 0.20315646248698316
vt 0.2502402428698692 0.20315646248698316
vt 0.3753553592997461 0.7656336654716449
vt 0.3753553592997461 0.7500145761921291
vt 0.344074077689748 0.7656336654716449
vt 0.344074077689748 0.7656336654716449
vt 0.3753553592997461 0.7500145761921291
vt 0.344074077689748 0.7500145761921291
vt 0.2502402428698692 0.5469264178906148
vt 0.2502402428698692 0.5625455071701306
vt 0.21895896125987105 0.5469264178906148
vt 0.21895896125987105 0.5469264178906148
vt 0.2502402428698692 0.5625455071701306
vt 0.21895896125987105 0.5625455071701306
vn 0.9997472466277612 0.004881960179450239 -0.02194559921754043
vn 0.999747246627761 0.004881960179444965 -0.021945599217551248
vn -0.9997472456271834 -0.004881978935139614 0.021945640627176723
vn -0.9997472465231406 -0.004881960223111866 0.02194560397388569
vn -0.008602235165125966 0.00924271771185661 -0.9999202836823858
vn -0.008602235165125975 0.009242717711856559 -0.9999202836823858
vn 0.008602235229998603 -0.009242717711536987 0.9999202836818308
vn 0.008602236369441421 -0.009242724233613138 0.9999202836117416
vn 0.0046791592499410865 -0.9999459622099711 -0.009283217582764012
vn 0.004679156436546518 -0.9999459625668562 -0.009283180558713683
vn -0.004679156118623842 0.999945962225262 0.009283217514024205
vn -0.004679159567861253 0.999945962551565 0.009283180627493955
usemtl m_9d225fcc-bc87-2d05-dc5b-a973fc833c2e
f 1/1/1 2/2/1 3/3/1
f 3/4/2 2/5/2 4/6/2
f 5/7/3 6/8/3 7/9/3
f 7/10/4 6/11/4 8/12/4
f 9/13/5 10/14/5 11/15/5
f 11/16/6 10/17/6 12/18/6
f 13/19/7 14/20/7 15/21/7
f 15/22/8 14/23/8 16/24/8
f 17/25/9 18/26/9 19/27/9
f 19/28/10 18/29/10 20/30/10
f 21/31/11 22/32/11 23/33/11
f 23/34/12 22/35/12 24/36/12
o obj2
v 0.08193725498809848 0.30680184972676444 -0.7332777100226474
v 0.0820315870647757 0.2866429610754411 -0.7334648592426968
v 0.08163287902628319 0.30694052697053603 -0.7483688129798636
v 0.0817272107858586 0.28678163794354233 -0.7485559619289552
v -0.0819922739605034 0.2858595304882519 -0.7317526730588266
v -0.08208660566742682 0.3060184191425637 -0.7315655239743248
v -0.08229664992231839 0.28599820773202395 -0.7468437760160421
v -0.08239098187175417 0.30615709652860207 -0.7466566264456925
v -0.08229664992231839 0.28599820773202395 -0.7468437760160421
v -0.08239098187175417 0.30615709652860207 -0.7466566264456925
v 0.0817272107858586 0.28678163794354233 -0.7485559619289552
v 0.08163287902628319 0.30694052697053603 -0.7483688129798636
v 0.0820315870647757 0.2866429610754411 -0.7334648592426968
v 0.08193725498809848 0.30680184972676444 -0.7332777100226474
v -0.0819922739605034 0.2858595304882519 -0.7317526730588266
v -0.08208660566742682 0.3060184191425637 -0.7315655239743248
v -0.0819922739605034 0.2858595304882519 -0.7317526730588266
v -0.08229664992231839 0.28599820773202395 -0.7468437760160421
v 0.0820315870647757 0.2866429610754411 -0.7334648592426968
v 0.0817272107858586 0.28678163794354233 -0.7485559619289552
v -0.08239098187175417 0.30615709652860207 -0.7466566264456925
v -0.08208660566742682 0.3060184191425637 -0.7315655239743248
v 0.08163287902628319 0.30694052697053603 -0.7483688129798636
v 0.08193725498809848 0.30680184972676444 -0.7332777100226474
vt 0.860250259290119 0.3281891720587278
vt 0.860250259290119 0.3125600833622597
vt 0.8758758850799451 0.3281891720587278
vt 0.8758758850799451 0.3281891720587278
vt 0.860250259290119 0.3125600833622597
vt 0.8758758850799451 0.3125600833622597
vt 0.8758758850799451 0.28131190538627593
vt 0.8758758850799451 0.29693099466579165
vt 0.860250259290119 0.28131190538627593
vt 0.860250259290119 0.28131190538627593
vt 0.8758758850799451 0.29693099466579165
vt 0.860250259290119 0.29693099466579165
vt 0.5787087147900215 0.6250218642881935
vt 0.5787087147900215 0.6406409535677096
vt 0.5317817873699667 0.6250218642881935
vt 0.5317817873699667 0.6250218642881935
vt 0.5787087147900215 0.6406409535677096
vt 0.5317817873699667 0.6406409535677096
vt 0.8758758850799451 0.14067010595196783
vt 0.8758758850799451 0.15629919464843578
vt 0.8289489576598905 0.14067010595196783
vt 0.8289489576598905 0.14067010595196783
vt 0.8758758850799451 0.15629919464843578
vt 0.8289489576598905 0.15629919464843578
vt 0.8758758850799451 0.3906955274276478
vt 0.8758758850799451 0.37506643873117973
vt 0.8289489576598905 0.3906955274276478
vt 0.8289489576598905 0.3906955274276478
vt 0.8758758850799451 0.37506643873117973
vt 0.8289489576598905 0.37506643873117973
vt 0.8758758850799451 0.35943735003471156
vt 0.8758758850799451 0.37506643873117973
vt 0.8289489576598905 0.35943735003471156
vt 0.8289489576598905 0.35943735003471156
vt 0.8758758850799451 0.37506643873117973
vt 0.8289489576598905 0.37506643873117973
vn 0.9997857306058106 0.004865215841834054 -0.02012020257895435
vn 0.9997857302478526 0.00486519995310098 -0.020120224208106687
vn -0.9997857306922493 -0.004865197369777864 0.020120202750424237
vn -0.9997857302978431 -0.004865209999574661 0.02012021929474871
vn -0.010481724203756041 0.009233770308473716 -0.9999024307119205
vn -0.010481727847120322 0.009233739471834014 -0.9999024309584936
vn 0.01048172577490283 -0.009233752927566757 0.9999024308559573
vn 0.010481724941595702 -0.009233746399688995 0.9999024309249753
vn 0.004679158585888989 -0.9999459622247411 -0.009283216326503384
vn 0.004679156578664186 -0.9999459624631208 -0.009283191661022996
vn -0.0046791575816692126 0.9999459621386486 0.009283226106173676
vn -0.004679158585890016 0.9999459622247414 0.009283216326473664
usemtl m_9d225fcc-bc87-2d05-dc5b-a973fc833c2e
f 25/37/13 26/38/13 27/39/13
f 27/40/14 26/41/14 28/42/14
f 29/43/15 30/44/15 31/45/15
f 31/46/16 30/47/16 32/48/16
f 33/49/17 34/50/17 35/51/17
f 35/52/18 34/53/18 36/54/18
f 37/55/19 38/56/19 39/57/19
f 39/58/20 38/59/20 40/60/20
f 41/61/21 42/62/21 43/63/21
f 43/64/22 42/65/22 44/66/22
f 45/67/23 46/68/23 47/69/23
f 47/70/24 46/71/24 48/72/24
o obj3
v 0.012381030157083153 0.27622918017255965 -0.7326793811961558
v 0.012475361786056904 0.25607029010984245 -0.7328665305818383
v 0.011309111742870609 0.27650279101783176 -0.7626917963372628
v 0.011403443371844443 0.25634390095511467 -0.7628789457229452
v -0.016021238974807478 0.2559385653041662 -0.733041283516342
v -0.016115570603781437 0.2760974553668834 -0.7328541341306599
v -0.017093157336368014 0.25621217577675665 -0.7630536985220386
v -0.017187488965341696 0.2763710658394741 -0.7628665491363558
v -0.017093157336368014 0.25621217577675665 -0.7630536985220386
v -0.017187488965341696 0.2763710658394741 -0.7628665491363558
v 0.011403443371844443 0.25634390095511467 -0.7628789457229452
v 0.011309111742870609 0.27650279101783176 -0.7626917963372628
v 0.012475361786056904 0.25607029010984245 -0.7328665305818383
v 0.012381030157083153 0.27622918017255965 -0.7326793811961558
v -0.016021238974807478 0.2559385653041662 -0.733041283516342
v -0.016115570603781437 0.2760974553668834 -0.7328541341306599
v -0.016021238974807478 0.2559385653041662 -0.733041283516342
v -0.017093157336368014 0.25621217577675665 -0.7630536985220386
v 0.012475361786056904 0.25607029010984245 -0.7328665305818383
v 0.011403443371844443 0.25634390095511467 -0.7628789457229452
v -0.017187488965341696 0.2763710658394741 -0.7628665491363558
v -0.016115570603781437 0.2760974553668834 -0.7328541341306599
v 0.011309111742870609 0.27650279101783176 -0.7626917963372628
v 0.012381030157083153 0.27622918017255965 -0.7326793811961558
vt 0.8758758850799451 0.4844700596064563
vt 0.8758758850799451 0.468830971493036
vt 0.8602402492800038 0.4844700596064563
vt 0.8602402492800038 0.4844700596064563
vt 0.8758758850799451 0.468830971493036
vt 0.8602402492800038 0.468830971493036
vt 0.8602402492800038 0.7968418457798195
vt 0.8602402492800038 0.8124909333101922
vt 0.8758758850799451 0.7968418457798195
vt 0.8758758850799451 0.7968418457798195
vt 0.8602402492800038 0.8124909333101922
vt 0.8758758850799451 0.8124909333101922
vt 0.8602402492800038 0.8124909333101922
vt 0.8602402492800038 0.8281300214236127
vt 0.8758758850799451 0.8124909333101922
vt 0.8758758850799451 0.8124909333101922
vt 0.8602402492800038 0.8281300214236127
vt 0.8758758850799451 0.8281300214236127
vt 0.8602402492800038 0.4844700596064563
vt 0.8602402492800038 0.5001191471368291
vt 0.8758758850799451 0.4844700596064563
vt 0.8758758850799451 0.4844700596064563
vt 0.8602402492800038 0.5001191471368291
vt 0.8758758850799451 0.5001191471368291
vt 0.8602402492800038 0.4531818839626631
vt 0.8602402492800038 0.4375327964322905
vt 0.8758758850799451 0.4531818839626631
vt 0.8758758850799451 0.4531818839626631
vt 0.8602402492800038 0.4375327964322905
vt 0.8758758850799451 0.4375327964322905
vt 0.8602402492800038 0.4531818839626631
vt 0.8602402492800038 0.468830971493036
vt 0.8758758850799451 0.4531818839626631
vt 0.8758758850799451 0.4531818839626631
vt 0.8602402492800038 0.468830971493036
vt 0.8758758850799451 0.468830971493036
vn 0.9993518978118704 0.00500731007707573 -0.03564703614054461
vn 0.9993518978118703 0.005007310077079859 -0.03564703614054178
vn -0.9993518978664483 -0.005007310063154255 0.03564703461242827
vn -0.9993518978664485 -0.00500731006314174 0.03564703461242004
vn 0.0060889861343898935 0.009311633023154867 -0.9999381069537742
vn 0.006088986134374558 0.009311633023132967 -0.9999381069537745
vn -0.00608899099614451 -0.0093116330456063 0.9999381069239601
vn -0.006088990996156225 -0.009311633045589894 0.9999381069239601
vn 0.0046791529894982045 -0.9999459623696011 -0.009283203543665727
vn 0.0046791661094056506 -0.9999459621889104 -0.009283216393847552
vn -0.004679166033977839 0.9999459623042409 0.009283204008971901
vn -0.004679153064914365 0.9999459622542706 0.00928321592854485
usemtl m_9d225fcc-bc87-2d05-dc5b-a973fc833c2e
f 49/73/25 50/74/25 51/75/25
f 51/76/26 50/77/26 52/78/26
f 53/79/27 54/80/27 55/81/27
f 55/82/28 54/83/28 56/84/28
f 57/85/29 58/86/29 59/87/29
f 59/88/30 58/89/30 60/90/30
f 61/91/31 62/92/31 63/93/31
f 63/94/32 62/95/32 64/96/32
f 65/97/33 66/98/33 67/99/33
f 67/100/34 66/101/34 68/102/34
f 69/103/35 70/104/35 71/105/35
f 71/106/36 70/107/36 72/108/36
o obj4
v 0.012063058919714043 0.27622764737285505 -0.7326745129942609
v 0.012157390601339635 0.25606875693745573 -0.7328616622445333
v 0.010991140488744972 0.2765012578448844 -0.7626869279745132
v 0.011085472117718612 0.25634236778216696 -0.7628740773601961
v -0.016339205536271634 0.2559370323729467 -0.7330364151313657
v -0.016433537165245427 0.27609592243566367 -0.7328492657456833
v -0.017411123967240566 0.25621064284497613 -0.7630488301116176
v -0.017505455596214137 0.27636953290769334 -0.7628616807259347
v -0.017411123967240566 0.25621064284497613 -0.7630488301116176
v -0.017505455596214137 0.27636953290769334 -0.7628616807259347
v 0.011085472117718612 0.25634236778216696 -0.7628740773601961
v 0.010991140488744972 0.2765012578448844 -0.7626869279745132
v 0.012157390601339635 0.25606875693745573 -0.7328616622445333
v 0.012063058919714043 0.27622764737285505 -0.7326745129942609
v -0.016339205536271634 0.2559370323729467 -0.7330364151313657
v -0.016433537165245427 0.27609592243566367 -0.7328492657456833
v -0.016339205536271634 0.2559370323729467 -0.7330364151313657
v -0.017411123967240566 0.25621064284497613 -0.7630488301116176
v 0.012157390601339635 0.25606875693745573 -0.7328616622445333
v 0.011085472117718612 0.25634236778216696 -0.7628740773601961
v -0.017505455596214137 0.27636953290769334 -0.7628616807259347
v -0.016433537165245427 0.27609592243566367 -0.7328492657456833
v 0.010991140488744972 0.2765012578448844 -0.7626869279745132
v 0.012063058919714043 0.27622764737285505 -0.7326745129942609
vt 0.8602402492800038 0.8124909333101922
vt 0.8602402492800038 0.7968418457798195
vt 0.8758758850799451 0.8124909333101922
vt 0.8758758850799451 0.8124909333101922
vt 0.8602402492800038 0.7968418457798195
vt 0.8758758850799451 0.7968418457798195
vt 0.8758758850799451 0.468830971493036
vt 0.8758758850799451 0.4844700596064563
vt 0.8602402492800038 0.468830971493036
vt 0.8602402492800038 0.468830971493036
vt 0.8758758850799451 0.4844700596064563
vt 0.8602402492800038 0.4844700596064563
vt 0.8758758850799451 0.8124909333101922
vt 0.8758758850799451 0.8281300214236127
vt 0.8602402492800038 0.8124909333101922
vt 0.8602402492800038 0.8124909333101922
vt 0.8758758850799451 0.8281300214236127
vt 0.8602402492800038 0.8281300214236127
vt 0.8758758850799451 0.4844700596064563
vt 0.8758758850799451 0.5001191471368291
vt 0.8602402492800038 0.4844700596064563
vt 0.8602402492800038 0.4844700596064563
vt 0.8758758850799451 0.5001191471368291
vt 0.8602402492800038 0.5001191471368291
vt 0.8758758850799451 0.4531818839626631
vt 0.8758758850799451 0.4375327964322905
vt 0.8602402492800038 0.4531818839626631
vt 0.8602402492800038 0.4531818839626631
vt 0.8758758850799451 0.4375327964322905
vt 0.8602402492800038 0.4375327964322905
vt 0.8758758850799451 0.4531818839626631
vt 0.8758758850799451 0.468830971493036
vt 0.8602402492800038 0.4531818839626631
vt 0.8602402492800038 0.4531818839626631
vt 0.8758758850799451 0.468830971493036
vt 0.8602402492800038 0.468830971493036
vn 0.9993518977722747 0.005007312362347798 -0.035647036929580864
vn 0.999351897728356 0.005007310098388247 -0.03564703847884234
vn -0.9993518977829341 -0.005007310084463918 0.03564703695072396
vn -0.9993518977829342 -0.005007310084453578 0.03564703695071715
vn 0.006088985528306565 0.009311633020353328 -0.9999381069574909
vn 0.006088985528306509 0.009311633020353247 -0.9999381069574909
vn -0.006088990422239269 -0.00931162617058407 0.9999381069914763
vn -0.006088985528337587 -0.009311633020331615 0.9999381069574909
vn 0.004679145269038276 -0.9999459624082849 -0.009283203268276257
vn 0.0046791583889476615 -0.9999459622275941 -0.009283216118458034
vn -0.004679158313539476 0.9999459623429248 0.009283203733583137
vn -0.004679158313551326 0.9999459623429248 0.009283203733572247
usemtl m_9d225fcc-bc87-2d05-dc5b-a973fc833c2e
f 73/109/37 74/110/37 75/111/37
f 75/112/38 74/113/38 76/114/38
f 77/115/39 78/116/39 79/117/39
f 79/118/40 78/119/40 80/120/40
f 81/121/41 82/122/41 83/123/41
f 83/124/42 82/125/42 84/126/42
f 85/127/43 86/128/43 87/129/43
f 87/130/44 86/131/44 88/132/44
f 89/133/45 90/134/45 91/135/45
f 91/136/46 90/137/46 92/138/46
f 93/139/47 94/140/47 95/141/47
f 95/142/48 94/143/48 96/144/48
o obj5
v 0.13441344747168632 0.32928435703016806 -0.7339348731167179
v 0.14208971611433988 0.310696151300285 -0.7341801432858864
v 0.13399004729404695 0.32946911723866995 -0.7540498692218496
v 0.14166631606394228 0.31088091165404214 -0.7542951390407171
v 0.014089949626177142 0.2560834166855395 -0.7334585156855078
v 0.006413681224979095 0.2746716222731475 -0.7332132460017994
v 0.013666549817235155 0.2562681768970217 -0.7535735119257982
v 0.005990281121929494 0.27485638299958653 -0.7533282418920404
v 0.013666549817235155 0.2562681768970217 -0.7535735119257982
v 0.005990281121929494 0.27485638299958653 -0.7533282418920404
v 0.14166631606394228 0.31088091165404214 -0.7542951390407171
v 0.13399004729404695 0.32946911723866995 -0.7540498692218496
v 0.14208971611433988 0.310696151300285 -0.7341801432858864
v 0.13441344747168632 0.32928435703016806 -0.7339348731167179
v 0.014089949626177142 0.2560834166855395 -0.7334585156855078
v 0.006413681224979095 0.2746716222731475 -0.7332132460017994
v 0.014089949626177142 0.2560834166855395 -0.7334585156855078
v 0.013666549817235155 0.2562681768970217 -0.7535735119257982
v 0.14208971611433988 0.310696151300285 -0.7341801432858864
v 0.14166631606394228 0.31088091165404214 -0.7542951390407171
v 0.005990281121929494 0.27485638299958653 -0.7533282418920404
v 0.006413681224979095 0.2746716222731475 -0.7332132460017994
v 0.13399004729404695 0.32946911723866995 -0.7540498692218496
v 0.13441344747168632 0.32928435703016806 -0.7339348731167179
vt 0.8758758850799451 0.1406201088672061
vt 0.8758758850799451 0.12505101667245178
vt 0.8603103193508101 0.1406201088672061
vt 0.8603103193508101 0.1406201088672061
vt 0.8758758850799451 0.12505101667245178
vt 0.8603103193508101 0.12505101667245178
vt 0.8290190277306969 0.12505101667245178
vt 0.8290190277306969 0.1406201088672061
vt 0.8445845934598318 0.12505101667245178
vt 0.8445845934598318 0.12505101667245178
vt 0.8290190277306969 0.1406201088672061
vt 0.8445845934598318 0.1406201088672061
vt 0.7820120202297205 0.1406201088672061
vt 0.7820120202297205 0.15630919406538812
vt 0.8290190277306969 0.1406201088672061
vt 0.8290190277306969 0.1406201088672061
vt 0.7820120202297205 0.15630919406538812
vt 0.8290190277306969 0.15630919406538812
vt 0.688138145369381 0.1406201088672061
vt 0.688138145369381 0.15630919406538812
vt 0.7351551628804722 0.1406201088672061
vt 0.7351551628804722 0.1406201088672061
vt 0.688138145369381 0.15630919406538812
vt 0.7351551628804722 0.15630919406538812
vt 0.8290190277306969 0.3594173512008071
vt 0.8290190277306969 0.3438382595891005
vt 0.8758758850799451 0.3594173512008071
vt 0.8758758850799451 0.3594173512008071
vt 0.8290190277306969 0.3438382595891005
vt 0.8758758850799451 0.3438382595891005
vt 0.5474274331800232 0.1406201088672061
vt 0.5474274331800232 0.15630919406538812
vt 0.5942742805191568 0.1406201088672061
vt 0.5942742805191568 0.1406201088672061
vt 0.5474274331800232 0.15630919406538812
vt 0.5942742805191568 0.15630919406538812
vn 0.924095458881531 0.3818289784120686 -0.015944093556193865
vn 0.9240954558657477 0.3818289860640331 -0.01594408509724905
vn -0.9240954625625947 -0.3818289702109717 0.015944076607112036
vn -0.9240954609529347 -0.3818289739418787 0.015944080552846115
vn -0.009578763507438299 0.009238070171556602 -0.9999114487539256
vn -0.009578760794999955 0.009238059952705659 -0.9999114488743204
vn 0.009578769425911111 -0.009238075222541983 0.9999114486505634
vn 0.009578756826657939 -0.009238054510583191 0.9999114489626145
vn 0.39230121529422324 -0.919685108439523 -0.01670502299485995
vn 0.3923012167069269 -0.9196851076255008 -0.016705034634377943
vn -0.3923012135255046 0.9196851086575009 0.01670505253082955
vn -0.39230121675731766 0.919685107684817 0.016705030185384495
usemtl m_9d225fcc-bc87-2d05-dc5b-a973fc833c2e
f 97/145/49 98/146/49 99/147/49
f 99/148/50 98/149/50 100/150/50
f 101/151/51 102/152/51 103/153/51
f 103/154/52 102/155/52 104/156/52
f 105/157/53 106/158/53 107/159/53
f 107/160/54 106/161/54 108/162/54
f 109/163/55 110/164/55 111/165/55
f 111/166/56 110/167/56 112/168/56
f 113/169/57 114/170/57 115/171/57
f 115/172/58 114/173/58 116/174/58
f 117/175/59 118/176/59 119/177/59
f 119/178/60 118/179/60 120/180/60
o obj6
v -0.01094531037806351 0.2745803910741084 -0.7321629675806679
v -0.018447276872996576 0.25591981533446956 -0.7322635042447276
v -0.011368710478120603 0.2747651518005714 -0.752277963472006
v -0.018870677100295163 0.256104575915678 -0.7523785004863659
v -0.14695243578250416 0.30930955306473323 -0.7305392133376823
v -0.1394504691603296 0.32797012894962657 -0.7304386763233224
v -0.1473758359571508 0.30949431327325966 -0.7506542094439104
v -0.13987386933497625 0.3281548891581532 -0.7505536724295503
v -0.1473758359571508 0.30949431327325966 -0.7506542094439104
v -0.13987386933497625 0.3281548891581532 -0.7505536724295503
v -0.018870677100295163 0.256104575915678 -0.7523785004863659
v -0.011368710478120603 0.2747651518005714 -0.752277963472006
v -0.018447276872996576 0.25591981533446956 -0.7322635042447276
v -0.01094531037806351 0.2745803910741084 -0.7321629675806679
v -0.14695243578250416 0.30930955306473323 -0.7305392133376823
v -0.1394504691603296 0.32797012894962657 -0.7304386763233224
v -0.14695243578250416 0.30930955306473323 -0.7305392133376823
v -0.1473758359571508 0.30949431327325966 -0.7506542094439104
v -0.018447276872996576 0.25591981533446956 -0.7322635042447276
v -0.018870677100295163 0.256104575915678 -0.7523785004863659
v -0.13987386933497625 0.3281548891581532 -0.7505536724295503
v -0.1394504691603296 0.32797012894962657 -0.7304386763233224
v -0.011368710478120603 0.2747651518005714 -0.752277963472006
v -0.01094531037806351 0.2745803910741084 -0.7321629675806679
vt 0.8290190277306969 0.1406201088672061
vt 0.8290190277306969 0.12505101667245178
vt 0.8445845934598318 0.1406201088672061
vt 0.8445845934598318 0.1406201088672061
vt 0.8290190277306969 0.12505101667245178
vt 0.8445845934598318 0.12505101667245178
vt 0.8758758850799451 0.12505101667245178
vt 0.8758758850799451 0.1406201088672061
vt 0.8603103193508101 0.12505101667245178
vt 0.8603103193508101 0.12505101667245178
vt 0.8758758850799451 0.1406201088672061
vt 0.8603103193508101 0.1406201088672061
vt 0.8290190277306969 0.1406201088672061
vt 0.8290190277306969 0.15630919406538812
vt 0.7820120202297205 0.1406201088672061
vt 0.7820120202297205 0.1406201088672061
vt 0.8290190277306969 0.15630919406538812
vt 0.7820120202297205 0.15630919406538812
vt 0.7351551628804722 0.1406201088672061
vt 0.7351551628804722 0.15630919406538812
vt 0.688138145369381 0.1406201088672061
vt 0.688138145369381 0.1406201088672061
vt 0.7351551628804722 0.15630919406538812
vt 0.688138145369381 0.15630919406538812
vt 0.8758758850799451 0.3594173512008071
vt 0.8758758850799451 0.3438382595891005
vt 0.8290190277306969 0.3594173512008071
vt 0.8290190277306969 0.3594173512008071
vt 0.8758758850799451 0.3438382595891005
vt 0.8290190277306969 0.3438382595891005
vt 0.5942742805191568 0.1406201088672061
vt 0.5942742805191568 0.15630919406538812
vt 0.5474274331800232 0.1406201088672061
vt 0.5474274331800232 0.1406201088672061
vt 0.5942742805191568 0.15630919406538812
vt 0.5474274331800232 0.15630919406538812
vn 0.9276266962299319 -0.37280291821909733 -0.02294987165251477
vn 0.927626695140597 -0.3728029207587099 -0.02294987442904659
vn -0.9276266953189303 0.3728029208798425 0.022949865253168816
vn -0.9276266953189318 0.3728029208798385 0.022949865253173104
vn -0.009578762069759194 0.00923806778945225 -0.999911448789706
vn -0.009578762069764884 0.009238067789442693 -0.999911448789706
vn 0.009578767821590877 -0.009238051338380059 0.9999114488865949
vn 0.009578763475210658 -0.009238068354368505 0.999911448771023
vn -0.3836763485957407 -0.9234675384122072 -0.00040623532403608493
vn -0.383676346628533 -0.9234675392224247 -0.0004062514754696962
vn 0.38367634644683585 0.9234675393049967 0.00040623537747898716
vn 0.3836763500949077 0.9234675377782712 0.000406260491890673
usemtl m_9d225fcc-bc87-2d05-dc5b-a973fc833c2e
f 121/181/61 122/182/61 123/183/61
f 123/184/62 122/185/62 124/186/62
f 125/187/63 126/188/63 127/189/63
f 127/190/64 126/191/64 128/192/64
f 129/193/65 130/194/65 131/195/65
f 131/196/66 130/197/66 132/198/66
f 133/199/67 134/200/67 135/201/67
f 135/202/68 134/203/68 136/204/68
f 137/205/69 138/206/69 139/207/69
f 139/208/70 138/209/70 140/210/70
f 141/211/71 142/212/71 143/213/71
f 143/214/72 142/215/72 144/216/72
o obj7
v 0.11736402502881843 0.5510124851582121 -0.6324872560791313
v 0.11728473422778729 0.5324587625714794 -0.6403562070270233
v 0.11681661616392619 0.560868837332916 -0.6556226747183851
v 0.1167373253102432 0.542315115118865 -0.6634916258016876
v -0.0015052310404394253 0.5318930363879375 -0.6392942185172297
v -0.0014259400595147687 0.5504467587472432 -0.6314252670836265
v -0.0020526397780901706 0.5417493887078961 -0.6624296368061833
v -0.001973348977058975 0.5603031112946291 -0.6545606858582906
v -0.0020526397780901706 0.5417493887078961 -0.6624296368061833
v -0.001973348977058975 0.5603031112946291 -0.6545606858582906
v 0.1167373253102432 0.542315115118865 -0.6634916258016876
v 0.11681661616392619 0.560868837332916 -0.6556226747183851
v 0.11728473422778729 0.5324587625714794 -0.6403562070270233
v 0.11736402502881843 0.5510124851582121 -0.6324872560791313
v -0.0015052310404394253 0.5318930363879375 -0.6392942185172297
v -0.0014259400595147687 0.5504467587472432 -0.6314252670836265
v -0.0015052310404394253 0.5318930363879375 -0.6392942185172297
v -0.0020526397780901706 0.5417493887078961 -0.6624296368061833
v 0.11728473422778729 0.5324587625714794 -0.6403562070270233
v 0.1167373253102432 0.542315115118865 -0.6634916258016876
v -0.001973348977058975 0.5603031112946291 -0.6545606858582906
v -0.0014259400595147687 0.5504467587472432 -0.6314252670836265
v 0.11681661616392619 0.560868837332916 -0.6556226747183851
v 0.11736402502881843 0.5510124851582121 -0.6324872560791313
vt 0.21894895124975586 0.1250310178385473
vt 0.21894895124975586 0.10943192739293606
vt 0.20331331544981449 0.1250310178385473
vt 0.20331331544981449 0.1250310178385473
vt 0.21894895124975586 0.10943192739293606
vt 0.20331331544981449 0.10943192739293606
vt 0.6881881954199569 0.1250310178385473
vt 0.6881881954199569 0.1407201030367291
vt 0.7038338412300137 0.1250310178385473
vt 0.7038338412300137 0.1250310178385473
vt 0.6881881954199569 0.1407201030367291
vt 0.7038338412300137 0.1407201030367291
vt 0.500520525780199 0.23440464046296705
vt 0.500520525780199 0.2500037309085781
vt 0.5318018073901971 0.23440464046296705
vt 0.5318018073901971 0.23440464046296705
vt 0.500520525780199 0.2500037309085781
vt 0.5318018073901971 0.2500037309085781
vt 0.6725525596200154 0.8124709344762876
vt 0.6725525596200154 0.8281600196744696
vt 0.7038338412300137 0.8124709344762876
vt 0.7038338412300137 0.8124709344762876
vt 0.6725525596200154 0.8281600196744696
vt 0.7038338412300137 0.8281600196744696
vt 0.09384384482999411 0.48444006135559936
vt 0.09384384482999411 0.46875097615741745
vt 0.12512512643999216 0.48444006135559936
vt 0.12512512643999216 0.48444006135559936
vt 0.09384384482999411 0.46875097615741745
vt 0.12512512643999216 0.46875097615741745
vt 0.6725525596200154 0.8281600196744696
vt 0.6725525596200154 0.8437591101200808
vt 0.7038338412300137 0.8281600196744696
vt 0.7038338412300137 0.8281600196744696
vt 0.6725525596200154 0.8437591101200808
vt 0.7038338412300137 0.8437591101200808
vn 0.9997552891627906 0.004878584971299848 -0.02157686723560268
vn 0.9997552891119067 0.004878583528195964 -0.021576869919581076
vn -0.9997552892338302 -0.004878575421914416 0.021576866103156393
vn -0.9997552891213366 -0.004878585714803007 0.02157686898825168
vn -0.01008943828127079 0.39046873393375137 -0.9205609002425326
vn -0.010089436014639405 0.3904687463002555 -0.9205608950219499
vn 0.010089433754865158 -0.3904687339351696 0.9205609002915407
vn 0.010089438305107945 -0.39046875849787516 0.9205608898230555
vn 0.0008771905055111077 -0.9199820475575268 -0.3919595166706347
vn 0.0008771906578601446 -0.9199820472598431 -0.39195951736899776
vn -0.0008771882185315009 0.9199820472826207 0.3919595173209953
vn -0.0008771907741386984 0.9199820517761954 0.3919595067682475
usemtl m_9d225fcc-bc87-2d05-dc5b-a973fc833c2e
f 145/217/73 146/218/73 147/219/73
f 147/220/74 146/221/74 148/222/74
f 149/223/75 150/224/75 151/225/75
f 151/226/76 150/227/76 152/228/76
f 153/229/77 154/230/77 155/231/77
f 155/232/78 154/233/78 156/234/78
f 157/235/79 158/236/79 159/237/79
f 159/238/80 158/239/80 160/240/80
f 161/241/81 162/242/81 163/243/81
f 163/244/82 162/245/82 164/246/82
f 165/247/83 166/248/83 167/249/83
f 167/250/84 166/251/84 168/252/84
o obj8
v -0.0024958877739583163 0.5505069353672665 -0.6306234925323271
v -0.00257514976094117 0.5319532154558719 -0.638492453228849
v -0.0030432093680931305 0.5603632886204624 -0.6537589433186095
v -0.003122471355075984 0.541809568709068 -0.6616279040151314
v -0.12144448656707063 0.5313871066606874 -0.6374292902497769
v -0.12136522463273969 0.5499408269447634 -0.6295603296886654
v -0.12199180803396426 0.541243460059138 -0.6605647406857597
v -0.121912546414989 0.5597971799675576 -0.6526957798543309
v -0.12199180803396426 0.541243460059138 -0.6605647406857597
v -0.121912546414989 0.5597971799675576 -0.6526957798543309
v -0.003122471355075984 0.541809568709068 -0.6616279040151314
v -0.0030432093680931305 0.5603632886204624 -0.6537589433186095
v -0.00257514976094117 0.5319532154558719 -0.638492453228849
v -0.0024958877739583163 0.5505069353672665 -0.6306234925323271
v -0.12144448656707063 0.5313871066606874 -0.6374292902497769
v -0.12136522463273969 0.5499408269447634 -0.6295603296886654
v -0.12144448656707063 0.5313871066606874 -0.6374292902497769
v -0.12199180803396426 0.541243460059138 -0.6605647406857597
v -0.00257514976094117 0.5319532154558719 -0.638492453228849
v -0.003122471355075984 0.541809568709068 -0.6616279040151314
v -0.121912546414989 0.5597971799675576 -0.6526957798543309
v -0.12136522463273969 0.5499408269447634 -0.6295603296886654
v -0.0030432093680931305 0.5603632886204624 -0.6537589433186095
v -0.0024958877739583163 0.5505069353672665 -0.6306234925323271
vt 0.6881881954199569 0.1407201030367291
vt 0.6881881954199569 0.1250310178385473
vt 0.7038338412300137 0.1407201030367291
vt 0.7038338412300137 0.1407201030367291
vt 0.6881881954199569 0.1250310178385473
vt 0.7038338412300137 0.1250310178385473
vt 0.21894895124975586 0.10943192739293606
vt 0.21894895124975586 0.1250310178385473
vt 0.20331331544981449 0.10943192739293606
vt 0.20331331544981449 0.10943192739293606
vt 0.21894895124975586 0.1250310178385473
vt 0.20331331544981449 0.1250310178385473
vt 0.5318018073901971 0.23440464046296705
vt 0.5318018073901971 0.2500037309085781
vt 0.500520525780199 0.23440464046296705
vt 0.500520525780199 0.23440464046296705
vt 0.5318018073901971 0.2500037309085781
vt 0.500520525780199 0.2500037309085781
vt 0.7038338412300137 0.8124709344762876
vt 0.7038338412300137 0.8281600196744696
vt 0.6725525596200154 0.8124709344762876
vt 0.6725525596200154 0.8124709344762876
vt 0.7038338412300137 0.8281600196744696
vt 0.6725525596200154 0.8281600196744696
vt 0.12512512643999216 0.48444006135559936
vt 0.12512512643999216 0.46875097615741745
vt 0.09384384482999411 0.48444006135559936
vt 0.09384384482999411 0.48444006135559936
vt 0.12512512643999216 0.46875097615741745
vt 0.09384384482999411 0.46875097615741745
vt 0.7038338412300137 0.8281600196744696
vt 0.7038338412300137 0.8437591101200808
vt 0.6725525596200154 0.8281600196744696
vt 0.6725525596200154 0.8281600196744696
vt 0.7038338412300137 0.8437591101200808
vt 0.6725525596200154 0.8437591101200808
vn 0.9997553709851306 0.004878545058600398 -0.021573084723689743
vn 0.9997553709851306 0.004878545058600431 -0.02157308472368969
vn -0.9997553710987065 -0.004878545376946262 0.021573079388275296
vn -0.9997553708828181 -0.0048785651321950835 0.021573084925660763
vn -0.010093051433512164 0.39046918271521 -0.9205606702778891
vn -0.010093052451314104 0.3904691771585068 -0.9205606726236862
vn 0.010093049181859447 -0.39046917715955026 0.9205606726590901
vn 0.010093046892769013 -0.3904691647944776 0.9205606779290127
vn 0.0008756983136881617 -0.9199822436127901 -0.3919590598387037
vn 0.0008756961445559307 -0.9199822478542036 -0.3919590498883642
vn -0.0008756957074957091 0.9199822473680065 0.3919590510305127
vn -0.0008756959846857544 0.9199822478556994 0.3919590498852105
usemtl m_9d225fcc-bc87-2d05-dc5b-a973fc833c2e
f 169/253/85 170/254/85 171/255/85
f 171/256/86 170/257/86 172/258/86
f 173/259/87 174/260/87 175/261/87
f 175/262/88 174/263/88 176/264/88
f 177/265/89 178/266/89 179/267/89
f 179/268/90 178/269/90 180/270/90
f 181/271/91 182/272/91 183/273/91
f 183/274/92 182/275/92 184/276/92
f 185/277/93 186/278/93 187/279/93
f 187/280/94 186/281/94 188/282/94
f 189/283/95 190/284/95 191/285/95
f 191/286/96 190/287/96 192/288/96
o obj9
v 0.13670267016267001 0.5418297257755484 -0.6367651122760892
v 0.13603073127367143 0.30063377624154014 -0.7391932183991081
v 0.13642420510900344 0.5477439482283728 -0.6506647015162874
v 0.1357522657730726 0.3065479981734183 -0.7530928077176999
v -0.13212959151992854 0.2993474967471435 -0.7358059012471526
v -0.13145765255634045 0.5405434467990884 -0.6333777949092435
v -0.1324080569459377 0.3052617191969586 -0.7497054903508539
v -0.13173611755735481 0.5464576688792313 -0.6472773840140308
v -0.1324080569459377 0.3052617191969586 -0.7497054903508539
v -0.13173611755735481 0.5464576688792313 -0.6472773840140308
v 0.1357522657730726 0.3065479981734183 -0.7530928077176999
v 0.13642420510900344 0.5477439482283728 -0.6506647015162874
v 0.13603073127367143 0.30063377624154014 -0.7391932183991081
v 0.13670267016267001 0.5418297257755484 -0.6367651122760892
v -0.13212959151992854 0.2993474967471435 -0.7358059012471526
v -0.13145765255634045 0.5405434467990884 -0.6333777949092435
v -0.13212959151992854 0.2993474967471435 -0.7358059012471526
v -0.1324080569459377 0.3052617191969586 -0.7497054903508539
v 0.13603073127367143 0.30063377624154014 -0.7391932183991081
v 0.1357522657730726 0.3065479981734183 -0.7530928077176999
v -0.13173611755735481 0.5464576688792313 -0.6472773840140308
v -0.13145765255634045 0.5405434467990884 -0.6333777949092435
v 0.13642420510900344 0.5477439482283728 -0.6506647015162874
v 0.13670267016267001 0.5418297257755484 -0.6367651122760892
vt 0.10952953068051154 0.15628919523148332
vt 0.10952953068051154 0.07817375000000004
vt 0.12514514646022257 0.15628919523148332
vt 0.12514514646022257 0.15628919523148332
vt 0.10952953068051154 0.07817375000000004
vt 0.12514514646022257 0.07817375000000004
vt 0.17199199379935562 0.07817375000000004
vt 0.17199199379935562 0.15628919523148332
vt 0.1563763780196446 0.07817375000000004
vt 0.1563763780196446 0.07817375000000004
vt 0.17199199379935562 0.15628919523148332
vt 0.1563763780196446 0.15628919523148332
vt 0.09380380478953333 0.35940735178385463
vt 0.09380380478953333 0.4375127975983859
vt 0 0.35940735178385463
vt 0 0.35940735178385463
vt 0.09380380478953333 0.4375127975983859
vt 0 0.4375127975983859
vt 0.09380380478953333 0.2813019059693236
vt 0.09380380478953333 0.35940735178385463
vt 0 0.2813019059693236
vt 0 0.2813019059693236
vt 0.09380380478953333 0.35940735178385463
vt 0 0.35940735178385463
vt 0.9071571666899432 0.531277330360242
vt 0.9071571666899432 0.5156782399146309
vt 0.8133533619004099 0.531277330360242
vt 0.8133533619004099 0.531277330360242
vt 0.9071571666899432 0.5156782399146309
vt 0.8133533619004099 0.5156782399146309
vt 0.9071571666899432 0.5000191529673059
vt 0.9071571666899432 0.5156782399146309
vt 0.8133533619004099 0.5000191529673059
vt 0.8133533619004099 0.5000191529673059
vt 0.9071571666899432 0.5156782399146309
vt 0.8133533619004099 0.5156782399146309
vn 0.9998268057753794 0.004845417503610297 -0.017968872591719958
vn 0.9998268052244107 0.004845427519909078 -0.017968900547825063
vn -0.9998268053174364 -0.004845426941452915 0.017968895527676283
vn -0.9998268058295566 -0.00484541450831401 0.017968870384878873
vn -0.013500407611433517 0.39087772341680443 -0.92034360123316
vn -0.01350040862240827 0.39087772246194086 -0.9203436016238685
vn 0.013500407625406774 -0.3908777229054687 0.9203436014501235
vn 0.013500407611730584 -0.39087772289261746 0.920343601455782
vn -0.000531773344657923 -0.9201701812225215 -0.39151826880239166
vn -0.0005317749342018382 -0.9201701957675839 -0.39151823461553603
vn 0.0005317740503968004 0.9201701900490393 0.3915182480568106
vn 0.0005317753901825744 0.9201701825445149 0.3915182656925838
usemtl m_9d225fcc-bc87-2d05-dc5b-a973fc833c2e
f 193/289/97 194/290/97 195/291/97
f 195/292/98 194/293/98 196/294/98
f 197/295/99 198/296/99 199/297/99
f 199/298/100 198/299/100 200/300/100
f 201/301/101 202/302/101 203/303/101
f 203/304/102 202/305/102 204/306/102
f 205/307/103 206/308/103 207/309/103
f 207/310/104 206/311/104 208/312/104
f 209/313/105 210/314/105 211/315/105
f 211/316/106 210/317/106 212/318/106
f 213/319/107 214/320/107 215/321/107
f 215/322/108 214/323/108 216/324/108
o obj10
v 0.14386679397956992 0.55114453258078 -0.6333517598850846
v 0.1422194194488863 0.3006643915311264 -0.7393711939054108
v 0.14319041523367487 0.56099984270193 -0.6564399000086885
v 0.14154304075564342 0.3105197012795949 -0.7624593338936037
v 0.1178711023579003 0.30054976169858066 -0.7392964416688304
v 0.11951847688858375 0.5510299027482337 -0.6332770076485046
v 0.11719472361200525 0.3104050718197309 -0.7623845817924342
v 0.11884209814268876 0.5608852128693842 -0.6563651477721084
v 0.11719472361200525 0.3104050718197309 -0.7623845817924342
v 0.11884209814268876 0.5608852128693842 -0.6563651477721084
v 0.14154304075564342 0.3105197012795949 -0.7624593338936037
v 0.14319041523367487 0.56099984270193 -0.6564399000086885
v 0.1422194194488863 0.3006643915311264 -0.7393711939054108
v 0.14386679397956992 0.55114453258078 -0.6333517598850846
v 0.1178711023579003 0.30054976169858066 -0.7392964416688304
v 0.11951847688858375 0.5510299027482337 -0.6332770076485046
v 0.1178711023579003 0.30054976169858066 -0.7392964416688304
v 0.11719472361200525 0.3104050718197309 -0.7623845817924342
v 0.1422194194488863 0.3006643915311264 -0.7393711939054108
v 0.14154304075564342 0.3105197012795949 -0.7624593338936037
v 0.11884209814268876 0.5608852128693842 -0.6563651477721084
v 0.11951847688858375 0.5510299027482337 -0.6332770076485046
v 0.14319041523367487 0.56099984270193 -0.6564399000086885
v 0.14386679397956992 0.55114453258078 -0.6333517598850846
vt 0.344074077689748 0.15629919464843578
vt 0.344074077689748 0.07817375000000004
vt 0.32844845189992183 0.15629919464843578
vt 0.32844845189992183 0.15629919464843578
vt 0.344074077689748 0.07817375000000004
vt 0.32844845189992183 0.07817375000000004
vt 0.7351251328501267 0.093802838696468
vt 0.7351251328501267 0.17192828334490384
vt 0.7507407486298376 0.093802838696468
vt 0.7507407486298376 0.093802838696468
vt 0.7351251328501267 0.17192828334490384
vt 0.7507407486298376 0.17192828334490384
vt 0.7664164244702399 0.093802838696468
vt 0.7664164244702399 0.17192828334490384
vt 0.7820320402499513 0.093802838696468
vt 0.7820320402499513 0.093802838696468
vt 0.7664164244702399 0.17192828334490384
vt 0.7820320402499513 0.17192828334490384
vt 0.5317917973800819 0.093802838696468
vt 0.5317917973800819 0.17192828334490384
vt 0.5474074131597929 0.093802838696468
vt 0.5474074131597929 0.093802838696468
vt 0.5317917973800819 0.17192828334490384
vt 0.5474074131597929 0.17192828334490384
vt 0.42231231675014635 0.14068010536891995
vt 0.42231231675014635 0.12506101608940434
vt 0.43792793252985734 0.14068010536891995
vt 0.43792793252985734 0.14068010536891995
vt 0.42231231675014635 0.12506101608940434
vt 0.43792793252985734 0.12506101608940434
vt 0.4066466509198593 0.12506101608940434
vt 0.4066466509198593 0.14068010536891995
vt 0.42231231675014635 0.12506101608940434
vt 0.42231231675014635 0.12506101608940434
vt 0.4066466509198593 0.14068010536891995
vt 0.42231231675014635 0.14068010536891995
vn 0.9996184002449396 0.004929957662490788 -0.02717994498143861
vn 0.999618400296566 0.004929957090504013 -0.027179943186479198
vn -0.9996184002449396 -0.004929957662491304 0.02717994498143834
vn -0.9996184002449396 -0.004929957662490234 0.027179944981436336
vn -0.004662398783116809 0.38980852623612805 -0.9208841267560242
vn -0.00466240987796354 0.3898085253629653 -0.9208841270694594
vn 0.004662409881096825 -0.38980852627785945 0.9208841266821707
vn 0.004662409881088989 -0.3898085262778588 0.920884126682171
vn 0.0031242482488704625 -0.9196777774767425 -0.3926614632075818
vn 0.0031242364045672107 -0.9196777821681364 -0.3926614523138046
vn -0.0031242482488817633 0.9196777774767392 0.39266146320758943
vn -0.003124248248898618 0.9196777774767452 0.39266146320757483
usemtl m_9d225fcc-bc87-2d05-dc5b-a973fc833c2e
f 217/325/109 218/326/109 219/327/109
f 219/328/110 218/329/110 220/330/110
f 221/331/111 222/332/111 223/333/111
f 223/334/112 222/335/112 224/336/112
f 225/337/113 226/338/113 227/339/113
f 227/340/114 226/341/114 228/342/114
f 229/343/115 230/344/115 231/345/115
f 231/346/116 230/347/116 232/348/116
f 233/349/117 234/350/117 235/351/117
f 235/352/118 234/353/118 236/354/118
f 237/355/119 238/356/119 239/357/119
f 239/358/120 238/359/120 240/360/120
o obj11
v -0.12221351880024614 0.5499337332264536 -0.6292494500851298
v -0.12386118617399289 0.2993807792813897 -0.7352997720406701
v -0.12288985601311292 0.5597890436833035 -0.6523376054341982
v -0.12453752369549384 0.3092360893626375 -0.7583879271218852
v -0.14820963195755854 0.29926614840865834 -0.7352249726270752
v -0.14656196463646382 0.5498191027264041 -0.6291746508069456
v -0.14888596953171135 0.3091214588625882 -0.7583131278437003
v -0.1472383017966784 0.5596744128105722 -0.652262806020603
v -0.14888596953171135 0.3091214588625882 -0.7583131278437003
v -0.1472383017966784 0.5596744128105722 -0.652262806020603
v -0.12453752369549384 0.3092360893626375 -0.7583879271218852
v -0.12288985601311292 0.5597890436833035 -0.6523376054341982
v -0.12386118617399289 0.2993807792813897 -0.7352997720406701
v -0.12221351880024614 0.5499337332264536 -0.6292494500851298
v -0.14820963195755854 0.29926614840865834 -0.7352249726270752
v -0.14656196463646382 0.5498191027264041 -0.6291746508069456
v -0.14820963195755854 0.29926614840865834 -0.7352249726270752
v -0.14888596953171135 0.3091214588625882 -0.7583131278437003
v -0.12386118617399289 0.2993807792813897 -0.7352997720406701
v -0.12453752369549384 0.3092360893626375 -0.7583879271218852
v -0.1472383017966784 0.5596744128105722 -0.652262806020603
v -0.14656196463646382 0.5498191027264041 -0.6291746508069456
v -0.12288985601311292 0.5597890436833035 -0.6523376054341982
v -0.12221351880024614 0.5499337332264536 -0.6292494500851298
vt 0.7351251328501267 0.17192828334490384
vt 0.7351251328501267 0.093802838696468
vt 0.7507407486298376 0.17192828334490384
vt 0.7507407486298376 0.17192828334490384
vt 0.7351251328501267 0.093802838696468
vt 0.7507407486298376 0.093802838696468
vt 0.344074077689748 0.07817375000000004
vt 0.344074077689748 0.15629919464843578
vt 0.32844845189992183 0.07817375000000004
vt 0.32844845189992183 0.07817375000000004
vt 0.344074077689748 0.15629919464843578
vt 0.32844845189992183 0.15629919464843578
vt 0.7820320402499513 0.093802838696468
vt 0.7820320402499513 0.17192828334490384
vt 0.7664164244702399 0.093802838696468
vt 0.7664164244702399 0.093802838696468
vt 0.7820320402499513 0.17192828334490384
vt 0.7664164244702399 0.17192828334490384
vt 0.5474074131597929 0.093802838696468
vt 0.5474074131597929 0.17192828334490384
vt 0.5317917973800819 0.093802838696468
vt 0.5317917973800819 0.093802838696468
vt 0.5474074131597929 0.17192828334490384
vt 0.5317917973800819 0.17192828334490384
vt 0.43792793252985734 0.14068010536891995
vt 0.43792793252985734 0.12506101608940434
vt 0.42231231675014635 0.14068010536891995
vt 0.42231231675014635 0.14068010536891995
vt 0.43792793252985734 0.12506101608940434
vt 0.42231231675014635 0.12506101608940434
vt 0.42231231675014635 0.12506101608940434
vt 0.42231231675014635 0.14068010536891995
vt 0.4066466509198593 0.12506101608940434
vt 0.4066466509198593 0.12506101608940434
vt 0.42231231675014635 0.14068010536891995
vt 0.4066466509198593 0.14068010536891995
vn 0.9996184494810487 0.0049299417745917295 -0.027178137007586783
vn 0.9996184491330037 0.0049299456312782925 -0.02717814910918717
vn -0.9996184490906658 -0.004929947595672986 0.027178150310059025
vn -0.9996184495233871 -0.004929939810192133 0.027178135806703453
vn -0.004664175792497611 0.38980874400791954 -0.9208840255749607
vn -0.004664186887282929 0.3898087431350083 -0.9208840258882688
vn 0.004664186891791414 -0.389808744460608 0.9208840253271219
vn 0.004664175790757769 -0.38980874350426437 0.9208840257881661
vn 0.0031235113833228923 -0.9196778773138826 -0.392661235234737
vn 0.0031234995390778063 -0.9196778820052647 -0.3926612243409577
vn -0.003123511446649209 0.9196778826341764 0.39266122277322085
vn -0.0031234994945458588 0.9196778782629057 0.3926612331065389
usemtl m_9d225fcc-bc87-2d05-dc5b-a973fc833c2e
f 241/361/121 242/362/121 243/363/121
f 243/364/122 242/365/122 244/366/122
f 245/367/123 246/368/123 247/369/123
f 247/370/124 246/371/124 248/372/124
f 249/373/125 250/374/125 251/375/125
f 251/376/126 250/377/126 252/378/126
f 253/379/127 254/380/127 255/381/127
f 255/382/128 254/383/128 256/384/128
f 257/385/129 258/386/129 259/387/129
f 259/388/130 258/389/130 260/390/130
f 261/391/131 262/392/131 263/393/131
f 263/394/132 262/395/132 264/396/132
o obj12
v 0.18135325810482283 0.5234676981007129 -0.49491955140098864
v 0.1807402179775255 0.2729959259306593 -0.6013181551547502
v 0.1786822662996363 0.5826108046100418 -0.6339570286204784
v 0.17806922622499083 0.33213903206730594 -0.7403556322388298
v -0.1801922068258185 0.2712618712460783 -0.5964597958234124
v -0.17957916669852103 0.5217336434161324 -0.4900611920696505
v -0.18286319825767539 0.33040497775842465 -0.7354972731797604
v -0.18225015813037793 0.5808767499284782 -0.6290986694259986
v -0.18286319825767539 0.33040497775842465 -0.7354972731797604
v -0.18225015813037793 0.5808767499284782 -0.6290986694259986
v 0.17806922622499083 0.33213903206730594 -0.7403556322388298
v 0.1786822662996363 0.5826108046100418 -0.6339570286204784
v 0.1807402179775255 0.2729959259306593 -0.6013181551547502
v 0.18135325810482283 0.5234676981007129 -0.49491955140098864
v -0.1801922068258185 0.2712618712460783 -0.5964597958234124
v -0.17957916669852103 0.5217336434161324 -0.4900611920696505
v -0.1801922068258185 0.2712618712460783 -0.5964597958234124
v -0.18286319825767539 0.33040497775842465 -0.7354972731797604
v 0.1807402179775255 0.2729959259306593 -0.6013181551547502
v 0.17806922622499083 0.33213903206730594 -0.7403556322388298
v -0.18225015813037793 0.5808767499284782 -0.6290986694259986
v -0.17957916669852103 0.5217336434161324 -0.4900611920696505
v 0.1786822662996363 0.5826108046100418 -0.6339570286204784
v 0.18135325810482283 0.5234676981007129 -0.49491955140098864
vt 0.07819819901993748 0.2344446381307762
vt 0.07819819901993748 0.15629919464843578
vt 0.12514514646022257 0.2344446381307762
vt 0.12514514646022257 0.2344446381307762
vt 0.07819819901993748 0.15629919464843578
vt 0.12514514646022257 0.15629919464843578
vt 0.1720820838903924 0.15629919464843578
vt 0.1720820838903924 0.2344446381307762
vt 0.12514514646022257 0.15629919464843578
vt 0.12514514646022257 0.15629919464843578
vt 0.1720820838903924 0.2344446381307762
vt 0.12514514646022257 0.2344446381307762
vt 0.7038238312198981 0.4219437054036319
vt 0.7038238312198981 0.5000291523842582
vt 0.5943343405798478 0.4219437054036319
vt 0.5943343405798478 0.4219437054036319
vt 0.7038238312198981 0.5000291523842582
vt 0.5943343405798478 0.5000291523842582
vt 0.7038238312198981 0.32815917380787085
vt 0.7038238312198981 0.40631461670716373
vt 0.5943343405798478 0.32815917380787085
vt 0.5943343405798478 0.32815917380787085
vt 0.7038238312198981 0.40631461670716373
vt 0.5943343405798478 0.40631461670716373
vt 0.813313321859949 0.6406309541507571
vt 0.813313321859949 0.5938036845630668
vt 0.7038238312198981 0.6406309541507571
vt 0.7038238312198981 0.6406309541507571
vt 0.813313321859949 0.5938036845630668
vt 0.7038238312198981 0.5938036845630668
vt 0.813313321859949 0.6406309541507571
vt 0.813313321859949 0.6875182202401614
vt 0.7038238312198981 0.6406309541507571
vt 0.7038238312198981 0.6406309541507571
vt 0.813313321859949 0.6875182202401614
vt 0.7038238312198981 0.6875182202401614
vn 0.9998412300574525 0.0048378830246614 -0.017149622883330193
vn 0.9998412300635304 0.004837883063204184 -0.017149622518093592
vn -0.9998412301013895 -0.004837882052865931 0.017149620595891688
vn -0.9998412301013895 -0.004837882052865946 0.017149620595891698
vn -0.014266040842662166 0.3909688897173915 -0.9202933267995731
vn -0.014266041594388509 0.39096888879794833 -0.9202933271785277
vn 0.014266041930949559 -0.39096888971357596 0.9202933267843237
vn 0.014266041930949947 -0.39096888971357646 0.9202933267843235
vn -0.0008476850340520791 -0.920212092049744 -0.3914191960999315
vn -0.0008476856746312564 -0.9202120926739223 -0.39141919463112407
vn 0.0008476848942391786 0.9202120920488871 0.3914191961022492
vn 0.0008476850388185854 0.9202120919190121 0.391419196407267
usemtl m_9d225fcc-bc87-2d05-dc5b-a973fc833c2e
f 265/397/133 266/398/133 267/399/133
f 267/400/134 266/401/134 268/402/134
f 269/403/135 270/404/135 271/405/135
f 271/406/136 270/407/136 272/408/136
f 273/409/137 274/410/137 275/411/137
f 275/412/138 274/413/138 276/414/138
f 277/415/139 278/416/139 279/417/139
f 279/418/140 278/419/140 280/420/140
f 281/421/141 282/422/141 283/423/141
f 283/424/142 282/425/142 284/426/142
f 285/427/143 286/428/143 287/429/143
f 287/430/144 286/431/144 288/432/144
o obj13
v 0.1948013839698868 0.380558551826729 -0.6296254235284637
v 0.19503721352933476 0.3301612770897691 -0.6300932971645347
v 0.19349297133363724 0.3812536626934772 -0.7051591922767245
v 0.19372880121361213 0.3308563883322157 -0.7056270661850079
v -0.1958325870882841 0.328283851182779 -0.6248814192023299
v -0.19606841664773222 0.3786811259197386 -0.6244135455662597
v -0.19714099940400687 0.32897896242522556 -0.7004151882228036
v -0.19737682928398181 0.3793762367864872 -0.6999473143145201
v -0.19714099940400687 0.32897896242522556 -0.7004151882228036
v -0.19737682928398181 0.3793762367864872 -0.6999473143145201
v 0.19372880121361213 0.3308563883322157 -0.7056270661850079
v 0.19349297133363724 0.3812536626934772 -0.7051591922767245
v 0.19503721352933476 0.3301612770897691 -0.6300932971645347
v 0.1948013839698868 0.380558551826729 -0.6296254235284637
v -0.1958325870882841 0.328283851182779 -0.6248814192023299
v -0.19606841664773222 0.3786811259197386 -0.6244135455662597
v -0.1958325870882841 0.328283851182779 -0.6248814192023299
v -0.19714099940400687 0.32897896242522556 -0.7004151882228036
v 0.19503721352933476 0.3301612770897691 -0.6300932971645347
v 0.19372880121361213 0.3308563883322157 -0.7056270661850079
v -0.19737682928398181 0.3793762367864872 -0.6999473143145201
v -0.19606841664773222 0.3786811259197386 -0.6244135455662597
v 0.19349297133363724 0.3812536626934772 -0.7051591922767245
v 0.1948013839698868 0.380558551826729 -0.6296254235284637
vt 0.8445946034699472 0.7812927524189699
vt 0.8445946034699472 0.7656636637225018
vt 0.8758558650597147 0.7812927524189699
vt 0.8758558650597147 0.7812927524189699
vt 0.8445946034699472 0.7656636637225018
vt 0.8758558650597147 0.7656636637225018
vt 0.8758558650597147 0.8437791089539854
vt 0.8758558650597147 0.859398198233501
vt 0.8445946034699472 0.8437791089539854
vt 0.8445946034699472 0.8437791089539854
vt 0.8758558650597147 0.859398198233501
vt 0.8445946034699472 0.859398198233501
vt 0.9228028124999997 0.6874782225723521
vt 0.9228028124999997 0.7031773071874864
vt 0.7976576660397772 0.6874782225723521
vt 0.7976576660397772 0.6874782225723521
vt 0.9228028124999997 0.7031773071874864
vt 0.7976576660397772 0.7031773071874864
vt 0.2502602628900995 0.8750272869299692
vt 0.2502602628900995 0.890646376209485
vt 0.12512512643999216 0.8750272869299692
vt 0.12512512643999216 0.8750272869299692
vt 0.2502602628900995 0.890646376209485
vt 0.12512512643999216 0.890646376209485
vt 0.8758558650597147 1
vt 0.8758558650597147 0.9687518220240161
vt 0.7507207286096073 1
vt 0.7507207286096073 1
vt 0.8758558650597147 0.9687518220240161
vt 0.7507207286096073 0.9687518220240161
vt 0.8758558650597147 0.3906555297598385
vt 0.8758558650597147 0.4219037077358224
vt 0.7507207286096073 0.3906555297598385
vt 0.7507207286096073 0.3906555297598385
vt 0.8758558650597147 0.4219037077358224
vt 0.7507207286096073 0.4219037077358224
vn 0.9998390678211438 0.004839033044506917 -0.017274901381501923
vn 0.9998390678657466 0.004839039492344596 -0.017274896993803204
vn -0.9998390678961051 -0.004839033004685802 0.017274897054034503
vn -0.9998390677907852 -0.004839039532169942 0.017274901321272792
vn -0.013376576466434026 0.009219894697274916 -0.9998680216627638
vn -0.013376576466434297 0.009219894697272748 -0.9998680216627638
vn 0.013376576441242639 -0.009219889313577485 0.9998680217127445
vn 0.013376576441240575 -0.009219889313562072 0.9998680217127445
vn 0.004679157835167015 -0.999945962273708 -0.009283211430429329
vn 0.004679157835167023 -0.999945962273708 -0.009283211430429374
vn -0.004679157900971733 0.9999459623190645 0.00928320651165862
vn -0.004679157900972655 0.9999459623190644 0.00928320651165417
usemtl m_9d225fcc-bc87-2d05-dc5b-a973fc833c2e
f 289/433/145 290/434/145 291/435/145
f 291/436/146 290/437/146 292/438/146
f 293/439/147 294/440/147 295/441/147
f 295/442/148 294/443/148 296/444/148
f 297/445/149 298/446/149 299/447/149
f 299/448/150 298/449/150 300/450/150
f 301/451/151 302/452/151 303/453/151
f 303/454/152 302/455/152 304/456/152
f 305/457/153 306/458/153 307/459/153
f 307/460/154 306/461/154 308/462/154
f 309/463/155 310/464/155 311/465/155
f 311/466/156 310/467/156 312/468/156
o obj14
v 0.1507619680801755 0.6309319884274927 -0.4754805521628984
v 0.15132013735601674 0.5841936820479403 -0.4566448821472443
v 0.14856810057539296 0.5743574416292454 -0.6155687124287343
v 0.14912626985123403 0.5276191352496931 -0.5967330424130806
v -0.14905811534378977 0.5827518597235171 -0.45274246938327545
v -0.14961628467228272 0.6294901664757515 -0.47157813953433925
v -0.15125198272133084 0.5261773130705247 -0.592830629298811
v -0.15181015204982373 0.572915619822759 -0.6116662994498747
v -0.15125198272133084 0.5261773130705247 -0.592830629298811
v -0.15181015204982373 0.572915619822759 -0.6116662994498747
v 0.14912626985123403 0.5276191352496931 -0.5967330424130806
v 0.14856810057539296 0.5743574416292454 -0.6155687124287343
v 0.15132013735601674 0.5841936820479403 -0.4566448821472443
v 0.1507619680801755 0.6309319884274927 -0.4754805521628984
v -0.14905811534378977 0.5827518597235171 -0.45274246938327545
v -0.14961628467228272 0.6294901664757515 -0.47157813953433925
v -0.14905811534378977 0.5827518597235171 -0.45274246938327545
v -0.15125198272133084 0.5261773130705247 -0.592830629298811
v 0.15132013735601674 0.5841936820479403 -0.4566448821472443
v 0.14912626985123403 0.5276191352496931 -0.5967330424130806
v -0.15181015204982373 0.572915619822759 -0.6116662994498747
v -0.14961628467228272 0.6294901664757515 -0.47157813953433925
v 0.14856810057539296 0.5743574416292454 -0.6155687124287343
v 0.1507619680801755 0.6309319884274927 -0.4754805521628984
vt 0.40666667094008974 0.15629919464843578
vt 0.40666667094008974 0.14067010595196783
vt 0.4535735783399141 0.15629919464843578
vt 0.4535735783399141 0.15629919464843578
vt 0.40666667094008974 0.14067010595196783
vt 0.4535735783399141 0.14067010595196783
vt 0.6881781854098417 0.14067010595196783
vt 0.6881781854098417 0.15629919464843578
vt 0.6412712780100176 0.14067010595196783
vt 0.6412712780100176 0.14067010595196783
vt 0.6881781854098417 0.15629919464843578
vt 0.6412712780100176 0.15629919464843578
vt 0.9071571666899432 0.5937936851461145
vt 0.9071571666899432 0.6094227738425826
vt 0.8133433518902946 0.5937936851461145
vt 0.8133433518902946 0.5937936851461145
vt 0.9071571666899432 0.6094227738425826
vt 0.8133433518902946 0.6094227738425826
vt 0.9071571666899432 0.6250418631220984
vt 0.9071571666899432 0.6406609524016141
vt 0.8133433518902946 0.6250418631220984
vt 0.8133433518902946 0.6250418631220984
vt 0.9071571666899432 0.6406609524016141
vt 0.8133433518902946 0.6406609524016141
vt 0.34412412774032397 0.7968818434476287
vt 0.34412412774032397 0.7500245756090813
vt 0.25023023285975393 0.7968818434476287
vt 0.25023023285975393 0.7968818434476287
vt 0.34412412774032397 0.7500245756090813
vt 0.25023023285975393 0.7500245756090813
vt 0.28150150445963684 0.20316646190393528
vt 0.28150150445963684 0.250033729159435
vt 0.18768768965998822 0.20316646190393528
vt 0.18768768965998822 0.20316646190393528
vt 0.28150150445963684 0.250033729159435
vt 0.18768768965998822 0.250033729159435
vn 0.9998331450373564 0.004842150616844917 -0.01761350794454387
vn 0.9998331450373564 0.004842150616841564 -0.017613507944543666
vn -0.9998331450384039 -0.004842151809667816 0.0176135075571603
vn -0.9998331450384039 -0.004842151809666982 0.017613507557159586
vn -0.010254140148077646 -0.3738761378413743 -0.9274219569120851
vn -0.010254140189621648 -0.37387613808486747 -0.9274219568134651
vn 0.010254138879202158 0.3738761380764338 0.927421956831354
vn 0.010254138925628875 0.3738761378335018 0.927421956928775
vn 0.009313918952962599 -0.9272511473013298 0.37432413860463903
vn 0.0093139189452134 -0.927251147295466 0.37432413861935776
vn -0.009313917624537708 0.9272511473055813 -0.3743241386271617
vn -0.00931391763260892 0.9272511472996671 -0.3743241386416115
usemtl m_9d225fcc-bc87-2d05-dc5b-a973fc833c2e
f 313/469/157 314/470/157 315/471/157
f 315/472/158 314/473/158 316/474/158
f 317/475/159 318/476/159 319/477/159
f 319/478/160 318/479/160 320/480/160
f 321/481/161 322/482/161 323/483/161
f 323/484/162 322/485/162 324/486/162
f 325/487/163 326/488/163 327/489/163
f 327/490/164 326/491/164 328/492/164
f 329/493/165 330/494/165 331/495/165
f 331/496/166 330/497/166 332/498/166
f 333/499/167 334/500/167 335/501/167
f 335/502/168 334/503/168 336/504/168
o obj15
v 0.1676353139150746 0.8392669745254828 0.03922367395862242
v 0.16709711925136145 0.6351787460171763 -0.04745722181275969
v 0.16727069181684684 0.8471526618404694 0.020688436676481153
v 0.166732497025892 0.6430644331869075 -0.06599245944520205
v -0.15331088946171295 0.6336407655445202 -0.043292969625186806
v -0.1527726948506518 0.8377289944255086 0.043387926010784866
v -0.1536755116871823 0.6415264527142517 -0.06182820725762883
v -0.15313731702346917 0.8456146812225582 0.024852688513753274
v -0.1536755116871823 0.6415264527142517 -0.06182820725762883
v -0.15313731702346917 0.8456146812225582 0.024852688513753274
v 0.166732497025892 0.6430644331869075 -0.06599245944520205
v 0.16727069181684684 0.8471526618404694 0.020688436676481153
v 0.16709711925136145 0.6351787460171763 -0.04745722181275969
v 0.1676353139150746 0.8392669745254828 0.03922367395862242
v -0.15331088946171295 0.6336407655445202 -0.043292969625186806
v -0.1527726948506518 0.8377289944255086 0.043387926010784866
v -0.15331088946171295 0.6336407655445202 -0.043292969625186806
v -0.1536755116871823 0.6415264527142517 -0.06182820725762883
v 0.16709711925136145 0.6351787460171763 -0.04745722181275969
v 0.166732497025892 0.6430644331869075 -0.06599245944520205
v -0.15313731702346917 0.8456146812225582 0.024852688513753274
v -0.1527726948506518 0.8377289944255086 0.043387926010784866
v 0.16727069181684684 0.8471526618404694 0.020688436676481153
v 0.1676353139150746 0.8392669745254828 0.03922367395862242
vt 0.8289089176194296 0.23441463987991906
vt 0.8289089176194296 0.1719182839279516
vt 0.8446046134800623 0.23441463987991906
vt 0.8446046134800623 0.23441463987991906
vt 0.8289089176194296 0.1719182839279516
vt 0.8446046134800623 0.1719182839279516
vt 0.3597497535301503 0.093802838696468
vt 0.3597497535301503 0.15630919406538812
vt 0.3440640676796329 0.093802838696468
vt 0.3440640676796329 0.093802838696468
vt 0.3597497535301503 0.15630919406538812
vt 0.3440640676796329 0.15630919406538812
vt 0.28151151446975187 0.25002372974248266
vt 0.28151151446975187 0.3125300851114028
vt 0.18767767964987306 0.25002372974248266
vt 0.18767767964987306 0.25002372974248266
vt 0.28151151446975187 0.3125300851114028
vt 0.18767767964987306 0.3125300851114028
vt 0.18767767964987306 0.2969209952488394
vt 0.18767767964987306 0.3594173512008071
vt 0.09384384482999411 0.2969209952488394
vt 0.09384384482999411 0.2969209952488394
vt 0.18767767964987306 0.3594173512008071
vt 0.09384384482999411 0.3594173512008071
vt 0.9071571666899432 0.5781445976157417
vt 0.9071571666899432 0.5625355077531782
vt 0.8133233318700642 0.5781445976157417
vt 0.8133233318700642 0.5781445976157417
vt 0.9071571666899432 0.5625355077531782
vt 0.8133233318700642 0.5625355077531782
vt 0.9071571666899432 0.5469264178906148
vt 0.9071571666899432 0.5625355077531782
vt 0.8133233318700642 0.5469264178906148
vt 0.8133233318700642 0.5469264178906148
vt 0.9071571666899432 0.5625355077531782
vt 0.8133233318700642 0.5625355077531782
vn 0.9998332332415956 0.004842105547103946 -0.01760851270063027
vn 0.9998332331308676 0.004842107404256424 -0.017608518477207572
vn -0.9998332331327386 -0.004842108110627891 0.017608518176717845
vn -0.999833233175739 -0.00484210696937677 0.017608516048930576
vn -0.013837591183256392 0.39091790056459397 -0.920321528645514
vn -0.013837590348158827 0.39091790167708296 -0.9203215281855268
vn 0.013837591183255704 -0.3909179005645941 0.920321528645514
vn 0.013837590338315067 -0.3909178994422054 0.9203215291349665
vn -0.0006709160953726142 -0.9201886575087009 -0.3914746281228556
vn -0.0006709160953734284 -0.9201886575087073 -0.39147462812284023
vn 0.0006709150510475581 0.920188663135952 0.39147461489739543
vn 0.0006709171859594293 0.920188652251228 0.39147464047904623
usemtl m_9d225fcc-bc87-2d05-dc5b-a973fc833c2e
f 337/505/169 338/506/169 339/507/169
f 339/508/170 338/509/170 340/510/170
f 341/511/171 342/512/171 343/513/171
f 343/514/172 342/515/172 344/516/172
f 345/517/173 346/518/173 347/519/173
f 347/520/174 346/521/174 348/522/174
f 349/523/175 350/524/175 351/525/175
f 351/526/176 350/527/176 352/528/176
f 353/529/177 354/530/177 355/531/177
f 355/532/178 354/533/178 356/534/178
f 357/535/179 358/536/179 359/537/179
f 359/538/180 358/539/180 360/540/180
o obj16
v 0.1729429453668309 0.6256840519390194 -0.011322711948691777
v 0.1728221928231407 0.5793003282796005 -0.03102350944312582
v 0.1711273934396768 0.6651124444823175 -0.10400142329852591
v 0.17100664076874497 0.6187287206776435 -0.12370222114326063
v -0.15767553182593463 0.5777136630899136 -0.026700814018051855
v -0.15755477915500254 0.6240973868945878 -0.007000016173316359
v -0.15949108375308862 0.6171420556332117 -0.11937952536788571
v -0.15937033120939836 0.6635257792926308 -0.09967872787345161
v -0.15949108375308862 0.6171420556332117 -0.11937952536788571
v -0.15937033120939836 0.6635257792926308 -0.09967872787345161
v 0.17100664076874497 0.6187287206776435 -0.12370222114326063
v 0.1711273934396768 0.6651124444823175 -0.10400142329852591
v 0.1728221928231407 0.5793003282796005 -0.03102350944312582
v 0.1729429453668309 0.6256840519390194 -0.011322711948691777
v -0.15767553182593463 0.5777136630899136 -0.026700814018051855
v -0.15755477915500254 0.6240973868945878 -0.007000016173316359
v -0.15767553182593463 0.5777136630899136 -0.026700814018051855
v -0.15949108375308862 0.6171420556332117 -0.11937952536788571
v 0.1728221928231407 0.5793003282796005 -0.03102350944312582
v 0.17100664076874497 0.6187287206776435 -0.12370222114326063
v -0.15937033120939836 0.6635257792926308 -0.09967872787345161
v -0.15755477915500254 0.6240973868945878 -0.007000016173316359
v 0.1711273934396768 0.6651124444823175 -0.10400142329852591
v 0.1729429453668309 0.6256840519390194 -0.011322711948691777
vt 0.5005105157700838 0.26568281668980775
vt 0.5005105157700838 0.25002372974248266
vt 0.5317917973800819 0.26568281668980775
vt 0.5317917973800819 0.26568281668980775
vt 0.5005105157700838 0.25002372974248266
vt 0.5317917973800819 0.25002372974248266
vt 0.5005105157700838 0.20316646190393528
vt 0.5005105157700838 0.21877555176649888
vt 0.4692192241499706 0.20316646190393528
vt 0.4692192241499706 0.20316646190393528
vt 0.5005105157700838 0.21877555176649888
vt 0.4692192241499706 0.21877555176649888
vt 0.7038438512401287 0.40629461787325905
vt 0.7038438512401287 0.4218937083188702
vt 0.5943643706101931 0.40629461787325905
vt 0.5943643706101931 0.40629461787325905
vt 0.7038438512401287 0.4218937083188702
vt 0.5943643706101931 0.4218937083188702
vt 0.9228028124999997 0.6406709518185664
vt 0.9228028124999997 0.6562700422641776
vt 0.8133233318700642 0.6406709518185664
vt 0.8133233318700642 0.6406709518185664
vt 0.9228028124999997 0.6562700422641776
vt 0.8133233318700642 0.6562700422641776
vt 0.8289389476497752 0.23442463929687163
vt 0.8289389476497752 0.20316646190393528
vt 0.7194594670198398 0.23442463929687163
vt 0.7194594670198398 0.23442463929687163
vt 0.8289389476497752 0.20316646190393528
vt 0.7194594670198398 0.20316646190393528
vt 0.609979986389904 0.20316646190393528
vt 0.609979986389904 0.23442463929687163
vt 0.5005105157700838 0.20316646190393528
vt 0.5005105157700838 0.20316646190393528
vt 0.609979986389904 0.23442463929687163
vt 0.5005105157700838 0.23442463929687163
vn 0.9998346719220027 0.004841356238836965 -0.017526839201347823
vn 0.999834671894397 0.004841354487652399 -0.017526841259861956
vn -0.9998346719161884 -0.004841354015047148 0.017526840147301794
vn -0.9998346719002116 -0.004841356711436747 0.01752684031390999
vn -0.013913918821708504 0.39092698994410585 -0.9203165169637368
vn -0.013913918009177077 0.3909269948300847 -0.9203165149005819
vn 0.013913918012862321 -0.39092698994672276 0.920316516974854
vn 0.013913918818023714 -0.39092699482748006 0.9203165148894596
vn -0.00070241018269801 -0.9201928342927896 -0.3914647549092229
vn -0.0007024109646969953 -0.9201928353506621 -0.391464752421142
vn 0.0007024101452837865 0.9201928353454102 0.3914647524349579
vn 0.000702411002113411 0.9201928342980427 0.3914647548954044
usemtl m_9d225fcc-bc87-2d05-dc5b-a973fc833c2e
f 361/541/181 362/542/181 363/543/181
f 363/544/182 362/545/182 364/546/182
f 365/547/183 366/548/183 367/549/183
f 367/550/184 366/551/184 368/552/184
f 369/553/185 370/554/185 371/555/185
f 371/556/186 370/557/186 372/558/186
f 373/559/187 374/560/187 375/561/187
f 375/562/188 374/563/188 376/564/188
f 377/565/189 378/566/189 379/567/189
f 379/568/190 378/569/190 380/570/190
f 381/571/191 382/572/191 383/573/191
f 383/574/192 382/575/192 384/576/192
o obj17
v 0.15904341035314745 0.626297395234167 0.02824078314917028
v 0.15927923991201154 0.5759001204972027 0.027772909513313765
v 0.1504419863538346 0.6309324461999688 -0.4753617805693935
v 0.15067781591269874 0.580535171463004 -0.47582965420525003
v -0.1415985332742271 0.5744542610646646 0.03185843979495709
v -0.1418343628330912 0.6248515358016289 0.0323263134308136
v -0.1501999572208882 0.579089311657784 -0.47174412378819675
v -0.1504357867797521 0.6294865863947483 -0.47127625015233976
v -0.1501999572208882 0.579089311657784 -0.47174412378819675
v -0.1504357867797521 0.6294865863947483 -0.47127625015233976
v 0.15067781591269874 0.580535171463004 -0.47582965420525003
v 0.1504419863538346 0.6309324461999688 -0.4753617805693935
v 0.15927923991201154 0.5759001204972027 0.027772909513313765
v 0.15904341035314745 0.626297395234167 0.02824078314917028
v -0.1415985332742271 0.5744542610646646 0.03185843979495709
v -0.1418343628330912 0.6248515358016289 0.0323263134308136
v -0.1415985332742271 0.5744542610646646 0.03185843979495709
v -0.1501999572208882 0.579089311657784 -0.47174412378819675
v 0.15927923991201154 0.5759001204972027 0.027772909513313765
v 0.15067781591269874 0.580535171463004 -0.47582965420525003
v -0.1504357867797521 0.6294865863947483 -0.47127625015233976
v -0.1418343628330912 0.6248515358016289 0.0323263134308136
v 0.1504419863538346 0.6309324461999688 -0.4753617805693935
v 0.15904341035314745 0.626297395234167 0.02824078314917028
vt 0.37533533927951573 0.6406409535677096
vt 0.37533533927951573 0.6250318637051461
vt 0.5318218274104275 0.6406409535677096
vt 0.5318218274104275 0.6406409535677096
vt 0.37533533927951573 0.6250318637051461
vt 0.5318218274104275 0.6250318637051461
vt 0.9071571666899432 0.3281391749739664
vt 0.9071571666899432 0.3438082613382436
vt 0.7507807886702985 0.3281391749739664
vt 0.7507807886702985 0.3281391749739664
vt 0.9071571666899432 0.3438082613382436
vt 0.7507807886702985 0.3438082613382436
vt 0.9071571666899432 0.25002372974248266
vt 0.9071571666899432 0.2656928161067601
vt 0.8133533619004099 0.25002372974248266
vt 0.8133533619004099 0.25002372974248266
vt 0.9071571666899432 0.2656928161067601
vt 0.8133533619004099 0.2656928161067601
vt 0.7351651728905877 0.15629919464843578
vt 0.7351651728905877 0.17190828451099927
vt 0.6412512579897869 0.15629919464843578
vt 0.6412512579897869 0.15629919464843578
vt 0.7351651728905877 0.17190828451099927
vt 0.6412512579897869 0.17190828451099927
vt 0.09380380478953333 0.5937536874783051
vt 0.09380380478953333 0.4375327964322905
vt 0 0.5937536874783051
vt 0 0.5937536874783051
vt 0.09380380478953333 0.4375327964322905
vt 0 0.4375327964322905
vt 0.3127627660494044 0.39063553092593395
vt 0.3127627660494044 0.5469264178906148
vt 0.21895896125987105 0.39063553092593395
vt 0.21895896125987105 0.39063553092593395
vt 0.3127627660494044 0.5469264178906148
vt 0.21895896125987105 0.5469264178906148
vn 0.9998432357932548 0.004836803002602901 -0.017032591558186948
vn 0.9998432357932548 0.004836803002603968 -0.01703259155818683
vn -0.9998432357949002 -0.004836803001716223 0.01703259146184851
vn -0.9998432357949002 -0.0048368030017130765 0.017032591461848226
vn -0.013621168139516089 0.009218714208776835 -0.999864730394493
vn -0.013621168139517545 0.009218714208767877 -0.999864730394493
vn 0.01362116767582103 -0.009218714210995706 0.9998647304007894
vn 0.013621167675821028 -0.009218714210995706 0.9998647304007894
vn 0.004679157445682059 -0.9999459623037739 -0.009283208388185707
vn 0.0046791586705400715 -0.9999459622909977 -0.009283209146973304
vn -0.0046791586805919215 0.9999459622977999 0.009283208409222726
vn -0.004679157435631661 0.9999459622969717 0.009283209125937199
usemtl m_9d225fcc-bc87-2d05-dc5b-a973fc833c2e
f 385/577/193 386/578/193 387/579/193
f 387/580/194 386/581/194 388/582/194
f 389/583/195 390/584/195 391/585/195
f 391/586/196 390/587/196 392/588/196
f 393/589/197 394/590/197 395/591/197
f 395/592/198 394/593/198 396/594/198
f 397/595/199 398/596/199 399/597/199
f 399/598/200 398/599/200 400/600/200
f 401/601/201 402/602/201 403/603/201
f 403/604/202 402/605/202 404/606/202
f 405/607/203 406/608/203 407/609/203
f 407/610/204 406/611/204 408/612/204
o obj18
v 0.15358282700238535 0.5855815867581975 0.026500712444702035
v 0.1574682502481259 0.2584133493261606 0.15835834655106595
v 0.15155623504257099 0.5327789384327157 -0.10425571262698996
v 0.1554416582883116 0.20561070100067919 0.02760192147937393
v -0.13303201933025277 0.25701849905752 0.16218012007306593
v -0.13691744270323508 0.5841867363443018 0.030322485616400885
v -0.13505861091710086 0.20421585073505294 0.03142369486464891
v -0.13894403466304944 0.5313840880188203 -0.10043393945529117
v -0.13505861091710086 0.20421585073505294 0.03142369486464891
v -0.13894403466304944 0.5313840880188203 -0.10043393945529117
v 0.1554416582883116 0.20561070100067919 0.02760192147937393
v 0.15155623504257099 0.5327789384327157 -0.10425571262698996
v 0.1574682502481259 0.2584133493261606 0.15835834655106595
v 0.15358282700238535 0.5855815867581975 0.026500712444702035
v -0.13303201933025277 0.25701849905752 0.16218012007306593
v -0.13691744270323508 0.5841867363443018 0.030322485616400885
v -0.13303201933025277 0.25701849905752 0.16218012007306593
v -0.13505861091710086 0.20421585073505294 0.03142369486464891
v 0.1574682502481259 0.2584133493261606 0.15835834655106595
v 0.1554416582883116 0.20561070100067919 0.02760192147937393
v -0.13894403466304944 0.5313840880188203 -0.10043393945529117
v -0.13691744270323508 0.5841867363443018 0.030322485616400885
v 0.15155623504257099 0.5327789384327157 -0.10425571262698996
v 0.15358282700238535 0.5855815867581975 0.026500712444702035
vt 0.7038338412300137 0.5468764208058532
vt 0.7038338412300137 0.437482799347529
vt 0.7507207286096073 0.5468764208058532
vt 0.7507207286096073 0.5468764208058532
vt 0.7038338412300137 0.437482799347529
vt 0.7507207286096073 0.437482799347529
vt 0.7507207286096073 0.3281891720587278
vt 0.7507207286096073 0.437482799347529
vt 0.7038338412300137 0.3281891720587278
vt 0.7038338412300137 0.3281891720587278
vt 0.7507207286096073 0.437482799347529
vt 0.7038338412300137 0.437482799347529
vt 0.5943643706101931 0.3906555297598385
vt 0.5943643706101931 0.5000491512181628
vt 0.500520525780199 0.3906555297598385
vt 0.500520525780199 0.3906555297598385
vt 0.5943643706101931 0.5000491512181628
vt 0.500520525780199 0.5000491512181628
vt 0.21896897126998627 0.8906063785416757
vt 0.21896897126998627 1
vt 0.12512512643999216 0.8906063785416757
vt 0.12512512643999216 0.8906063785416757
vt 0.21896897126998627 1
vt 0.12512512643999216 1
vt 0.500520525780199 0.2656228201880937
vt 0.500520525780199 0.21879555060040345
vt 0.40666667094008974 0.2656228201880937
vt 0.40666667094008974 0.2656228201880937
vt 0.500520525780199 0.21879555060040345
vt 0.40666667094008974 0.21879555060040345
vt 0.813313321859949 0.23443463871382397
vt 0.813313321859949 0.2812619083015142
vt 0.719469477029955 0.23443463871382397
vt 0.719469477029955 0.23443463871382397
vt 0.813313321859949 0.2812619083015142
vt 0.719469477029955 0.2812619083015142
vn 0.9998359980284038 0.004840657697049117 -0.017451220003357682
vn 0.9998359980284041 0.004840657697049422 -0.01745122000335737
vn -0.9998359980628544 -0.004840659012296906 0.017451217664754978
vn -0.9998359980128718 -0.004840659003746205 0.01745122053079324
vn -0.01040560539919846 -0.3738957946669056 -0.9274123452416836
vn -0.010405604515673803 -0.3738957939810736 -0.9274123455280969
vn 0.010405605825233226 0.3738957939893577 0.9274123455100637
vn 0.01040560450556564 0.37389579498148234 0.9274123451248854
vn 0.00937656032704355 -0.9272584949525511 0.3743043730104727
vn 0.009376560157056178 -0.9272584948191313 0.37430437334525013
vn -0.009376560338944403 0.927258494818528 -0.3743043733421881
vn -0.009376560338945199 0.9272584948185274 -0.3743043733421895
usemtl m_9d225fcc-bc87-2d05-dc5b-a973fc833c2e
f 409/613/205 410/614/205 411/615/205
f 411/616/206 410/617/206 412/618/206
f 413/619/207 414/620/207 415/621/207
f 415/622/208 414/623/208 416/624/208
f 417/625/209 418/626/209 419/627/209
f 419/628/210 418/629/210 420/630/210
f 421/631/211 422/632/211 423/633/211
f 423/634/212 422/635/212 424/636/212
f 425/637/213 426/638/213 427/639/213
f 427/640/214 426/641/214 428/642/214
f 429/643/215 430/644/215 431/645/215
f 431/646/216 430/647/216 432/648/216
o obj19
v 0.1515625469881134 0.5521810616562959 0.2802048353155973
v 0.15143950720279378 0.5243503998038481 0.2684028938820106
v 0.15089574983371523 0.5640086113831446 0.25244594841250906
v 0.1507727100483955 0.5361779495306969 0.24064400697892196
v 0.042661006941801624 0.5238327261208311 0.2693351280086508
v 0.0427840469070148 0.5516633877458519 0.2811370699279486
v 0.041994209787403286 0.5356602758476798 0.24157624110556208
v 0.04211724957272303 0.5634909377001278 0.25337818253914923
v 0.041994209787403286 0.5356602758476798 0.24157624110556208
v 0.04211724957272303 0.5634909377001278 0.25337818253914923
v 0.1507727100483955 0.5361779495306969 0.24064400697892196
v 0.15089574983371523 0.5640086113831446 0.25244594841250906
v 0.15143950720279378 0.5243503998038481 0.2684028938820106
v 0.1515625469881134 0.5521810616562959 0.2802048353155973
v 0.042661006941801624 0.5238327261208311 0.2693351280086508
v 0.0427840469070148 0.5516633877458519 0.2811370699279486
v 0.042661006941801624 0.5238327261208311 0.2693351280086508
v 0.041994209787403286 0.5356602758476798 0.24157624110556208
v 0.15143950720279378 0.5243503998038481 0.2684028938820106
v 0.1507727100483955 0.5361779495306969 0.24064400697892196
v 0.04211724957272303 0.5634909377001278 0.25337818253914923
v 0.0427840469070148 0.5516633877458519 0.2811370699279486
v 0.15089574983371523 0.5640086113831446 0.25244594841250906
v 0.1515625469881134 0.5521810616562959 0.2802048353155973
vt 0.2972072103303847 0.3125600833622597
vt 0.2972072103303847 0.2969409940827439
vt 0.28153153448998236 0.3125600833622597
vt 0.28153153448998236 0.3125600833622597
vt 0.2972072103303847 0.2969409940827439
vt 0.28153153448998236 0.2969409940827439
vt 0.7194394469996093 0.12505101667245178
vt 0.7194394469996093 0.14067010595196783
vt 0.7351051128298965 0.12505101667245178
vt 0.7351051128298965 0.12505101667245178
vt 0.7194394469996093 0.14067010595196783
vt 0.7351051128298965 0.14067010595196783
vt 0.8446046134800623 0.8281400208405649
vt 0.8446046134800623 0.8437591101200808
vt 0.8758758850799451 0.8281400208405649
vt 0.8758758850799451 0.8281400208405649
vt 0.8446046134800623 0.8437591101200808
vt 0.8758758850799451 0.8437591101200808
vt 0.8446046134800623 0.7812827530020177
vt 0.8446046134800623 0.7969018422815334
vt 0.8758758850799451 0.7812827530020177
vt 0.8758758850799451 0.7812827530020177
vt 0.8446046134800623 0.7969018422815334
vt 0.8758758850799451 0.7969018422815334
vt 0.8446046134800623 0.7344254851634704
vt 0.8446046134800623 0.7187264005483359
vt 0.8758758850799451 0.7344254851634704
vt 0.8758758850799451 0.7344254851634704
vt 0.8446046134800623 0.7187264005483359
vt 0.8758758850799451 0.7187264005483359
vt 0.8446046134800623 0.7344254851634704
vt 0.8446046134800623 0.7500445744429861
vt 0.8758758850799451 0.7344254851634704
vt 0.8758758850799451 0.7344254851634704
vt 0.8446046134800623 0.7500445744429861
vt 0.8758758850799451 0.7500445744429861
vn 0.9997474820141238 0.004881868010180393 -0.021934893917006447
vn 0.9997474820141237 0.004881868010178114 -0.021934893917012106
vn -0.9997474819912942 -0.004881862894803791 0.021934896096031817
vn -0.999747481891045 -0.00488187018437801 0.021934899042802526
vn -0.009747441473774581 0.3904274790680121 -0.9205820826918764
vn -0.009747441473774248 0.3904274790680131 -0.9205820826918757
vn 0.009747441473775044 -0.3904274790680022 0.9205820826918804
vn 0.009747446434662759 -0.39042749544256256 0.9205820756947483
vn 0.0010185963362706978 -0.919963052150445 -0.39200375653753816
vn 0.0010185963362708847 -0.9199630521504448 -0.39200375653753883
vn -0.0010185963301285019 0.9199630519035668 0.3920037571169335
vn -0.001018596510964533 0.9199630521487657 0.39200375654102515
usemtl m_9d225fcc-bc87-2d05-dc5b-a973fc833c2e
f 433/649/217 434/650/217 435/651/217
f 435/652/218 434/653/218 436/654/218
f 437/655/219 438/656/219 439/657/219
f 439/658/220 438/659/220 440/660/220
f 441/661/221 442/662/221 443/663/221
f 443/664/222 442/665/222 444/666/222
f 445/667/223 446/668/223 447/669/223
f 447/670/224 446/671/224 448/672/224
f 449/673/225 450/674/225 451/675/225
f 451/676/226 450/677/226 452/678/226
f 453/679/227 454/680/227 455/681/227
f 455/682/228 454/683/228 456/684/228
o obj20
v -0.018768293878004327 0.5513598029467626 0.28281271810283315
v -0.018891333292906376 0.5235291410973086 0.27101077653345573
v -0.019435090657961868 0.5631873526766378 0.25505383106247936
v -0.01955813044043675 0.5353566908242131 0.24325188962784985
v -0.12766983810960597 0.5230114673178972 0.2719430109846096
v -0.12754679832713112 0.550842129170322 0.2837449524192392
v -0.12833663538437812 0.5348390168995465 0.24418412372870263
v -0.12821359560190315 0.5626696787519714 0.2559860651633326
v -0.12833663538437812 0.5348390168995465 0.24418412372870263
v -0.12821359560190315 0.5626696787519714 0.2559860651633326
v -0.01955813044043675 0.5353566908242131 0.24325188962784985
v -0.019435090657961868 0.5631873526766378 0.25505383106247936
v -0.018891333292906376 0.5235291410973086 0.27101077653345573
v -0.018768293878004327 0.5513598029467626 0.28281271810283315
v -0.12766983810960597 0.5230114673178972 0.2719430109846096
v -0.12754679832713112 0.550842129170322 0.2837449524192392
v -0.12766983810960597 0.5230114673178972 0.2719430109846096
v -0.12833663538437812 0.5348390168995465 0.24418412372870263
v -0.018891333292906376 0.5235291410973086 0.27101077653345573
v -0.01955813044043675 0.5353566908242131 0.24325188962784985
v -0.12821359560190315 0.5626696787519714 0.2559860651633326
v -0.12754679832713112 0.550842129170322 0.2837449524192392
v -0.019435090657961868 0.5631873526766378 0.25505383106247936
v -0.018768293878004327 0.5513598029467626 0.28281271810283315
vt 0.7194394469996093 0.14067010595196783
vt 0.7194394469996093 0.12505101667245178
vt 0.7351051128298965 0.14067010595196783
vt 0.7351051128298965 0.14067010595196783
vt 0.7194394469996093 0.12505101667245178
vt 0.7351051128298965 0.12505101667245178
vt 0.2972072103303847 0.2969409940827439
vt 0.2972072103303847 0.3125600833622597
vt 0.28153153448998236 0.2969409940827439
vt 0.28153153448998236 0.2969409940827439
vt 0.2972072103303847 0.3125600833622597
vt 0.28153153448998236 0.3125600833622597
vt 0.8758758850799451 0.8281400208405649
vt 0.8758758850799451 0.8437591101200808
vt 0.8446046134800623 0.8281400208405649
vt 0.8446046134800623 0.8281400208405649
vt 0.8758758850799451 0.8437591101200808
vt 0.8446046134800623 0.8437591101200808
vt 0.8758758850799451 0.7812827530020177
vt 0.8758758850799451 0.7969018422815334
vt 0.8446046134800623 0.7812827530020177
vt 0.8446046134800623 0.7812827530020177
vt 0.8758758850799451 0.7969018422815334
vt 0.8446046134800623 0.7969018422815334
vt 0.8758758850799451 0.7344254851634704
vt 0.8758758850799451 0.7187264005483359
vt 0.8446046134800623 0.7344254851634704
vt 0.8446046134800623 0.7344254851634704
vt 0.8758758850799451 0.7187264005483359
vt 0.8446046134800623 0.7187264005483359
vt 0.8758758850799451 0.7344254851634704
vt 0.8758758850799451 0.7500445744429861
vt 0.8446046134800623 0.7344254851634704
vt 0.8446046134800623 0.7344254851634704
vt 0.8758758850799451 0.7500445744429861
vt 0.8446046134800623 0.7500445744429861
vn 0.9997474823411586 0.004881874490141141 -0.02193487756924237
vn 0.9997474820195815 0.004881868007901299 -0.021934893668763403
vn -0.9997474819315398 -0.004881869563167168 0.021934897335381953
vn -0.9997474819315401 -0.004881869563162724 0.02193489733538016
vn -0.00974744170324767 0.39042747909666536 -0.9205820826772945
vn -0.009747441703250854 0.3904274790966547 -0.9205820826772988
vn 0.009747444161806174 -0.3904274828004808 0.9205820810804396
vn 0.009747443039659758 -0.3904274790965761 0.9205820826631818
vn 0.0010185960272717596 -0.9199630556840332 -0.3920037482456381
vn 0.001018598428883218 -0.9199630521426005 -0.3920037565505105
vn -0.0010185985163672438 0.9199630556601363 0.39200374829525214
vn -0.0010185964198907017 0.9199630528174841 0.3920037549718989
usemtl m_9d225fcc-bc87-2d05-dc5b-a973fc833c2e
f 457/685/229 458/686/229 459/687/229
f 459/688/230 458/689/230 460/690/230
f 461/691/231 462/692/231 463/693/231
f 463/694/232 462/695/232 464/696/232
f 465/697/233 466/698/233 467/699/233
f 467/700/234 466/701/234 468/702/234
f 469/703/235 470/704/235 471/705/235
f 471/706/236 470/707/236 472/708/236
f 473/709/237 474/710/237 475/711/237
f 475/712/238 474/713/238 476/714/238
f 477/715/239 478/716/239 479/717/239
f 479/718/240 478/719/240 480/720/240
o obj21
v 0.07712796172934157 0.5448606253407995 0.28049986195832294
v 0.07558671528369318 0.2711901178109602 0.16456905447025577
v 0.07625512071396622 0.5586586523200319 0.24814931928978673
v 0.0747138747596004 0.2849881449383897 0.13221851201856716
v 0.04126951793908912 0.27102778046209847 0.16475786479607793
v 0.04281076396804445 0.5446982883616773 0.2806886722821874
v 0.040396677362344535 0.2848258079622101 0.13240732220897927
v 0.04193792344395182 0.5584963154891069 0.24833812983049913
v 0.040396677362344535 0.2848258079622101 0.13240732220897927
v 0.04193792344395182 0.5584963154891069 0.24833812983049913
v 0.0747138747596004 0.2849881449383897 0.13221851201856716
v 0.07625512071396622 0.5586586523200319 0.24814931928978673
v 0.07558671528369318 0.2711901178109602 0.16456905447025577
v 0.07712796172934157 0.5448606253407995 0.28049986195832294
v 0.04126951793908912 0.27102778046209847 0.16475786479607793
v 0.04281076396804445 0.5446982883616773 0.2806886722821874
v 0.04126951793908912 0.27102778046209847 0.16475786479607793
v 0.040396677362344535 0.2848258079622101 0.13240732220897927
v 0.07558671528369318 0.2711901178109602 0.16456905447025577
v 0.0747138747596004 0.2849881449383897 0.13221851201856716
v 0.04193792344395182 0.5584963154891069 0.24833812983049913
v 0.04281076396804445 0.5446982883616773 0.2806886722821874
v 0.07625512071396622 0.5586586523200319 0.24814931928978673
v 0.07712796172934157 0.5448606253407995 0.28049986195832294
vt 0.4849049100004879 0.17192828334490384
vt 0.4849049100004879 0.07817375000000004
vt 0.4692292341600859 0.17192828334490384
vt 0.4692292341600859 0.17192828334490384
vt 0.4849049100004879 0.07817375000000004
vt 0.4692292341600859 0.07817375000000004
vt 0.031311311640343654 0.07817375000000004
vt 0.031311311640343654 0.17192828334490384
vt 0.046886887379593865 0.07817375000000004
vt 0.046886887379593865 0.07817375000000004
vt 0.031311311640343654 0.17192828334490384
vt 0.046886887379593865 0.17192828334490384
vt 0.015635635799941424 0.07817375000000004
vt 0.015635635799941424 0.17192828334490384
vt 0.031311311640343654 0.07817375000000004
vt 0.031311311640343654 0.07817375000000004
vt 0.015635635799941424 0.17192828334490384
vt 0.031311311640343654 0.17192828334490384
vt 0.046886887379593865 0.07817375000000004
vt 0.046886887379593865 0.17192828334490384
vt 0.06255255320988087 0.07817375000000004
vt 0.06255255320988087 0.07817375000000004
vt 0.046886887379593865 0.17192828334490384
vt 0.06255255320988087 0.17192828334490384
vt 0.7038138212097832 0.21878555118345122
vt 0.7038138212097832 0.20316646190393528
vt 0.71947948704007 0.21878555118345122
vt 0.71947948704007 0.21878555118345122
vt 0.7038138212097832 0.20316646190393528
vt 0.71947948704007 0.20316646190393528
vt 0.8445545634294862 0.42191370715277465
vt 0.8445545634294862 0.4375327964322905
vt 0.8602302392698886 0.42191370715277465
vt 0.8602302392698886 0.42191370715277465
vt 0.8445545634294862 0.4375327964322905
vt 0.8602302392698886 0.4375327964322905
vn 0.9996784340624886 0.004908875010915473 -0.024878332269227144
vn 0.9996784344142933 0.004908871123022356 -0.024878318899901365
vn -0.9996784343795581 -0.004908871426863079 0.02487832023570354
vn -0.9996784344121906 -0.004908870754107659 0.024878319057188236
vn -0.00691118879377492 0.39008351551271353 -0.9207535427000537
vn -0.006911196564817829 0.3900835147024436 -0.9207535429850003
vn 0.006911196672608755 -0.3900835151526549 0.9207535427934562
vn 0.006911192332386479 -0.39008351468229824 0.9207535430253039
vn 0.0021923414242750942 -0.9198045913898831 -0.39237062491625174
vn 0.002192333038604713 -0.9198045947213331 -0.39237061715344107
vn -0.0021923251496519074 0.9198045948140595 0.39237061698014797
vn -0.002192331611951604 0.919804597196072 0.39237061136007023
usemtl m_9d225fcc-bc87-2d05-dc5b-a973fc833c2e
f 481/721/241 482/722/241 483/723/241
f 483/724/242 482/725/242 484/726/242
f 485/727/243 486/728/243 487/729/243
f 487/730/244 486/731/244 488/732/244
f 489/733/245 490/734/245 491/735/245
f 491/736/246 490/737/246 492/738/246
f 493/739/247 494/740/247 495/741/247
f 495/742/248 494/743/248 496/744/248
f 497/745/249 498/746/249 499/747/249
f 499/748/250 498/749/250 500/750/250
f 501/751/251 502/752/251 503/753/251
f 503/754/252 502/755/252 504/756/252
o obj22
v -0.017612617470359526 0.54440382905076 0.28195040557444856
v -0.019153863746894928 0.27073332114917986 0.16601959817909828
v -0.01848545845237659 0.558201856030262 0.2495998628936836
v -0.020026704237629228 0.28453134827687915 0.13366905571518128
v -0.05347107030506504 0.27057098420869224 0.1662084084850249
v -0.05192982433991883 0.5442414917346479 0.28213921614923837
v -0.05434391115984066 0.284369011333449 0.13385786615456027
v -0.052802664957894874 0.5580395187170921 0.24978867333502033
v -0.05434391115984066 0.284369011333449 0.13385786615456027
v -0.052802664957894874 0.5580395187170921 0.24978867333502033
v -0.020026704237629228 0.28453134827687915 0.13366905571518128
v -0.01848545845237659 0.558201856030262 0.2495998628936836
v -0.019153863746894928 0.27073332114917986 0.16601959817909828
v -0.017612617470359526 0.54440382905076 0.28195040557444856
v -0.05347107030506504 0.27057098420869224 0.1662084084850249
v -0.05192982433991883 0.5442414917346479 0.28213921614923837
v -0.05347107030506504 0.27057098420869224 0.1662084084850249
v -0.05434391115984066 0.284369011333449 0.13385786615456027
v -0.019153863746894928 0.27073332114917986 0.16601959817909828
v -0.020026704237629228 0.28453134827687915 0.13366905571518128
v -0.052802664957894874 0.5580395187170921 0.24978867333502033
v -0.05192982433991883 0.5442414917346479 0.28213921614923837
v -0.01848545845237659 0.558201856030262 0.2495998628936836
v -0.017612617470359526 0.54440382905076 0.28195040557444856
vt 0.031311311640343654 0.17192828334490384
vt 0.031311311640343654 0.07817375000000004
vt 0.046886887379593865 0.17192828334490384
vt 0.046886887379593865 0.17192828334490384
vt 0.031311311640343654 0.07817375000000004
vt 0.046886887379593865 0.07817375000000004
vt 0.4849049100004879 0.07817375000000004
vt 0.4849049100004879 0.17192828334490384
vt 0.4692292341600859 0.07817375000000004
vt 0.4692292341600859 0.07817375000000004
vt 0.4849049100004879 0.17192828334490384
vt 0.4692292341600859 0.17192828334490384
vt 0.031311311640343654 0.07817375000000004
vt 0.031311311640343654 0.17192828334490384
vt 0.015635635799941424 0.07817375000000004
vt 0.015635635799941424 0.07817375000000004
vt 0.031311311640343654 0.17192828334490384
vt 0.015635635799941424 0.17192828334490384
vt 0.06255255320988087 0.07817375000000004
vt 0.06255255320988087 0.17192828334490384
vt 0.046886887379593865 0.07817375000000004
vt 0.046886887379593865 0.07817375000000004
vt 0.06255255320988087 0.17192828334490384
vt 0.046886887379593865 0.17192828334490384
vt 0.71947948704007 0.21878555118345122
vt 0.71947948704007 0.20316646190393528
vt 0.7038138212097832 0.21878555118345122
vt 0.7038138212097832 0.21878555118345122
vt 0.71947948704007 0.20316646190393528
vt 0.7038138212097832 0.20316646190393528
vt 0.8602302392698886 0.42191370715277465
vt 0.8602302392698886 0.4375327964322905
vt 0.8445545634294862 0.42191370715277465
vt 0.8445545634294862 0.42191370715277465
vt 0.8602302392698886 0.4375327964322905
vt 0.8445545634294862 0.4375327964322905
vn 0.9996784340891423 0.00490887514823651 -0.024878331171112322
vn 0.9996784344409471 0.004908871260341912 -0.024878317801781413
vn -0.9996784341788858 -0.004908874816486699 0.024878327630434467
vn -0.9996784343495297 -0.004908871298466555 0.024878321467658965
vn -0.006911193180458764 0.3900835144393966 -0.9207535431218451
vn -0.006911197518469178 0.3900835139870815 -0.9207535432809103
vn 0.006911189639811292 -0.3900835144206898 0.9207535431563466
vn 0.006911201063100071 -0.3900835156586498 0.920753542546133
vn 0.0021923301674538756 -0.9198045942437711 -0.39237061828899583
vn 0.0021923287074001496 -0.9198045948238197 -0.3923706169373896
vn -0.002192338673268245 0.9198045977275435 0.39237061007472734
vn -0.0021923371933583015 0.9198045971820465 0.3923706113617632
usemtl m_9d225fcc-bc87-2d05-dc5b-a973fc833c2e
f 505/757/253 506/758/253 507/759/253
f 507/760/254 506/761/254 508/762/254
f 509/763/255 510/764/255 511/765/255
f 511/766/256 510/767/256 512/768/256
f 513/769/257 514/770/257 515/771/257
f 515/772/258 514/773/258 516/774/258
f 517/775/259 518/776/259 519/777/259
f 519/778/260 518/779/260 520/780/260
f 521/781/261 522/782/261 523/783/261
f 523/784/262 522/785/262 524/786/262
f 525/787/263 526/788/263 527/789/263
f 527/790/264 526/791/264 528/792/264
o obj23
v 0.20925085687871336 0.5763749022516564 0.0018194846926326835
v 0.2104300053634599 0.3243885289455222 -0.0005198838944628914
v 0.19874989879009464 0.5821707555851652 -0.6277770006324368
v 0.19992904714759957 0.33018438213377604 -0.6301163695698332
v -0.1911997496762876 0.3224570024491045 0.005095962415429145
v -0.19237889816103404 0.5744433757552387 0.007435331002525192
v -0.2017007081388601 0.32825285577959046 -0.6245005227725537
v -0.2028798566236067 0.5802392290857248 -0.6221611541854581
v -0.2017007081388601 0.32825285577959046 -0.6245005227725537
v -0.2028798566236067 0.5802392290857248 -0.6221611541854581
v 0.19992904714759957 0.33018438213377604 -0.6301163695698332
v 0.19874989879009464 0.5821707555851652 -0.6277770006324368
v 0.2104300053634599 0.3243885289455222 -0.0005198838944628914
v 0.20925085687871336 0.5763749022516564 0.0018194846926326835
v -0.1911997496762876 0.3224570024491045 0.005095962415429145
v -0.19237889816103404 0.5744433757552387 0.007435331002525192
v -0.1911997496762876 0.3224570024491045 0.005095962415429145
v -0.2017007081388601 0.32825285577959046 -0.6245005227725537
v 0.2104300053634599 0.3243885289455222 -0.0005198838944628914
v 0.19992904714759957 0.33018438213377604 -0.6301163695698332
v -0.2028798566236067 0.5802392290857248 -0.6221611541854581
v -0.19237889816103404 0.5744433757552387 0.007435331002525192
v 0.19874989879009464 0.5821707555851652 -0.6277770006324368
v 0.20925085687871336 0.5763749022516564 0.0018194846926326835
vt 0.3440540576695176 1
vt 0.3440540576695176 0.9218745553515642
vt 0.5474374431901385 1
vt 0.5474374431901385 1
vt 0.3440540576695176 0.9218745553515642
vt 0.5474374431901385 0.9218745553515642
vt 0.5474374431901385 0.8437391112861761
vt 0.5474374431901385 0.9218745553515642
vt 0.3440540576695176 0.8437391112861761
vt 0.3440540576695176 0.8437391112861761
vt 0.5474374431901385 0.9218745553515642
vt 0.3440540576695176 0.9218745553515642
vt 0.7038338412300137 0.7344154857465179
vt 0.7038338412300137 0.8125409303949538
vt 0.5787187248001365 0.7344154857465179
vt 0.5787187248001365 0.7344154857465179
vt 0.7038338412300137 0.8125409303949538
vt 0.5787187248001365 0.8125409303949538
vt 0.4379679725703182 0.3594173512008071
vt 0.4379679725703182 0.4375427958492428
vt 0.31277277605951964 0.3594173512008071
vt 0.31277277605951964 0.3594173512008071
vt 0.4379679725703182 0.4375427958492428
vt 0.31277277605951964 0.4375427958492428
vt 0.25022022284963874 0.8750272869299692
vt 0.25022022284963874 0.6719291292115026
vt 0.12510510641976175 0.8750272869299692
vt 0.12510510641976175 0.8750272869299692
vt 0.25022022284963874 0.6719291292115026
vt 0.12510510641976175 0.6719291292115026
vt 0.12510510641976175 0.7969018422815334
vt 0.12510510641976175 1
vt 0 0.7969018422815334
vt 0 0.7969018422815334
vt 0.12510510641976175 1
vt 0 1
vn 0.9998499995828523 0.004833117303556134 -0.016631876361386317
vn 0.999849999581886 0.0048331168208494805 -0.01663187655974502
vn -0.9998499995728902 -0.0048331173090542376 0.016631876958682856
vn -0.9998499995728902 -0.004833117309054869 0.016631876958683105
vn -0.014025002529266209 0.009216774430291376 -0.999859165269367
vn -0.014025001662783462 0.009216775826070356 -0.9998591652686548
vn 0.014025001328054844 -0.009216774436068168 0.999859165286163
vn 0.014025001328056032 -0.00921677443607004 0.999859165286163
vn 0.004679157911941033 -0.9999459622956011 -0.00928320903348904
vn 0.004679157547071402 -0.9999459622995456 -0.009283208792522046
vn -0.004679157911941372 0.9999459622956012 0.009283209033489217
vn -0.004679157911941017 0.9999459622956012 0.009283209033489436
usemtl m_9d225fcc-bc87-2d05-dc5b-a973fc833c2e
f 529/793/265 530/794/265 531/795/265
f 531/796/266 530/797/266 532/798/266
f 533/799/267 534/800/267 535/801/267
f 535/802/268 534/803/268 536/804/268
f 537/805/269 538/806/269 539/807/269
f 539/808/270 538/809/270 540/810/270
f 541/811/271 542/812/271 543/813/271
f 543/814/272 542/815/272 544/816/272
f 545/817/273 546/818/273 547/819/273
f 547/820/274 546/821/274 548/822/274
f 549/823/275 550/824/275 551/825/275
f 551/826/276 550/827/276 552/828/276
o obj24
v 0.19525543775799797 0.29199142608326006 -0.6304636961629757
v 0.1975845155349096 0.18409937023437634 -0.5246274190064002
v 0.19392690101971866 0.1860657958883381 -0.7382850014062711
v 0.1962559789901602 0.0781737402698996 -0.6324487248722993
v -0.193512303025419 0.18222010940628536 -0.5193323192377078
v -0.19584138117575423 0.2901121652521507 -0.6251685962573912
v -0.19484083994359197 0.07629447943879025 -0.6271536249667147
v -0.1971699179140335 0.18418653505722876 -0.7329899015006864
v -0.19484083994359197 0.07629447943879025 -0.6271536249667147
v -0.1971699179140335 0.18418653505722876 -0.7329899015006864
v 0.1962559789901602 0.0781737402698996 -0.6324487248722993
v 0.19392690101971866 0.1860657958883381 -0.7382850014062711
v 0.1975845155349096 0.18409937023437634 -0.5246274190064002
v 0.19525543775799797 0.29199142608326006 -0.6304636961629757
v -0.193512303025419 0.18222010940628536 -0.5193323192377078
v -0.19584138117575423 0.2901121652521507 -0.6251685962573912
v -0.193512303025419 0.18222010940628536 -0.5193323192377078
v -0.19484083994359197 0.07629447943879025 -0.6271536249667147
v 0.1975845155349096 0.18409937023437634 -0.5246274190064002
v 0.1962559789901602 0.0781737402698996 -0.6324487248722993
v -0.1971699179140335 0.18418653505722876 -0.7329899015006864
v -0.19584138117575423 0.2901121652521507 -0.6251685962573912
v 0.19392690101971866 0.1860657958883381 -0.7382850014062711
v 0.19525543775799797 0.29199142608326006 -0.6304636961629757
vt 0.7976876960701227 0.8906363767925326
vt 0.7976876960701227 0.843769109537033
vt 0.8445946034699472 0.8906363767925326
vt 0.8445946034699472 0.8906363767925326
vt 0.7976876960701227 0.843769109537033
vt 0.8445946034699472 0.843769109537033
vt 0.8445946034699472 0.28129190655237124
vt 0.8445946034699472 0.32815917380787085
vt 0.7976876960701227 0.28129190655237124
vt 0.7976876960701227 0.28129190655237124
vt 0.8445946034699472 0.32815917380787085
vt 0.7976876960701227 0.32815917380787085
vt 0.7663763844297792 0.8906363767925326
vt 0.7663763844297792 0.9375036440480323
vt 0.6412812880201324 0.8906363767925326
vt 0.6412812880201324 0.8906363767925326
vt 0.7663763844297792 0.9375036440480323
vt 0.6412812880201324 0.9375036440480323
vt 0.8289589676700058 0.7969018422815334
vt 0.8289589676700058 0.843769109537033
vt 0.7038238312198981 0.7969018422815334
vt 0.7038238312198981 0.7969018422815334
vt 0.8289589676700058 0.843769109537033
vt 0.7038238312198981 0.843769109537033
vt 0.6725525596200154 0.32815917380787085
vt 0.6725525596200154 0.28129190655237124
vt 0.5474274331800232 0.32815917380787085
vt 0.5474274331800232 0.32815917380787085
vt 0.6725525596200154 0.28129190655237124
vt 0.5474274331800232 0.28129190655237124
vt 0.7976876960701227 0.28129190655237124
vt 0.7976876960701227 0.32815917380787085
vt 0.6725525596200154 0.28129190655237124
vt 0.6725525596200154 0.28129190655237124
vt 0.7976876960701227 0.32815917380787085
vt 0.6725525596200154 0.32815917380787085
vn 0.9998425647650451 0.0048371657512136625 -0.017071833866107285
vn 0.9998425647560627 0.00483716767080187 -0.017071833848286335
vn -0.9998425647168077 -0.004837166734526983 0.017071836412609974
vn -0.9998425647441151 -0.004837166719845716 0.017071834817450816
vn -0.0062989664609516445 -0.7003283719141037 -0.7137930333882957
vn -0.0062989664609516315 -0.7003283719141037 -0.7137930333882957
vn 0.006298966198515403 0.7003283732433213 0.7137930320864679
vn 0.006298966444846346 0.7003283728045446 0.7137930325147938
vn 0.012914240788178126 -0.713369963253154 0.7006686220411605
vn 0.012914241022668242 -0.7133699636847338 0.7006686215974355
vn -0.012914241047562327 0.7133699609116938 -0.7006686244202848
vn -0.012914241047562136 0.713369960911694 -0.7006686244202844
usemtl m_9d225fcc-bc87-2d05-dc5b-a973fc833c2e
f 553/829/277 554/830/277 555/831/277
f 555/832/278 554/833/278 556/834/278
f 557/835/279 558/836/279 559/837/279
f 559/838/280 558/839/280 560/840/280
f 561/841/281 562/842/281 563/843/281
f 563/844/282 562/845/282 564/846/282
f 565/847/283 566/848/283 567/849/283
f 567/850/284 566/851/284 568/852/284
f 569/853/285 570/854/285 571/855/285
f 571/856/286 570/857/286 572/858/286
f 573/859/287 574/860/287 575/861/287
f 575/862/288 574/863/288 576/864/288
o obj25
v 0.2008757668888928 0.3308508637790027 -0.5859290405558257
v 0.20155967384184692 0.18469853557243537 -0.5872858767681541
v 0.1982825871968675 0.3322412771502978 -0.7370052459704306
v 0.19896649414982143 0.18608894894373001 -0.7383620821827598
v -0.19951316730904367 0.18277151059592295 -0.5818741874038416
v -0.20019707476260784 0.32892383865421776 -0.5805173514049414
v -0.20210634694841723 0.18416192359453581 -0.7329503926830367
v -0.20279025445463333 0.3303142520255123 -0.7315935568195472
v -0.20210634694841723 0.18416192359453581 -0.7329503926830367
v -0.20279025445463333 0.3303142520255123 -0.7315935568195472
v 0.19896649414982143 0.18608894894373001 -0.7383620821827598
v 0.1982825871968675 0.3322412771502978 -0.7370052459704306
v 0.20155967384184692 0.18469853557243537 -0.5872858767681541
v 0.2008757668888928 0.3308508637790027 -0.5859290405558257
v -0.19951316730904367 0.18277151059592295 -0.5818741874038416
v -0.20019707476260784 0.32892383865421776 -0.5805173514049414
v -0.19951316730904367 0.18277151059592295 -0.5818741874038416
v -0.20210634694841723 0.18416192359453581 -0.7329503926830367
v 0.20155967384184692 0.18469853557243537 -0.5872858767681541
v 0.19896649414982143 0.18608894894373001 -0.7383620821827598
v -0.20279025445463333 0.3303142520255123 -0.7315935568195472
v -0.20019707476260784 0.32892383865421776 -0.5805173514049414
v 0.1982825871968675 0.3322412771502978 -0.7370052459704306
v 0.2008757668888928 0.3308508637790027 -0.5859290405558257
vt 0.5473873931395624 0.20318646073783997
vt 0.5473873931395624 0.15629919464843578
vt 0.5943743806203085 0.20318646073783997
vt 0.5943743806203085 0.20318646073783997
vt 0.5473873931395624 0.15629919464843578
vt 0.5943743806203085 0.15629919464843578
vt 0.8289589676700058 0.15629919464843578
vt 0.8289589676700058 0.20318646073783997
vt 0.7820420502600661 0.15629919464843578
vt 0.7820420502600661 0.15629919464843578
vt 0.8289589676700058 0.20318646073783997
vt 0.7820420502600661 0.20318646073783997
vt 0.7976776860600078 0.8437391112861761
vt 0.7976776860600078 0.8906263773755804
vt 0.6725625696301306 0.8437391112861761
vt 0.6725625696301306 0.8437391112861761
vt 0.7976776860600078 0.8906263773755804
vt 0.6725625696301306 0.8906263773755804
vt 0.531751757339621 0.2656728172728555
vt 0.531751757339621 0.3125600833622597
vt 0.4066366409097441 0.2656728172728555
vt 0.4066366409097441 0.2656728172728555
vt 0.531751757339621 0.3125600833622597
vt 0.4066366409097441 0.3125600833622597
vt 0.8289589676700058 0.7968518451967718
vt 0.8289589676700058 0.7500545738599385
vt 0.7038438512401287 0.7968518451967718
vt 0.7038438512401287 0.7968518451967718
vt 0.8289589676700058 0.7500545738599385
vt 0.7038438512401287 0.7500545738599385
vt 0.4066366409097441 0.2500737268272444
vt 0.4066366409097441 0.2968709981640776
vt 0.28153153448998236 0.2500737268272444
vt 0.28153153448998236 0.2500737268272444
vt 0.4066366409097441 0.2968709981640776
vt 0.28153153448998236 0.2968709981640776
vn 0.9998417823933868 0.004837585315179793 -0.017117474952041016
vn 0.9998417823933868 0.004837585315178552 -0.01711747495204224
vn -0.9998417823829678 -0.004837588716488221 0.01711747459937859
vn -0.9998417823759036 -0.0048375890514090044 0.017117474917356146
vn -0.013535519415279843 0.009219126845126442 -0.9998658897144017
vn -0.013535518533455736 0.009219129301049976 -0.9998658897036947
vn 0.01353551907890459 -0.009219129298423966 0.999865889696335
vn 0.013535518526452997 -0.009219127804078577 0.9998658897175922
vn 0.00467915754137677 -0.9999459623116912 -0.009283207487125585
vn 0.004679158434491682 -0.9999459622845337 -0.009283209962228827
vn -0.004679157876762172 0.9999459622872323 0.009283209952679656
vn -0.00467915787676072 0.9999459622872323 0.009283209952683355
usemtl m_9d225fcc-bc87-2d05-dc5b-a973fc833c2e
f 577/865/289 578/866/289 579/867/289
f 579/868/290 578/869/290 580/870/290
f 581/871/291 582/872/291 583/873/291
f 583/874/292 582/875/292 584/876/292
f 585/877/293 586/878/293 587/879/293
f 587/880/294 586/881/294 588/882/294
f 589/883/295 590/884/295 591/885/295
f 591/886/296 590/887/296 592/888/296
f 593/889/297 594/890/297 595/891/297
f 595/892/298 594/893/298 596/894/298
f 597/895/299 598/896/299 599/897/299
f 599/898/300 598/899/300 600/900/300
o obj26
v 0.26915644345094014 0.6075506121699219 -0.017285716339456747
v 0.26936868983637574 0.5621930849250907 -0.01770680261200308
v 0.26706685605412794 0.608239409454048 -0.09253313554972908
v 0.2672791028002091 0.5628818822121315 -0.09295422195448333
v 0.23047213072597822 0.5620101680932625 -0.01760946931778029
v 0.23025988428789046 0.6073676957107759 -0.01718838318064486
v 0.22838254332916602 0.5626989653773886 -0.09285688852805268
v 0.22817029676383682 0.608056492849647 -0.09243580274121754
v 0.22838254332916602 0.5626989653773886 -0.09285688852805268
v 0.22817029676383682 0.608056492849647 -0.09243580274121754
v 0.2672791028002091 0.5628818822121315 -0.09295422195448333
v 0.26706685605412794 0.608239409454048 -0.09253313554972908
v 0.26936868983637574 0.5621930849250907 -0.01770680261200308
v 0.26915644345094014 0.6075506121699219 -0.017285716339456747
v 0.23047213072597822 0.5620101680932625 -0.01760946931778029
v 0.23025988428789046 0.6073676957107759 -0.01718838318064486
v 0.23047213072597822 0.5620101680932625 -0.01760946931778029
v 0.22838254332916602 0.5626989653773886 -0.09285688852805268
v 0.26936868983637574 0.5621930849250907 -0.01770680261200308
v 0.2672791028002091 0.5628818822121315 -0.09295422195448333
v 0.22817029676383682 0.608056492849647 -0.09243580274121754
v 0.23025988428789046 0.6073676957107759 -0.01718838318064486
v 0.26706685605412794 0.608239409454048 -0.09253313554972908
v 0.26915644345094014 0.6075506121699219 -0.017285716339456747
vt 0.8602402492800038 0.21879555060040345
vt 0.8602402492800038 0.20316646190393528
vt 0.8446046134800623 0.21879555060040345
vt 0.8446046134800623 0.21879555060040345
vt 0.8602402492800038 0.20316646190393528
vt 0.8446046134800623 0.20316646190393528
vt 0.8446046134800623 0.17192828334490384
vt 0.8446046134800623 0.18755737204137202
vt 0.8602402492800038 0.17192828334490384
vt 0.8602402492800038 0.17192828334490384
vt 0.8446046134800623 0.18755737204137202
vt 0.8602402492800038 0.18755737204137202
vt 0.17205205386004688 0.12505101667245178
vt 0.17205205386004688 0.14068010536891995
vt 0.18767767964987306 0.12505101667245178
vt 0.18767767964987306 0.12505101667245178
vt 0.17205205386004688 0.14068010536891995
vt 0.18767767964987306 0.14068010536891995
vt 0.8446046134800623 0.18755737204137202
vt 0.8446046134800623 0.20316646190393528
vt 0.8602402492800038 0.18755737204137202
vt 0.8602402492800038 0.18755737204137202
vt 0.8446046134800623 0.20316646190393528
vt 0.8602402492800038 0.20316646190393528
vt 0.8446046134800623 0.2969209952488394
vt 0.8446046134800623 0.281281907135419
vt 0.8602402492800038 0.2969209952488394
vt 0.8602402492800038 0.2969209952488394
vt 0.8446046134800623 0.281281907135419
vt 0.8602402492800038 0.281281907135419
vt 0.8446046134800623 0.21879555060040345
vt 0.8446046134800623 0.23441463987991906
vt 0.8602402492800038 0.21879555060040345
vt 0.8602402492800038 0.21879555060040345
vt 0.8446046134800623 0.23441463987991906
vt 0.8602402492800038 0.23441463987991906
vn 0.9996037294871698 0.004934836961808478 -0.027713379070431695
vn 0.9996037295838861 0.0049348449457949995 -0.027713374160253747
vn -0.9996037294823176 -0.004934837998778425 0.027713379060804746
vn -0.9996037294265409 -0.004934840618821614 0.02771338060608822
vn -0.002545850245198849 0.009271360221252712 -0.999953779194907
vn -0.0025458343810084577 0.009271373954286923 -0.9999537791079667
vn 0.0025458469197682724 -0.009271371000556737 0.9999537791034301
vn 0.002545843332105903 -0.009271367953284109 0.9999537791408177
vn 0.00467916407466079 -0.9999459622589172 -0.00928320987863785
vn 0.0046791640746553734 -0.9999459622589172 -0.009283209878634895
vn -0.004679158327819363 0.9999459623055342 0.009283207753913615
vn -0.0046791545206825505 0.9999459623060832 0.009283209613759873
usemtl m_9d225fcc-bc87-2d05-dc5b-a973fc833c2e
f 601/901/301 602/902/301 603/903/301
f 603/904/302 602/905/302 604/906/302
f 605/907/303 606/908/303 607/909/303
f 607/910/304 606/911/304 608/912/304
f 609/913/305 610/914/305 611/915/305
f 611/916/306 610/917/306 612/918/306
f 613/919/307 614/920/307 615/921/307
f 615/922/308 614/923/308 616/924/308
f 617/925/309 618/926/309 619/927/309
f 619/928/310 618/929/310 620/930/310
f 621/931/311 622/932/311 623/933/311
f 623/934/312 622/935/312 624/936/312
o obj27
v -0.2151487854302674 0.6052155101050891 -0.009870669374783536
v -0.21493653863153428 0.5598579824904906 -0.010291755644127765
v -0.21723837270954582 0.6059043070170576 -0.08511808847343022
v -0.2170261259634646 0.5605467797751411 -0.08553917487818452
v -0.25383310278300925 0.559675065787226 -0.01019442239911883
v -0.2540453492210969 0.6050325934047394 -0.009773336261983345
v -0.2559226901149396 0.5603638630718766 -0.08544184163317597
v -0.2561349365530273 0.6057213906893899 -0.0850207554960401
v -0.2559226901149396 0.5603638630718766 -0.08544184163317597
v -0.2561349365530273 0.6057213906893899 -0.0850207554960401
v -0.2170261259634646 0.5605467797751411 -0.08553917487818452
v -0.21723837270954582 0.6059043070170576 -0.08511808847343022
v -0.21493653863153428 0.5598579824904906 -0.010291755644127765
v -0.2151487854302674 0.6052155101050891 -0.009870669374783536
v -0.25383310278300925 0.559675065787226 -0.01019442239911883
v -0.2540453492210969 0.6050325934047394 -0.009773336261983345
v -0.25383310278300925 0.559675065787226 -0.01019442239911883
v -0.2559226901149396 0.5603638630718766 -0.08544184163317597
v -0.21493653863153428 0.5598579824904906 -0.010291755644127765
v -0.2170261259634646 0.5605467797751411 -0.08553917487818452
v -0.2561349365530273 0.6057213906893899 -0.0850207554960401
v -0.2540453492210969 0.6050325934047394 -0.009773336261983345
v -0.21723837270954582 0.6059043070170576 -0.08511808847343022
v -0.2151487854302674 0.6052155101050891 -0.009870669374783536
vt 0.8446046134800623 0.18755737204137202
vt 0.8446046134800623 0.17192828334490384
vt 0.8602402492800038 0.18755737204137202
vt 0.8602402492800038 0.18755737204137202
vt 0.8446046134800623 0.17192828334490384
vt 0.8602402492800038 0.17192828334490384
vt 0.8602402492800038 0.20316646190393528
vt 0.8602402492800038 0.21879555060040345
vt 0.8446046134800623 0.20316646190393528
vt 0.8446046134800623 0.20316646190393528
vt 0.8602402492800038 0.21879555060040345
vt 0.8446046134800623 0.21879555060040345
vt 0.18767767964987306 0.12505101667245178
vt 0.18767767964987306 0.14068010536891995
vt 0.17205205386004688 0.12505101667245178
vt 0.17205205386004688 0.12505101667245178
vt 0.18767767964987306 0.14068010536891995
vt 0.17205205386004688 0.14068010536891995
vt 0.8602402492800038 0.18755737204137202
vt 0.8602402492800038 0.20316646190393528
vt 0.8446046134800623 0.18755737204137202
vt 0.8446046134800623 0.18755737204137202
vt 0.8602402492800038 0.20316646190393528
vt 0.8446046134800623 0.20316646190393528
vt 0.8602402492800038 0.2969209952488394
vt 0.8602402492800038 0.281281907135419
vt 0.8446046134800623 0.2969209952488394
vt 0.8446046134800623 0.2969209952488394
vt 0.8602402492800038 0.281281907135419
vt 0.8446046134800623 0.281281907135419
vt 0.8602402492800038 0.21879555060040345
vt 0.8602402492800038 0.23441463987991906
vt 0.8446046134800623 0.21879555060040345
vt 0.8446046134800623 0.21879555060040345
vt 0.8602402492800038 0.23441463987991906
vt 0.8446046134800623 0.23441463987991906
vn 0.9996037294862529 0.00493484601334417 -0.027713377491723593
vn 0.9996037294737606 0.004934844982097276 -0.027713378125943825
vn -0.9996037295064757 -0.004934837990812646 0.02771337819084949
vn -0.9996037295064758 -0.004934837990814116 0.02771337819085036
vn -0.002545845279683889 0.009271367944135144 -0.9999537791359441
vn -0.0025458383584553157 0.009271373935583613 -0.9999537790980138
vn 0.00254584529323943 -0.009271370838846006 0.9999537791090704
vn 0.002545841903874212 -0.009271367960001798 0.9999537791443917
vn 0.004679160175247504 -0.9999459622781678 -0.009283209770529753
vn 0.004679160175247589 -0.9999459622781678 -0.009283209770529799
vn -0.004679150621275822 0.9999459623253337 0.00928320950565201
vn -0.004679160187825772 0.9999459623239546 0.00928320483224117
usemtl m_9d225fcc-bc87-2d05-dc5b-a973fc833c2e
f 625/937/313 626/938/313 627/939/313
f 627/940/314 626/941/314 628/942/314
f 629/943/315 630/944/315 631/945/315
f 631/946/316 630/947/316 632/948/316
f 633/949/317 634/950/317 635/951/317
f 635/952/318 634/953/318 636/954/318
f 637/955/319 638/956/319 639/957/319
f 639/958/320 638/959/320 640/960/320
f 641/961/321 642/962/321 643/963/321
f 643/964/322 642/965/322 644/966/322
f 645/967/323 646/968/323 647/969/323
f 647/970/324 646/971/324 648/972/324
o obj28
v 0.266061349754553 0.6094074253197881 -0.21885340592025587
v 0.26627359655328614 0.5640498977051898 -0.2192744921895996
v 0.26397176294882363 0.6100962222293156 -0.29410081103063657
v 0.26418400938691133 0.5647386946118025 -0.2945218971677721
v 0.22737703749830152 0.563866981246917 -0.21917715907040303
v 0.22716479062497863 0.6092245083435783 -0.2187560730159494
v 0.22528745033192688 0.5645557781535298 -0.294424564048575
v 0.2250752037665975 0.6099133056257882 -0.2940034782617402
v 0.22528745033192688 0.5645557781535298 -0.294424564048575
v 0.2250752037665975 0.6099133056257882 -0.2940034782617402
v 0.26418400938691133 0.5647386946118025 -0.2945218971677721
v 0.26397176294882363 0.6100962222293156 -0.29410081103063657
v 0.26627359655328614 0.5640498977051898 -0.2192744921895996
v 0.266061349754553 0.6094074253197881 -0.21885340592025587
v 0.22737703749830152 0.563866981246917 -0.21917715907040303
v 0.22716479062497863 0.6092245083435783 -0.2187560730159494
v 0.22737703749830152 0.563866981246917 -0.21917715907040303
v 0.22528745033192688 0.5645557781535298 -0.294424564048575
v 0.26627359655328614 0.5640498977051898 -0.2192744921895996
v 0.26418400938691133 0.5647386946118025 -0.2945218971677721
v 0.2250752037665975 0.6099133056257882 -0.2940034782617402
v 0.22716479062497863 0.6092245083435783 -0.2187560730159494
v 0.26397176294882363 0.6100962222293156 -0.29410081103063657
v 0.266061349754553 0.6094074253197881 -0.21885340592025587
vt 0.8602402492800038 0.21879555060040345
vt 0.8602402492800038 0.20316646190393528
vt 0.8446046134800623 0.21879555060040345
vt 0.8446046134800623 0.21879555060040345
vt 0.8602402492800038 0.20316646190393528
vt 0.8446046134800623 0.20316646190393528
vt 0.8446046134800623 0.17192828334490384
vt 0.8446046134800623 0.18755737204137202
vt 0.8602402492800038 0.17192828334490384
vt 0.8602402492800038 0.17192828334490384
vt 0.8446046134800623 0.18755737204137202
vt 0.8602402492800038 0.18755737204137202
vt 0.17205205386004688 0.12505101667245178
vt 0.17205205386004688 0.14068010536891995
vt 0.18767767964987306 0.12505101667245178
vt 0.18767767964987306 0.12505101667245178
vt 0.17205205386004688 0.14068010536891995
vt 0.18767767964987306 0.14068010536891995
vt 0.8446046134800623 0.18755737204137202
vt 0.8446046134800623 0.20316646190393528
vt 0.8602402492800038 0.18755737204137202
vt 0.8602402492800038 0.18755737204137202
vt 0.8446046134800623 0.20316646190393528
vt 0.8602402492800038 0.20316646190393528
vt 0.8446046134800623 0.2969209952488394
vt 0.8446046134800623 0.281281907135419
vt 0.8602402492800038 0.2969209952488394
vt 0.8602402492800038 0.2969209952488394
vt 0.8446046134800623 0.281281907135419
vt 0.8602402492800038 0.281281907135419
vt 0.8446046134800623 0.21879555060040345
vt 0.8446046134800623 0.23441463987991906
vt 0.8602402492800038 0.21879555060040345
vt 0.8602402492800038 0.21879555060040345
vt 0.8446046134800623 0.23441463987991906
vt 0.8602402492800038 0.23441463987991906
vn 0.9996037295178484 0.004934846002930249 -0.02771337635395547
vn 0.9996037294211321 0.004934838018946043 -0.027713381264132916
vn -0.9996037293762239 -0.004934847615910708 0.027713381175035485
vn -0.999603729525878 -0.004934840586080233 0.027713377028888986
vn -0.002545842284553844 0.009271360258680209 -0.9999537792148275
vn -0.0025458333415897777 0.009271368000268409 -0.9999537791658175
vn 0.002545842334113535 -0.009271370852750765 0.9999537791164754
vn 0.0025458369067491633 -0.00927136624288033 0.999953779173035
vn 0.004679154529023839 -0.9999459623364456 -0.009283206339051697
vn 0.004679154529023725 -0.9999459623364456 -0.009283206339051634
vn -0.004679158318578796 0.9999459622718885 0.009283211382753048
vn -0.004679167885135547 0.9999459622705092 0.009283206709338538
usemtl m_9d225fcc-bc87-2d05-dc5b-a973fc833c2e
f 649/973/325 650/974/325 651/975/325
f 651/976/326 650/977/326 652/978/326
f 653/979/327 654/980/327 655/981/327
f 655/982/328 654/983/328 656/984/328
f 657/985/329 658/986/329 659/987/329
f 659/988/330 658/989/330 660/990/330
f 661/991/331 662/992/331 663/993/331
f 663/994/332 662/995/332 664/996/332
f 665/997/333 666/998/333 667/999/333
f 667/1000/334 666/1001/334 668/1002/334
f 669/1003/335 670/1004/335 671/1005/335
f 671/1006/336 670/1007/336 672/1008/336
o obj29
v -0.2182438787133571 0.607072322885188 -0.21143835895238045
v -0.21803163227526945 0.5617147952676746 -0.21185944508951632
v -0.22033346581485003 0.6077611197923254 -0.2866857639543373
v -0.22012121906876875 0.562403592550409 -0.28710685035909167
v -0.2569281960106858 0.5615318789408805 -0.211762112151741
v -0.2571404427567672 0.6068894061827972 -0.2113410257469871
v -0.2590177831121789 0.5622206758480177 -0.28700951715369827
v -0.2592300295502665 0.607578203465531 -0.2865884310165624
v -0.2590177831121789 0.5622206758480177 -0.28700951715369827
v -0.2592300295502665 0.607578203465531 -0.2865884310165624
v -0.22012121906876875 0.562403592550409 -0.28710685035909167
v -0.22033346581485003 0.6077611197923254 -0.2866857639543373
v -0.21803163227526945 0.5617147952676746 -0.21185944508951632
v -0.2182438787133571 0.607072322885188 -0.21143835895238045
v -0.2569281960106858 0.5615318789408805 -0.211762112151741
v -0.2571404427567672 0.6068894061827972 -0.2113410257469871
v -0.2569281960106858 0.5615318789408805 -0.211762112151741
v -0.2590177831121789 0.5622206758480177 -0.28700951715369827
v -0.21803163227526945 0.5617147952676746 -0.21185944508951632
v -0.22012121906876875 0.562403592550409 -0.28710685035909167
v -0.2592300295502665 0.607578203465531 -0.2865884310165624
v -0.2571404427567672 0.6068894061827972 -0.2113410257469871
v -0.22033346581485003 0.6077611197923254 -0.2866857639543373
v -0.2182438787133571 0.607072322885188 -0.21143835895238045
vt 0.8446046134800623 0.18755737204137202
vt 0.8446046134800623 0.17192828334490384
vt 0.8602402492800038 0.18755737204137202
vt 0.8602402492800038 0.18755737204137202
vt 0.8446046134800623 0.17192828334490384
vt 0.8602402492800038 0.17192828334490384
vt 0.8602402492800038 0.20316646190393528
vt 0.8602402492800038 0.21879555060040345
vt 0.8446046134800623 0.20316646190393528
vt 0.8446046134800623 0.20316646190393528
vt 0.8602402492800038 0.21879555060040345
vt 0.8446046134800623 0.21879555060040345
vt 0.18767767964987306 0.12505101667245178
vt 0.18767767964987306 0.14068010536891995
vt 0.17205205386004688 0.12505101667245178
vt 0.17205205386004688 0.12505101667245178
vt 0.18767767964987306 0.14068010536891995
vt 0.17205205386004688 0.14068010536891995
vt 0.8602402492800038 0.18755737204137202
vt 0.8602402492800038 0.20316646190393528
vt 0.8446046134800623 0.18755737204137202
vt 0.8446046134800623 0.18755737204137202
vt 0.8602402492800038 0.20316646190393528
vt 0.8446046134800623 0.20316646190393528
vt 0.8602402492800038 0.2969209952488394
vt 0.8602402492800038 0.281281907135419
vt 0.8446046134800623 0.2969209952488394
vt 0.8446046134800623 0.2969209952488394
vt 0.8602402492800038 0.281281907135419
vt 0.8446046134800623 0.281281907135419
vt 0.8602402492800038 0.21879555060040345
vt 0.8602402492800038 0.23441463987991906
vt 0.8446046134800623 0.21879555060040345
vt 0.8446046134800623 0.21879555060040345
vt 0.8602402492800038 0.23441463987991906
vt 0.8446046134800623 0.23441463987991906
vn 0.9996037294452904 0.004934838010981627 -0.027713380394176874
vn 0.9996037295295144 0.004934844963720279 -0.02771337611821895
vn -0.9996037294125752 -0.004934845002269463 0.027713380329273878
vn -0.9996037295622294 -0.004934837972434644 0.02771337618312483
vn -0.0025458442681503993 0.009271367948892023 -0.9999537791384753
vn -0.0025458373469203844 0.009271373940341728 -0.9999537791005451
vn 0.0025458373190468406 -0.00927136798157116 0.9999537791558646
vn 0.002545844296032373 -0.009271373907652663 0.9999537790831559
vn 0.004679150629611271 -0.9999459623556961 -0.009283206230943567
vn 0.004679160171016142 -0.9999459622627435 -0.009283211434111382
vn -0.0046791506170444025 0.9999459623099093 0.009283211169227713
vn -0.004679160183577437 0.9999459623085303 0.009283206495824217
usemtl m_9d225fcc-bc87-2d05-dc5b-a973fc833c2e
f 673/1009/337 674/1010/337 675/1011/337
f 675/1012/338 674/1013/338 676/1014/338
f 677/1015/339 678/1016/339 679/1017/339
f 679/1018/340 678/1019/340 680/1020/340
f 681/1021/341 682/1022/341 683/1023/341
f 683/1024/342 682/1025/342 684/1026/342
f 685/1027/343 686/1028/343 687/1029/343
f 687/1030/344 686/1031/344 688/1032/344
f 689/1033/345 690/1034/345 691/1035/345
f 691/1036/346 690/1037/346 692/1038/346
f 693/1039/347 694/1040/347 695/1041/347
f 695/1042/348 694/1043/348 696/1044/348
o obj30
v 0.26760889634615614 0.6084790189356031 -0.11806957527501305
v 0.26782114278424385 0.56312149131809 -0.11849066141214853
v 0.26551930972411064 0.6091678158403471 -0.19331696629086625
v 0.26573155616219823 0.5638102882228337 -0.19373805242800213
v 0.22892458370107713 0.562938574715363 -0.11839332867956653
v 0.2287123372629895 0.6082961023328763 -0.11797224254243072
v 0.22683499720627331 0.5636273717653617 -0.19364071934511895
v 0.22662275040754015 0.60898489937996 -0.19321963307577517
v 0.22683499720627331 0.5636273717653617 -0.19364071934511895
v 0.22662275040754015 0.60898489937996 -0.19321963307577517
v 0.26573155616219823 0.5638102882228337 -0.19373805242800213
v 0.26551930972411064 0.6091678158403471 -0.19331696629086625
v 0.26782114278424385 0.56312149131809 -0.11849066141214853
v 0.26760889634615614 0.6084790189356031 -0.11806957527501305
v 0.22892458370107713 0.562938574715363 -0.11839332867956653
v 0.2287123372629895 0.6082961023328763 -0.11797224254243072
v 0.22892458370107713 0.562938574715363 -0.11839332867956653
v 0.22683499720627331 0.5636273717653617 -0.19364071934511895
v 0.26782114278424385 0.56312149131809 -0.11849066141214853
v 0.26573155616219823 0.5638102882228337 -0.19373805242800213
v 0.22662275040754015 0.60898489937996 -0.19321963307577517
v 0.2287123372629895 0.6082961023328763 -0.11797224254243072
v 0.26551930972411064 0.6091678158403471 -0.19331696629086625
v 0.26760889634615614 0.6084790189356031 -0.11806957527501305
vt 0.8602402492800038 0.21879555060040345
vt 0.8602402492800038 0.20316646190393528
vt 0.8446046134800623 0.21879555060040345
vt 0.8446046134800623 0.21879555060040345
vt 0.8602402492800038 0.20316646190393528
vt 0.8446046134800623 0.20316646190393528
vt 0.8446046134800623 0.17192828334490384
vt 0.8446046134800623 0.18755737204137202
vt 0.8602402492800038 0.17192828334490384
vt 0.8602402492800038 0.17192828334490384
vt 0.8446046134800623 0.18755737204137202
vt 0.8602402492800038 0.18755737204137202
vt 0.17205205386004688 0.12505101667245178
vt 0.17205205386004688 0.14068010536891995
vt 0.18767767964987306 0.12505101667245178
vt 0.18767767964987306 0.12505101667245178
vt 0.17205205386004688 0.14068010536891995
vt 0.18767767964987306 0.14068010536891995
vt 0.8446046134800623 0.18755737204137202
vt 0.8446046134800623 0.20316646190393528
vt 0.8602402492800038 0.18755737204137202
vt 0.8602402492800038 0.18755737204137202
vt 0.8446046134800623 0.20316646190393528
vt 0.8602402492800038 0.20316646190393528
vt 0.8446046134800623 0.2969209952488394
vt 0.8446046134800623 0.281281907135419
vt 0.8602402492800038 0.2969209952488394
vt 0.8602402492800038 0.2969209952488394
vt 0.8446046134800623 0.281281907135419
vt 0.8602402492800038 0.281281907135419
vt 0.8446046134800623 0.21879555060040345
vt 0.8446046134800623 0.23441463987991906
vt 0.8602402492800038 0.21879555060040345
vt 0.8602402492800038 0.21879555060040345
vt 0.8446046134800623 0.23441463987991906
vt 0.8602402492800038 0.23441463987991906
vn 0.9996037294790818 0.004934837999843834 -0.027713379177322306
vn 0.9996037294790817 0.004934837999841613 -0.02771337917732367
vn -0.9996037295226655 -0.00493483798547555 0.027713377607844786
vn -0.9996037293508143 -0.004934846057990239 0.02771338236896032
vn -0.0025458414068868403 0.00927137085711241 -0.9999537791187957
vn -0.002545844769140047 0.009271367946536054 -0.9999537791372216
vn 0.0025458324143388263 -0.009271368004627713 0.9999537791681379
vn 0.002545832414347375 -0.009271368004634977 0.9999537791681379
vn 0.004679158321917763 -0.9999459622840294 -0.009283210073298314
vn 0.004679154524787693 -0.9999459623210213 -0.009283208002627755
vn -0.004679154519784581 0.9999459623027998 0.00928320996788641
vn -0.004679158326915431 0.9999459623022509 0.009283208108042326
usemtl m_9d225fcc-bc87-2d05-dc5b-a973fc833c2e
f 697/1045/349 698/1046/349 699/1047/349
f 699/1048/350 698/1049/350 700/1050/350
f 701/1051/351 702/1052/351 703/1053/351
f 703/1054/352 702/1055/352 704/1056/352
f 705/1057/353 706/1058/353 707/1059/353
f 707/1060/354 706/1061/354 708/1062/354
f 709/1063/355 710/1064/355 711/1065/355
f 711/1066/356 710/1067/356 712/1068/356
f 713/1069/357 714/1070/357 715/1071/357
f 715/1072/358 714/1073/358 716/1074/358
f 717/1075/359 718/1076/359 719/1077/359
f 719/1078/360 718/1079/360 720/1080/360
o obj31
v -0.21669633248239922 0.6061439164980884 -0.11065452817492899
v -0.21648408573631805 0.5607863892561722 -0.11107561457968324
v -0.21878591903956301 0.6068327134033566 -0.18590191921456733
v -0.2185736726541273 0.5614751861585254 -0.18632300548711322
v -0.25538064968066854 0.5606034725545816 -0.11097828141060384
v -0.2555928961187561 0.605961000172095 -0.11055719527346808
v -0.2574702362378323 0.5612922694598501 -0.1862256724502419
v -0.25768248303656544 0.6066497970744482 -0.185804586180898
v -0.2574702362378323 0.5612922694598501 -0.1862256724502419
v -0.25768248303656544 0.6066497970744482 -0.185804586180898
v -0.2185736726541273 0.5614751861585254 -0.18632300548711322
v -0.21878591903956301 0.6068327134033566 -0.18590191921456733
v -0.21648408573631805 0.5607863892561722 -0.11107561457968324
v -0.21669633248239922 0.6061439164980884 -0.11065452817492899
v -0.25538064968066854 0.5606034725545816 -0.11097828141060384
v -0.2555928961187561 0.605961000172095 -0.11055719527346808
v -0.25538064968066854 0.5606034725545816 -0.11097828141060384
v -0.2574702362378323 0.5612922694598501 -0.1862256724502419
v -0.21648408573631805 0.5607863892561722 -0.11107561457968324
v -0.2185736726541273 0.5614751861585254 -0.18632300548711322
v -0.25768248303656544 0.6066497970744482 -0.185804586180898
v -0.2555928961187561 0.605961000172095 -0.11055719527346808
v -0.21878591903956301 0.6068327134033566 -0.18590191921456733
v -0.21669633248239922 0.6061439164980884 -0.11065452817492899
vt 0.8446046134800623 0.18755737204137202
vt 0.8446046134800623 0.17192828334490384
vt 0.8602402492800038 0.18755737204137202
vt 0.8602402492800038 0.18755737204137202
vt 0.8446046134800623 0.17192828334490384
vt 0.8602402492800038 0.17192828334490384
vt 0.8602402492800038 0.20316646190393528
vt 0.8602402492800038 0.21879555060040345
vt 0.8446046134800623 0.20316646190393528
vt 0.8446046134800623 0.20316646190393528
vt 0.8602402492800038 0.21879555060040345
vt 0.8446046134800623 0.21879555060040345
vt 0.18767767964987306 0.12505101667245178
vt 0.18767767964987306 0.14068010536891995
vt 0.17205205386004688 0.12505101667245178
vt 0.17205205386004688 0.12505101667245178
vt 0.18767767964987306 0.14068010536891995
vt 0.17205205386004688 0.14068010536891995
vt 0.8602402492800038 0.18755737204137202
vt 0.8602402492800038 0.20316646190393528
vt 0.8446046134800623 0.18755737204137202
vt 0.8446046134800623 0.18755737204137202
vt 0.8602402492800038 0.20316646190393528
vt 0.8446046134800623 0.20316646190393528
vt 0.8602402492800038 0.2969209952488394
vt 0.8602402492800038 0.281281907135419
vt 0.8446046134800623 0.2969209952488394
vt 0.8446046134800623 0.2969209952488394
vt 0.8602402492800038 0.281281907135419
vt 0.8446046134800623 0.281281907135419
vt 0.8602402492800038 0.21879555060040345
vt 0.8602402492800038 0.23441463987991906
vt 0.8446046134800623 0.21879555060040345
vt 0.8446046134800623 0.21879555060040345
vt 0.8602402492800038 0.23441463987991906
vt 0.8446046134800623 0.23441463987991906
vn 0.999603729470525 0.004934844983162632 -0.02771337824246301
vn 0.9996037293738087 0.004934836999178254 -0.027713383152641453
vn -0.9996037295032401 -0.004934837991876947 0.02771337830736743
vn -0.9996037293313889 -0.004934846064393609 0.027713383068484126
vn -0.002545839978650994 0.009271370863831395 -0.9999537791223695
vn -0.0025458397819436733 0.009271371034113556 -0.9999537791212915
vn 0.0025458433687916594 -0.009271373912020594 0.9999537790854761
vn 0.002545836391794527 -0.009271367985929254 0.9999537791581848
vn 0.004679160179352837 -0.9999459622931057 -0.00928320815940063
vn 0.004679160179346859 -0.999945962293106 -0.009283208159397366
vn -0.004679150625375617 0.9999459623402719 0.009283207894519554
vn -0.0046791506253753366 0.9999459623402719 0.009283207894519691
usemtl m_9d225fcc-bc87-2d05-dc5b-a973fc833c2e
f 721/1081/361 722/1082/361 723/1083/361
f 723/1084/362 722/1085/362 724/1086/362
f 725/1087/363 726/1088/363 727/1089/363
f 727/1090/364 726/1091/364 728/1092/364
f 729/1093/365 730/1094/365 731/1095/365
f 731/1096/366 730/1097/366 732/1098/366
f 733/1099/367 734/1100/367 735/1101/367
f 735/1102/368 734/1103/368 736/1104/368
f 737/1105/369 738/1106/369 739/1107/369
f 739/1108/370 738/1109/370 740/1110/370
f 741/1111/371 742/1112/371 743/1113/371
f 743/1114/372 742/1115/372 744/1116/372
o obj32
v 0.26451380330388985 0.6103358317113805 -0.31963725077902905
v 0.26472604974197733 0.564978304093867 -0.32005833691616536
v 0.26242421615436307 0.6110246285679644 -0.39488465117507165
v 0.26263646295309623 0.565667100953366 -0.3953057374444159
v 0.22582949059577298 0.5647953874906309 -0.3199610041604737
v 0.22561724379703973 0.610152915105229 -0.3195399178911298
v 0.2237399039341333 0.5654841844953846 -0.39520840433842397
v 0.22352765713540002 0.610841712109983 -0.39478731806907996
v 0.2237399039341333 0.5654841844953846 -0.39520840433842397
v 0.22352765713540002 0.610841712109983 -0.39478731806907996
v 0.26263646295309623 0.565667100953366 -0.3953057374444159
v 0.26242421615436307 0.6110246285679644 -0.39488465117507165
v 0.26472604974197733 0.564978304093867 -0.32005833691616536
v 0.26451380330388985 0.6103358317113805 -0.31963725077902905
v 0.22582949059577298 0.5647953874906309 -0.3199610041604737
v 0.22561724379703973 0.610152915105229 -0.3195399178911298
v 0.22582949059577298 0.5647953874906309 -0.3199610041604737
v 0.2237399039341333 0.5654841844953846 -0.39520840433842397
v 0.26472604974197733 0.564978304093867 -0.32005833691616536
v 0.26263646295309623 0.565667100953366 -0.3953057374444159
v 0.22352765713540002 0.610841712109983 -0.39478731806907996
v 0.22561724379703973 0.610152915105229 -0.3195399178911298
v 0.26242421615436307 0.6110246285679644 -0.39488465117507165
v 0.26451380330388985 0.6103358317113805 -0.31963725077902905
vt 0.8602402492800038 0.21879555060040345
vt 0.8602402492800038 0.20316646190393528
vt 0.8446046134800623 0.21879555060040345
vt 0.8446046134800623 0.21879555060040345
vt 0.8602402492800038 0.20316646190393528
vt 0.8446046134800623 0.20316646190393528
vt 0.8446046134800623 0.17192828334490384
vt 0.8446046134800623 0.18755737204137202
vt 0.8602402492800038 0.17192828334490384
vt 0.8602402492800038 0.17192828334490384
vt 0.8446046134800623 0.18755737204137202
vt 0.8602402492800038 0.18755737204137202
vt 0.17205205386004688 0.12505101667245178
vt 0.17205205386004688 0.14068010536891995
vt 0.18767767964987306 0.12505101667245178
vt 0.18767767964987306 0.12505101667245178
vt 0.17205205386004688 0.14068010536891995
vt 0.18767767964987306 0.14068010536891995
vt 0.8446046134800623 0.18755737204137202
vt 0.8446046134800623 0.20316646190393528
vt 0.8602402492800038 0.18755737204137202
vt 0.8602402492800038 0.18755737204137202
vt 0.8446046134800623 0.20316646190393528
vt 0.8602402492800038 0.20316646190393528
vt 0.8446046134800623 0.2969209952488394
vt 0.8446046134800623 0.281281907135419
vt 0.8602402492800038 0.2969209952488394
vt 0.8602402492800038 0.2969209952488394
vt 0.8446046134800623 0.281281907135419
vt 0.8602402492800038 0.281281907135419
vt 0.8446046134800623 0.21879555060040345
vt 0.8446046134800623 0.23441463987991906
vt 0.8602402492800038 0.21879555060040345
vt 0.8602402492800038 0.21879555060040345
vt 0.8446046134800623 0.23441463987991906
vt 0.8602402492800038 0.23441463987991906
vn 0.9996037293804274 0.004934838032359154 -0.0277133827299318
vn 0.9996037294771437 0.004934846016348106 -0.02771337781975114
vn -0.9996037295207274 -0.0049348460019831624 0.027713376250277245
vn -0.9996037295207274 -0.0049348460019838225 0.02771337625027764
vn -0.0025458419969456273 0.00927137085434246 -0.9999537791173191
vn -0.002545841996939936 0.009271370854347387 -0.9999537791173191
vn 0.0025458330044219202 -0.009271368001871042 0.9999537791666611
vn 0.0025458363937576694 -0.009271370880689878 0.9999537791313401
vn 0.004679158326399547 -0.9999459623003861 -0.00928320830916057
vn 0.004679154529275378 -0.9999459623373779 -0.009283206238493479
vn -0.0046791545242719475 0.9999459623191564 0.009283208203751971
vn -0.004679158331414808 0.9999459623186077 0.009283206343902265
usemtl m_9d225fcc-bc87-2d05-dc5b-a973fc833c2e
f 745/1117/373 746/1118/373 747/1119/373
f 747/1120/374 746/1121/374 748/1122/374
f 749/1123/375 750/1124/375 751/1125/375
f 751/1126/376 750/1127/376 752/1128/376
f 753/1129/377 754/1130/377 755/1131/377
f 755/1132/378 754/1133/378 756/1134/378
f 757/1135/379 758/1136/379 759/1137/379
f 759/1138/380 758/1139/380 760/1140/380
f 761/1141/381 762/1142/381 763/1143/381
f 763/1144/382 762/1145/382 764/1146/382
f 765/1147/383 766/1148/383 767/1149/383
f 767/1150/384 766/1151/384 768/1152/384
o obj33
v -0.2197914255156604 0.6080007292739382 -0.31222220368224707
v -0.21957917876957894 0.562643202032022 -0.312643290087001
v -0.2218810122337614 0.6086895261340095 -0.3874696042364446
v -0.22166876584832584 0.5633319988891781 -0.38789069050899094
v -0.25847574278597285 0.5624602853298493 -0.3125459568915113
v -0.25868798965929574 0.6078178124265108 -0.31212487083705787
v -0.26056532950407396 0.5631490821899205 -0.3877933574457091
v -0.2607775763028073 0.6085066098045184 -0.3873722711763655
v -0.26056532950407396 0.5631490821899205 -0.3877933574457091
v -0.2607775763028073 0.6085066098045184 -0.3873722711763655
v -0.22166876584832584 0.5633319988891781 -0.38789069050899094
v -0.2218810122337614 0.6086895261340095 -0.3874696042364446
v -0.21957917876957894 0.562643202032022 -0.312643290087001
v -0.2197914255156604 0.6080007292739382 -0.31222220368224707
v -0.25847574278597285 0.5624602853298493 -0.3125459568915113
v -0.25868798965929574 0.6078178124265108 -0.31212487083705787
v -0.25847574278597285 0.5624602853298493 -0.3125459568915113
v -0.26056532950407396 0.5631490821899205 -0.3877933574457091
v -0.21957917876957894 0.562643202032022 -0.312643290087001
v -0.22166876584832584 0.5633319988891781 -0.38789069050899094
v -0.2607775763028073 0.6085066098045184 -0.3873722711763655
v -0.25868798965929574 0.6078178124265108 -0.31212487083705787
v -0.2218810122337614 0.6086895261340095 -0.3874696042364446
v -0.2197914255156604 0.6080007292739382 -0.31222220368224707
vt 0.8446046134800623 0.18755737204137202
vt 0.8446046134800623 0.17192828334490384
vt 0.8602402492800038 0.18755737204137202
vt 0.8602402492800038 0.18755737204137202
vt 0.8446046134800623 0.17192828334490384
vt 0.8602402492800038 0.17192828334490384
vt 0.8602402492800038 0.20316646190393528
vt 0.8602402492800038 0.21879555060040345
vt 0.8446046134800623 0.20316646190393528
vt 0.8446046134800623 0.20316646190393528
vt 0.8602402492800038 0.21879555060040345
vt 0.8446046134800623 0.21879555060040345
vt 0.18767767964987306 0.12505101667245178
vt 0.18767767964987306 0.14068010536891995
vt 0.17205205386004688 0.12505101667245178
vt 0.17205205386004688 0.12505101667245178
vt 0.18767767964987306 0.14068010536891995
vt 0.17205205386004688 0.14068010536891995
vt 0.8602402492800038 0.18755737204137202
vt 0.8602402492800038 0.20316646190393528
vt 0.8446046134800623 0.18755737204137202
vt 0.8446046134800623 0.18755737204137202
vt 0.8602402492800038 0.20316646190393528
vt 0.8446046134800623 0.20316646190393528
vt 0.8602402492800038 0.2969209952488394
vt 0.8602402492800038 0.281281907135419
vt 0.8446046134800623 0.2969209952488394
vt 0.8446046134800623 0.2969209952488394
vt 0.8602402492800038 0.281281907135419
vt 0.8446046134800623 0.281281907135419
vt 0.8602402492800038 0.21879555060040345
vt 0.8602402492800038 0.23441463987991906
vt 0.8446046134800623 0.21879555060040345
vt 0.8446046134800623 0.21879555060040345
vt 0.8602402492800038 0.23441463987991906
vt 0.8446046134800623 0.23441463987991906
vn 0.9996037295083505 0.004934844970699951 -0.027713376880336486
vn 0.9996037294116341 0.004934836986706287 -0.027713381790520006
vn -0.9996037294961576 -0.004934847576376504 0.02771337685614754
vn -0.9996037295297372 -0.0049348459990149075 0.027713375925830286
vn -0.0025458406530180604 0.009271370860652776 -0.9999537791206822
vn -0.0025458404562909175 0.009271371030952097 -0.999953779119604
vn 0.0025458440431515585 -0.00927137390884196 0.9999537790837887
vn 0.0025458350281402802 -0.009271366251711054 0.999953779177736
vn 0.004679160183841556 -0.9999459623094624 -0.00928320639526424
vn 0.0046791601838355405 -0.9999459623094625 -0.00928320639526096
vn -0.004679150612299745 0.9999459622926203 0.009283213033926256
vn -0.004679163985968711 0.9999459622906922 0.009283206500675815
usemtl m_9d225fcc-bc87-2d05-dc5b-a973fc833c2e
f 769/1153/385 770/1154/385 771/1155/385
f 771/1156/386 770/1157/386 772/1158/386
f 773/1159/387 774/1160/387 775/1161/387
f 775/1162/388 774/1163/388 776/1164/388
f 777/1165/389 778/1166/389 779/1167/389
f 779/1168/390 778/1169/390 780/1170/390
f 781/1171/391 782/1172/391 783/1173/391
f 783/1174/392 782/1175/392 784/1176/392
f 785/1177/393 786/1178/393 787/1179/393
f 787/1180/394 786/1181/394 788/1182/394
f 789/1183/395 790/1184/395 791/1185/395
f 791/1186/396 790/1187/396 792/1188/396
o obj34
v 0.2737524829040454 0.5854887567798734 -0.05124707188048794
v 0.27316555479546184 0.4927186026869345 -0.09052200337889144
v 0.2725602173680365 0.6032285054347666 -0.09281493608657132
v 0.2719732892594527 0.5104583513418277 -0.1320898675849752
v 0.2292604810242142 0.49251163805336157 -0.09035880763502563
v 0.22984740913279766 0.5852817921463003 -0.051083876136622464
v 0.22806821554085707 0.5102513863355729 -0.131926671705699
v 0.22865514364944067 0.6030215404285117 -0.0926517402072955
v 0.22806821554085707 0.5102513863355729 -0.131926671705699
v 0.22865514364944067 0.6030215404285117 -0.0926517402072955
v 0.2719732892594527 0.5104583513418277 -0.1320898675849752
v 0.2725602173680365 0.6032285054347666 -0.09281493608657132
v 0.27316555479546184 0.4927186026869345 -0.09052200337889144
v 0.2737524829040454 0.5854887567798734 -0.05124707188048794
v 0.2292604810242142 0.49251163805336157 -0.09035880763502563
v 0.22984740913279766 0.5852817921463003 -0.051083876136622464
v 0.2292604810242142 0.49251163805336157 -0.09035880763502563
v 0.22806821554085707 0.5102513863355729 -0.131926671705699
v 0.27316555479546184 0.4927186026869345 -0.09052200337889144
v 0.2719732892594527 0.5104583513418277 -0.1320898675849752
v 0.22865514364944067 0.6030215404285117 -0.0926517402072955
v 0.22984740913279766 0.5852817921463003 -0.051083876136622464
v 0.2725602173680365 0.6032285054347666 -0.09281493608657132
v 0.2737524829040454 0.5854887567798734 -0.05124707188048794
vt 0.4692192241499706 0.15629919464843578
vt 0.4692192241499706 0.12505101667245178
vt 0.4535935983601444 0.15629919464843578
vt 0.4535935983601444 0.15629919464843578
vt 0.4692192241499706 0.12505101667245178
vt 0.4535935983601444 0.12505101667245178
vt 0.5318118174003124 0.2813019059693236
vt 0.5318118174003124 0.31254008452835513
vt 0.5474374431901385 0.2813019059693236
vt 0.5474374431901385 0.2813019059693236
vt 0.5318118174003124 0.31254008452835513
vt 0.5474374431901385 0.31254008452835513
vt 0.8446046134800623 0.2969209952488394
vt 0.8446046134800623 0.3281691732248231
vt 0.8602402492800038 0.2969209952488394
vt 0.8602402492800038 0.2969209952488394
vt 0.8446046134800623 0.3281691732248231
vt 0.8602402492800038 0.3281691732248231
vt 0.17205205386004688 0.20316646190393528
vt 0.17205205386004688 0.23443463871382397
vt 0.18767767964987306 0.20316646190393528
vt 0.18767767964987306 0.20316646190393528
vt 0.17205205386004688 0.23443463871382397
vt 0.18767767964987306 0.23443463871382397
vt 0.18767767964987306 0.14067010595196783
vt 0.18767767964987306 0.12505101667245178
vt 0.2033033054396993 0.14067010595196783
vt 0.2033033054396993 0.14067010595196783
vt 0.18767767964987306 0.12505101667245178
vt 0.2033033054396993 0.12505101667245178
vt 0.2033033054396993 0.12505101667245178
vt 0.2033033054396993 0.14067010595196783
vt 0.2189289312295255 0.12505101667245178
vt 0.2189289312295255 0.12505101667245178
vt 0.2033033054396993 0.14067010595196783
vt 0.2189289312295255 0.14067010595196783
vn 0.9996348166744567 0.004924376157276646 -0.02657035588183252
vn 0.9996348166744565 0.0049243761572765376 -0.02657035588183764
vn -0.9996348167020048 -0.00492437575026161 0.026570354920843392
vn -0.9996348167020048 -0.0049243757502592895 0.026570354920841244
vn -0.005260686006993642 0.3898818828130176 -0.9208498480408802
vn -0.005260686006985422 0.3898818828130209 -0.9208498480408791
vn 0.005260679851244382 -0.38988188279261676 0.9208498480846847
vn 0.005260679851239315 -0.3898818827926148 0.9208498480846856
vn 0.0028761989464140252 -0.9197116203742449 -0.3925840837683079
vn 0.002876205511160791 -0.9197116177719681 -0.39258408981659826
vn -0.0028762055449409545 0.9197116202884484 0.3925840839209613
vn -0.002876198912644924 0.919711617857761 0.392584089663953
usemtl m_9d225fcc-bc87-2d05-dc5b-a973fc833c2e
f 793/1189/397 794/1190/397 795/1191/397
f 795/1192/398 794/1193/398 796/1194/398
f 797/1195/399 798/1196/399 799/1197/399
f 799/1198/400 798/1199/400 800/1200/400
f 801/1201/401 802/1202/401 803/1203/401
f 803/1204/402 802/1205/402 804/1206/402
f 805/1207/403 806/1208/403 807/1209/403
f 807/1210/404 806/1211/404 808/1212/404
f 809/1213/405 810/1214/405 811/1215/405
f 811/1216/406 810/1217/406 812/1218/406
f 813/1219/407 814/1220/407 815/1221/407
f 815/1222/408 814/1223/408 816/1224/408
o obj35
v -0.21559209364667753 0.5831293571376748 -0.0437548693045417
v -0.2161790215982312 0.49035920319023135 -0.08302980046356484
v -0.21678435909767246 0.6008691054201472 -0.08532273338707852
v -0.21737128704922604 0.5080989514727043 -0.12459766454610133
v -0.2600841003228875 0.49015223793971546 -0.08286660449162764
v -0.259497172371334 0.5829223918871582 -0.04359167333260516
v -0.2612763658265343 0.5078919865948703 -0.12443446870957453
v -0.26068943787498083 0.6006621405423131 -0.08515953755055206
v -0.2612763658265343 0.5078919865948703 -0.12443446870957453
v -0.26068943787498083 0.6006621405423131 -0.08515953755055206
v -0.21737128704922604 0.5080989514727043 -0.12459766454610133
v -0.21678435909767246 0.6008691054201472 -0.08532273338707852
v -0.2161790215982312 0.49035920319023135 -0.08302980046356484
v -0.21559209364667753 0.5831293571376748 -0.0437548693045417
v -0.2600841003228875 0.49015223793971546 -0.08286660449162764
v -0.259497172371334 0.5829223918871582 -0.04359167333260516
v -0.2600841003228875 0.49015223793971546 -0.08286660449162764
v -0.2612763658265343 0.5078919865948703 -0.12443446870957453
v -0.2161790215982312 0.49035920319023135 -0.08302980046356484
v -0.21737128704922604 0.5080989514727043 -0.12459766454610133
v -0.26068943787498083 0.6006621405423131 -0.08515953755055206
v -0.259497172371334 0.5829223918871582 -0.04359167333260516
v -0.21678435909767246 0.6008691054201472 -0.08532273338707852
v -0.21559209364667753 0.5831293571376748 -0.0437548693045417
vt 0.5318118174003124 0.31254008452835513
vt 0.5318118174003124 0.2813019059693236
vt 0.5474374431901385 0.31254008452835513
vt 0.5474374431901385 0.31254008452835513
vt 0.5318118174003124 0.2813019059693236
vt 0.5474374431901385 0.2813019059693236
vt 0.4692192241499706 0.12505101667245178
vt 0.4692192241499706 0.15629919464843578
vt 0.4535935983601444 0.12505101667245178
vt 0.4535935983601444 0.12505101667245178
vt 0.4692192241499706 0.15629919464843578
vt 0.4535935983601444 0.15629919464843578
vt 0.8602402492800038 0.2969209952488394
vt 0.8602402492800038 0.3281691732248231
vt 0.8446046134800623 0.2969209952488394
vt 0.8446046134800623 0.2969209952488394
vt 0.8602402492800038 0.3281691732248231
vt 0.8446046134800623 0.3281691732248231
vt 0.18767767964987306 0.20316646190393528
vt 0.18767767964987306 0.23443463871382397
vt 0.17205205386004688 0.20316646190393528
vt 0.17205205386004688 0.20316646190393528
vt 0.18767767964987306 0.23443463871382397
vt 0.17205205386004688 0.23443463871382397
vt 0.2033033054396993 0.14067010595196783
vt 0.2033033054396993 0.12505101667245178
vt 0.18767767964987306 0.14067010595196783
vt 0.18767767964987306 0.14067010595196783
vt 0.2033033054396993 0.12505101667245178
vt 0.18767767964987306 0.12505101667245178
vt 0.2189289312295255 0.12505101667245178
vt 0.2189289312295255 0.14067010595196783
vt 0.2033033054396993 0.12505101667245178
vt 0.2033033054396993 0.12505101667245178
vt 0.2189289312295255 0.14067010595196783
vt 0.2033033054396993 0.14067010595196783
vn 0.999634816729775 0.004924376825949076 -0.026570353676704527
vn 0.999634816729775 0.004924376825949129 -0.026570353676701974
vn -0.9996348167022269 -0.004924377232967619 0.02657035463769404
vn -0.9996348167022269 -0.004924377232967615 0.02657035463769403
vn -0.005260683356521527 0.38988188045851774 -0.920849849052902
vn -0.005260683356514504 0.38988188045852046 -0.920849849052901
vn 0.00526068951227008 -0.3898818804789217 0.9208498490090963
vn 0.005260689512262015 -0.3898818804789185 0.9208498490090976
vn 0.0028762094713295134 -0.9197116177596515 -0.3925840898164394
vn 0.002876202906583483 -0.919711620361928 -0.39258408376814896
vn -0.0028762028728097663 0.9197116178454448 0.392584089663793
vn -0.002876209505126225 0.9197116202761398 0.3925840839207827
usemtl m_9d225fcc-bc87-2d05-dc5b-a973fc833c2e
f 817/1225/409 818/1226/409 819/1227/409
f 819/1228/410 818/1229/410 820/1230/410
f 821/1231/411 822/1232/411 823/1233/411
f 823/1234/412 822/1235/412 824/1236/412
f 825/1237/413 826/1238/413 827/1239/413
f 827/1240/414 826/1241/414 828/1242/414
f 829/1243/415 830/1244/415 831/1245/415
f 831/1246/416 830/1247/416 832/1248/416
f 833/1249/417 834/1250/417 835/1251/417
f 835/1252/418 834/1253/418 836/1254/418
f 837/1255/419 838/1256/419 839/1257/419
f 839/1258/420 838/1259/420 840/1260/420
o obj36
v 0.2706573927278989 0.5873455610663507 -0.2528145745375078
v 0.2700704648062621 0.4945754157696001 -0.2920895019864679
v 0.26946512684640334 0.6050853120072612 -0.2943824441335181
v 0.2688781989247666 0.5123151667105104 -0.3336573715824782
v 0.22616539052904633 0.4943684509877108 -0.29192630645406703
v 0.22675231863057665 0.5871385960570343 -0.2526513785193957
v 0.22497312518945828 0.5121082017041203 -0.3334941756970753
v 0.2255600531110949 0.6048783470008712 -0.29421924824811563
v 0.22497312518945828 0.5121082017041203 -0.3334941756970753
v 0.2255600531110949 0.6048783470008712 -0.29421924824811563
v 0.2688781989247666 0.5123151667105104 -0.3336573715824782
v 0.26946512684640334 0.6050853120072612 -0.2943824441335181
v 0.2700704648062621 0.4945754157696001 -0.2920895019864679
v 0.2706573927278989 0.5873455610663507 -0.2528145745375078
v 0.22616539052904633 0.4943684509877108 -0.29192630645406703
v 0.22675231863057665 0.5871385960570343 -0.2526513785193957
v 0.22616539052904633 0.4943684509877108 -0.29192630645406703
v 0.22497312518945828 0.5121082017041203 -0.3334941756970753
v 0.2700704648062621 0.4945754157696001 -0.2920895019864679
v 0.2688781989247666 0.5123151667105104 -0.3336573715824782
v 0.2255600531110949 0.6048783470008712 -0.29421924824811563
v 0.22675231863057665 0.5871385960570343 -0.2526513785193957
v 0.26946512684640334 0.6050853120072612 -0.2943824441335181
v 0.2706573927278989 0.5873455610663507 -0.2528145745375078
vt 0.4692192241499706 0.15629919464843578
vt 0.4692192241499706 0.12505101667245178
vt 0.4535935983601444 0.15629919464843578
vt 0.4535935983601444 0.15629919464843578
vt 0.4692192241499706 0.12505101667245178
vt 0.4535935983601444 0.12505101667245178
vt 0.5318118174003124 0.2813019059693236
vt 0.5318118174003124 0.31254008452835513
vt 0.5474374431901385 0.2813019059693236
vt 0.5474374431901385 0.2813019059693236
vt 0.5318118174003124 0.31254008452835513
vt 0.5474374431901385 0.31254008452835513
vt 0.8446046134800623 0.2969209952488394
vt 0.8446046134800623 0.3281691732248231
vt 0.8602402492800038 0.2969209952488394
vt 0.8602402492800038 0.2969209952488394
vt 0.8446046134800623 0.3281691732248231
vt 0.8602402492800038 0.3281691732248231
vt 0.17205205386004688 0.20316646190393528
vt 0.17205205386004688 0.23443463871382397
vt 0.18767767964987306 0.20316646190393528
vt 0.18767767964987306 0.20316646190393528
vt 0.17205205386004688 0.23443463871382397
vt 0.18767767964987306 0.23443463871382397
vt 0.18767767964987306 0.14067010595196783
vt 0.18767767964987306 0.12505101667245178
vt 0.2033033054396993 0.14067010595196783
vt 0.2033033054396993 0.14067010595196783
vt 0.18767767964987306 0.12505101667245178
vt 0.2033033054396993 0.12505101667245178
vt 0.2033033054396993 0.12505101667245178
vt 0.2033033054396993 0.14067010595196783
vt 0.2189289312295255 0.12505101667245178
vt 0.2189289312295255 0.12505101667245178
vt 0.2033033054396993 0.14067010595196783
vt 0.2189289312295255 0.14067010595196783
vn 0.9996348165702199 0.004924378922731897 -0.026570359290913198
vn 0.9996348165702199 0.004924378922731925 -0.026570359290911887
vn -0.9996348168705644 -0.004924372828020502 0.02657034912084772
vn -0.9996348167835003 -0.004924375771581699 0.026570351850857835
vn -0.005260686126066439 0.3898818800671426 -0.9208498492027858
vn -0.005260686126057056 0.38988188006714614 -0.9208498492027842
vn 0.0052606766639030625 -0.389881880035789 0.9208498492701167
vn 0.005260688907453093 -0.3898818849839391 0.9208498471051563
vn 0.0028762038860551415 -0.9197116185052238 -0.39258408811069745
vn 0.002876205459584071 -0.9197116178814743 -0.3925840895604347
vn -0.0028762054654689743 0.9197116183196249 0.3925840885339309
vn -0.002876204310697826 0.9197116178964099 0.39258408953386204
usemtl m_9d225fcc-bc87-2d05-dc5b-a973fc833c2e
f 841/1261/421 842/1262/421 843/1263/421
f 843/1264/422 842/1265/422 844/1266/422
f 845/1267/423 846/1268/423 847/1269/423
f 847/1270/424 846/1271/424 848/1272/424
f 849/1273/425 850/1274/425 851/1275/425
f 851/1276/426 850/1277/426 852/1278/426
f 853/1279/427 854/1280/427 855/1281/427
f 855/1282/428 854/1283/428 856/1284/428
f 857/1285/429 858/1286/429 859/1287/429
f 859/1288/430 858/1289/430 860/1290/430
f 861/1291/431 862/1292/431 863/1293/431
f 863/1294/432 862/1295/432 864/1296/432
o obj37
v -0.21868718413218602 0.5849861610485438 -0.24532237169344184
v -0.21927411207668612 0.49221601612471594 -0.2845972992887321
v -0.21987944961930544 0.602725911992642 -0.28689024143402486
v -0.220466377511154 0.5099557666961321 -0.32616516889390534
v -0.2631791908180553 0.4920090508740645 -0.284434103310669
v -0.26259226292620685 0.5847791961705748 -0.24515917585078845
v -0.2643714563051749 0.5097488018181628 -0.326001973051252
v -0.26378452841332645 0.6025189471146728 -0.28672704559137174
v -0.2643714563051749 0.5097488018181628 -0.326001973051252
v -0.26378452841332645 0.6025189471146728 -0.28672704559137174
v -0.220466377511154 0.5099557666961321 -0.32616516889390534
v -0.21987944961930544 0.602725911992642 -0.28689024143402486
v -0.21927411207668612 0.49221601612471594 -0.2845972992887321
v -0.21868718413218602 0.5849861610485438 -0.24532237169344184
v -0.2631791908180553 0.4920090508740645 -0.284434103310669
v -0.26259226292620685 0.5847791961705748 -0.24515917585078845
v -0.2631791908180553 0.4920090508740645 -0.284434103310669
v -0.2643714563051749 0.5097488018181628 -0.326001973051252
v -0.21927411207668612 0.49221601612471594 -0.2845972992887321
v -0.220466377511154 0.5099557666961321 -0.32616516889390534
v -0.26378452841332645 0.6025189471146728 -0.28672704559137174
v -0.26259226292620685 0.5847791961705748 -0.24515917585078845
v -0.21987944961930544 0.602725911992642 -0.28689024143402486
v -0.21868718413218602 0.5849861610485438 -0.24532237169344184
vt 0.5318118174003124 0.31254008452835513
vt 0.5318118174003124 0.2813019059693236
vt 0.5474374431901385 0.31254008452835513
vt 0.5474374431901385 0.31254008452835513
vt 0.5318118174003124 0.2813019059693236
vt 0.5474374431901385 0.2813019059693236
vt 0.4692192241499706 0.12505101667245178
vt 0.4692192241499706 0.15629919464843578
vt 0.4535935983601444 0.12505101667245178
vt 0.4535935983601444 0.12505101667245178
vt 0.4692192241499706 0.15629919464843578
vt 0.4535935983601444 0.15629919464843578
vt 0.8602402492800038 0.2969209952488394
vt 0.8602402492800038 0.3281691732248231
vt 0.8446046134800623 0.2969209952488394
vt 0.8446046134800623 0.2969209952488394
vt 0.8602402492800038 0.3281691732248231
vt 0.8446046134800623 0.3281691732248231
vt 0.18767767964987306 0.20316646190393528
vt 0.18767767964987306 0.23443463871382397
vt 0.17205205386004688 0.20316646190393528
vt 0.17205205386004688 0.20316646190393528
vt 0.18767767964987306 0.23443463871382397
vt 0.17205205386004688 0.23443463871382397
vt 0.2033033054396993 0.14067010595196783
vt 0.2033033054396993 0.12505101667245178
vt 0.18767767964987306 0.14067010595196783
vt 0.18767767964987306 0.14067010595196783
vt 0.2033033054396993 0.12505101667245178
vt 0.18767767964987306 0.12505101667245178
vt 0.2189289312295255 0.12505101667245178
vt 0.2189289312295255 0.14067010595196783
vt 0.2033033054396993 0.12505101667245178
vt 0.2033033054396993 0.12505101667245178
vt 0.2189289312295255 0.14067010595196783
vt 0.2033033054396993 0.14067010595196783
vn 0.9996348168015634 0.004924375333479021 -0.026570351252471588
vn 0.9996348168318749 0.004924375357398475 -0.02657035010765959
vn -0.9996348168043269 -0.00492437576441473 0.026570351068646157
vn -0.9996348168043269 -0.0049243757644146305 0.026570351068646057
vn -0.005260683483243515 0.3898818801497328 -0.9208498491829157
vn -0.00526068348323891 0.3898818801497347 -0.920849849182915
vn 0.005260689646739897 -0.3898818826406708 0.9208498480930575
vn 0.0052606834832427335 -0.38988188014973385 0.9208498491829155
vn 0.0028762094256476337 -0.9197116183073092 -0.39258408853376936
vn 0.002876202860889238 -0.9197116209095905 -0.3925840824854685
vn -0.002876202827114531 0.9197116183931071 0.39258408838111225
vn -0.002876202827107344 0.9197116183931047 0.3925840883811186
usemtl m_9d225fcc-bc87-2d05-dc5b-a973fc833c2e
f 865/1297/433 866/1298/433 867/1299/433
f 867/1300/434 866/1301/434 868/1302/434
f 869/1303/435 870/1304/435 871/1305/435
f 871/1306/436 870/1307/436 872/1308/436
f 873/1309/437 874/1310/437 875/1311/437
f 875/1312/438 874/1313/438 876/1314/438
f 877/1315/439 878/1316/439 879/1317/439
f 879/1318/440 878/1319/440 880/1320/440
f 881/1321/441 882/1322/441 883/1323/441
f 883/1324/442 882/1325/442 884/1326/442
f 885/1327/443 886/1328/443 887/1329/443
f 887/1330/444 886/1331/444 888/1332/444
o obj38
v 0.2722049347547176 0.5864172318251746 -0.15203100716485823
v 0.27161800677794645 0.49364708690108566 -0.19130593474831886
v 0.27101266886829845 0.6041569823082833 -0.19359887565574813
v 0.27042574094417915 0.5113868370115124 -0.23287380310379863
v 0.22771293268898052 0.4934401218918371 -0.1911427387332702
v 0.22829986061309965 0.5862102671886078 -0.15186781128522003
v 0.22652066716457536 0.511179872377872 -0.2327106073568691
v 0.22710759514134637 0.6039500173019607 -0.19343567977340898
v 0.22652066716457536 0.511179872377872 -0.2327106073568691
v 0.22710759514134637 0.6039500173019607 -0.19343567977340898
v 0.27042574094417915 0.5113868370115124 -0.23287380310379863
v 0.27101266886829845 0.6041569823082833 -0.19359887565574813
v 0.27161800677794645 0.49364708690108566 -0.19130593474831886
v 0.2722049347547176 0.5864172318251746 -0.15203100716485823
v 0.22771293268898052 0.4934401218918371 -0.1911427387332702
v 0.22829986061309965 0.5862102671886078 -0.15186781128522003
v 0.22771293268898052 0.4934401218918371 -0.1911427387332702
v 0.22652066716457536 0.511179872377872 -0.2327106073568691
v 0.27161800677794645 0.49364708690108566 -0.19130593474831886
v 0.27042574094417915 0.5113868370115124 -0.23287380310379863
v 0.22710759514134637 0.6039500173019607 -0.19343567977340898
v 0.22829986061309965 0.5862102671886078 -0.15186781128522003
v 0.27101266886829845 0.6041569823082833 -0.19359887565574813
v 0.2722049347547176 0.5864172318251746 -0.15203100716485823
vt 0.4692192241499706 0.15629919464843578
vt 0.4692192241499706 0.12505101667245178
vt 0.4535935983601444 0.15629919464843578
vt 0.4535935983601444 0.15629919464843578
vt 0.4692192241499706 0.12505101667245178
vt 0.4535935983601444 0.12505101667245178
vt 0.5318118174003124 0.2813019059693236
vt 0.5318118174003124 0.31254008452835513
vt 0.5474374431901385 0.2813019059693236
vt 0.5474374431901385 0.2813019059693236
vt 0.5318118174003124 0.31254008452835513
vt 0.5474374431901385 0.31254008452835513
vt 0.8446046134800623 0.2969209952488394
vt 0.8446046134800623 0.3281691732248231
vt 0.8602402492800038 0.2969209952488394
vt 0.8602402492800038 0.2969209952488394
vt 0.8446046134800623 0.3281691732248231
vt 0.8602402492800038 0.3281691732248231
vt 0.17205205386004688 0.20316646190393528
vt 0.17205205386004688 0.23443463871382397
vt 0.18767767964987306 0.20316646190393528
vt 0.18767767964987306 0.20316646190393528
vt 0.17205205386004688 0.23443463871382397
vt 0.18767767964987306 0.23443463871382397
vt 0.18767767964987306 0.14067010595196783
vt 0.18767767964987306 0.12505101667245178
vt 0.2033033054396993 0.14067010595196783
vt 0.2033033054396993 0.14067010595196783
vt 0.18767767964987306 0.12505101667245178
vt 0.2033033054396993 0.12505101667245178
vt 0.2033033054396993 0.12505101667245178
vt 0.2033033054396993 0.14067010595196783
vt 0.2189289312295255 0.12505101667245178
vt 0.2189289312295255 0.12505101667245178
vt 0.2033033054396993 0.14067010595196783
vt 0.2189289312295255 0.14067010595196783
vn 0.9996348165459834 0.004924378784009922 -0.02657036022845459
vn 0.9996348165762948 0.0049243788079294986 -0.026570359083636086
vn -0.9996348167620271 -0.0049243760637941005 0.026570352604566534
vn -0.9996348167868119 -0.004924375225841166 0.026570351827405848
vn -0.0052606799142094025 0.3898818825094601 -0.9208498482042118
vn -0.005260686062186561 0.38988188005932634 -0.9208498492064602
vn 0.005260688835924548 -0.3898818825390309 0.9208498481407231
vn 0.005260682672417443 -0.3898818800480902 0.9208498492305828
vn 0.0028762043415989794 -0.9197116182228653 -0.3925840887688448
vn 0.002876198919855811 -0.919711620372053 -0.39258408377363696
vn -0.0028762055242718327 0.9197116207244117 0.3925840828997759
vn -0.0028761977371974147 0.9197116178705069 0.3925840896427048
usemtl m_9d225fcc-bc87-2d05-dc5b-a973fc833c2e
f 889/1333/445 890/1334/445 891/1335/445
f 891/1336/446 890/1337/446 892/1338/446
f 893/1339/447 894/1340/447 895/1341/447
f 895/1342/448 894/1343/448 896/1344/448
f 897/1345/449 898/1346/449 899/1347/449
f 899/1348/450 898/1349/450 900/1350/450
f 901/1351/451 902/1352/451 903/1353/451
f 903/1354/452 902/1355/452 904/1356/452
f 905/1357/453 906/1358/453 907/1359/453
f 907/1360/454 906/1361/454 908/1362/454
f 909/1363/455 910/1364/455 911/1365/455
f 911/1366/456 910/1367/456 912/1368/456
o obj39
v -0.21713964215801929 0.5840578321800496 -0.14453880445620287
v -0.21772657005235008 0.4912876868835196 -0.18381373191517303
v -0.21833190759741067 0.6017975822936639 -0.18610667295625571
v -0.21891883554439318 0.5090274373698158 -0.22538160055063583
v -0.2616316488380147 0.49108072200561786 -0.1836505360755833
v -0.26104472094368386 0.5838508673021481 -0.1443756086166127
v -0.26282391427740587 0.5088204721192322 -0.22521840457563574
v -0.26223698625583347 0.6015906175610175 -0.18594347676636452
v -0.26282391427740587 0.5088204721192322 -0.22521840457563574
v -0.26223698625583347 0.6015906175610175 -0.18594347676636452
v -0.21891883554439318 0.5090274373698158 -0.22538160055063583
v -0.21833190759741067 0.6017975822936639 -0.18610667295625571
v -0.21772657005235008 0.4912876868835196 -0.18381373191517303
v -0.21713964215801929 0.5840578321800496 -0.14453880445620287
v -0.2616316488380147 0.49108072200561786 -0.1836505360755833
v -0.26104472094368386 0.5838508673021481 -0.1443756086166127
v -0.2616316488380147 0.49108072200561786 -0.1836505360755833
v -0.26282391427740587 0.5088204721192322 -0.22521840457563574
v -0.21772657005235008 0.4912876868835196 -0.18381373191517303
v -0.21891883554439318 0.5090274373698158 -0.22538160055063583
v -0.26223698625583347 0.6015906175610175 -0.18594347676636452
v -0.26104472094368386 0.5838508673021481 -0.1443756086166127
v -0.21833190759741067 0.6017975822936639 -0.18610667295625571
v -0.21713964215801929 0.5840578321800496 -0.14453880445620287
vt 0.5318118174003124 0.31254008452835513
vt 0.5318118174003124 0.2813019059693236
vt 0.5474374431901385 0.31254008452835513
vt 0.5474374431901385 0.31254008452835513
vt 0.5318118174003124 0.2813019059693236
vt 0.5474374431901385 0.2813019059693236
vt 0.4692192241499706 0.12505101667245178
vt 0.4692192241499706 0.15629919464843578
vt 0.4535935983601444 0.12505101667245178
vt 0.4535935983601444 0.12505101667245178
vt 0.4692192241499706 0.15629919464843578
vt 0.4535935983601444 0.15629919464843578
vt 0.8602402492800038 0.2969209952488394
vt 0.8602402492800038 0.3281691732248231
vt 0.8446046134800623 0.2969209952488394
vt 0.8446046134800623 0.2969209952488394
vt 0.8602402492800038 0.3281691732248231
vt 0.8446046134800623 0.3281691732248231
vt 0.18767767964987306 0.20316646190393528
vt 0.18767767964987306 0.23443463871382397
vt 0.17205205386004688 0.20316646190393528
vt 0.17205205386004688 0.20316646190393528
vt 0.18767767964987306 0.23443463871382397
vt 0.17205205386004688 0.23443463871382397
vt 0.2033033054396993 0.14067010595196783
vt 0.2033033054396993 0.12505101667245178
vt 0.18767767964987306 0.14067010595196783
vt 0.18767767964987306 0.14067010595196783
vt 0.2033033054396993 0.12505101667245178
vt 0.18767767964987306 0.12505101667245178
vt 0.2189289312295255 0.12505101667245178
vt 0.2189289312295255 0.14067010595196783
vt 0.2033033054396993 0.12505101667245178
vt 0.2033033054396993 0.12505101667245178
vt 0.2189289312295255 0.14067010595196783
vt 0.2033033054396993 0.14067010595196783
vn 0.9996348168104018 0.004924375649613983 -0.026570350861369153
vn 0.9996348167800904 0.004924375625694458 -0.026570352006185117
vn -0.9996348168104018 -0.004924375649611746 0.02657035086136501
vn -0.9996348168726812 -0.004924373544007818 0.026570348908519538
vn -0.00526068958276719 0.38988188259939416 -0.9208498481108992
vn -0.005260689499522485 0.38988188263256945 -0.9208498480973286
vn 0.005260683419367139 -0.38988188014190844 0.9208498491865935
vn 0.0052606834193744964 -0.38988188014191133 0.9208498491865922
vn 0.0028762028859178447 -0.9197116207978924 -0.3925840827469612
vn 0.0028762094506643737 -0.9197116181956158 -0.3925840887952515
vn -0.002876196688555225 0.9197116185266099 0.3925840881133269
vn -0.0028762028859092904 0.9197116207978943 0.39258408274695694
usemtl m_9d225fcc-bc87-2d05-dc5b-a973fc833c2e
f 913/1369/457 914/1370/457 915/1371/457
f 915/1372/458 914/1373/458 916/1374/458
f 917/1375/459 918/1376/459 919/1377/459
f 919/1378/460 918/1379/460 920/1380/460
f 921/1381/461 922/1382/461 923/1383/461
f 923/1384/462 922/1385/462 924/1386/462
f 925/1387/463 926/1388/463 927/1389/463
f 927/1390/464 926/1391/464 928/1392/464
f 929/1393/465 930/1394/465 931/1395/465
f 931/1396/466 930/1397/466 932/1398/466
f 933/1399/467 934/1400/467 935/1401/467
f 935/1402/468 934/1403/468 936/1404/468
o obj40
v 0.26910984353255196 0.5882736782962326 -0.35359866709374566
v 0.2685229154911209 0.4955035328542872 -0.39287359489573614
v 0.2679175777184791 0.6060134302378666 -0.3951665398697065
v 0.2673306497516375 0.5132432853138578 -0.4344414674568071
v 0.2246178413687295 0.4952965678447682 -0.3927103988684345
v 0.22520476941016074 0.5880667132867139 -0.3534354710664437
v 0.22342557599126012 0.5130363203072652 -0.43427827156221466
v 0.22401250390544972 0.6058064656039557 -0.3950033441105245
v 0.22342557599126012 0.5130363203072652 -0.43427827156221466
v 0.22401250390544972 0.6058064656039557 -0.3950033441105245
v 0.2673306497516375 0.5132432853138578 -0.4344414674568071
v 0.2679175777184791 0.6060134302378666 -0.3951665398697065
v 0.2685229154911209 0.4955035328542872 -0.39287359489573614
v 0.26910984353255196 0.5882736782962326 -0.35359866709374566
v 0.2246178413687295 0.4952965678447682 -0.3927103988684345
v 0.22520476941016074 0.5880667132867139 -0.3534354710664437
v 0.2246178413687295 0.4952965678447682 -0.3927103988684345
v 0.22342557599126012 0.5130363203072652 -0.43427827156221466
v 0.2685229154911209 0.4955035328542872 -0.39287359489573614
v 0.2673306497516375 0.5132432853138578 -0.4344414674568071
v 0.22401250390544972 0.6058064656039557 -0.3950033441105245
v 0.22520476941016074 0.5880667132867139 -0.3534354710664437
v 0.2679175777184791 0.6060134302378666 -0.3951665398697065
v 0.26910984353255196 0.5882736782962326 -0.35359866709374566
vt 0.4692192241499706 0.15629919464843578
vt 0.4692192241499706 0.12505101667245178
vt 0.4535935983601444 0.15629919464843578
vt 0.4535935983601444 0.15629919464843578
vt 0.4692192241499706 0.12505101667245178
vt 0.4535935983601444 0.12505101667245178
vt 0.5318118174003124 0.2813019059693236
vt 0.5318118174003124 0.31254008452835513
vt 0.5474374431901385 0.2813019059693236
vt 0.5474374431901385 0.2813019059693236
vt 0.5318118174003124 0.31254008452835513
vt 0.5474374431901385 0.31254008452835513
vt 0.8446046134800623 0.2969209952488394
vt 0.8446046134800623 0.3281691732248231
vt 0.8602402492800038 0.2969209952488394
vt 0.8602402492800038 0.2969209952488394
vt 0.8446046134800623 0.3281691732248231
vt 0.8602402492800038 0.3281691732248231
vt 0.17205205386004688 0.20316646190393528
vt 0.17205205386004688 0.23443463871382397
vt 0.18767767964987306 0.20316646190393528
vt 0.18767767964987306 0.20316646190393528
vt 0.17205205386004688 0.23443463871382397
vt 0.18767767964987306 0.23443463871382397
vt 0.18767767964987306 0.14067010595196783
vt 0.18767767964987306 0.12505101667245178
vt 0.2033033054396993 0.14067010595196783
vt 0.2033033054396993 0.14067010595196783
vt 0.18767767964987306 0.12505101667245178
vt 0.2033033054396993 0.12505101667245178
vt 0.2033033054396993 0.12505101667245178
vt 0.2033033054396993 0.14067010595196783
vt 0.2189289312295255 0.12505101667245178
vt 0.2189289312295255 0.12505101667245178
vt 0.2033033054396993 0.14067010595196783
vt 0.2189289312295255 0.14067010595196783
vn 0.9996348166552442 0.004924376556216154 -0.02657035653071162
vn 0.9996348167010991 0.004924376592401574 -0.026570354798838774
vn -0.9996348169101992 -0.004924372789330803 0.026570347636877257
vn -0.9996348168479198 -0.004924374894936082 0.02657034958972381
vn -0.005260686317668783 0.3898818800906182 -0.9208498491917517
vn -0.0052606801696780635 0.38988188254075745 -0.9208498481895013
vn 0.005260689091298621 -0.3898818825368654 0.9208498481401811
vn 0.005260689091302718 -0.389881882536867 0.9208498481401803
vn 0.002876204209945088 -0.9197116163182042 -0.3925840932318821
vn 0.002876205352948007 -0.919711615865116 -0.3925840942849635
vn -0.0028761987918722526 0.9197116187405113 0.3925840875968079
vn -0.0028762042693924873 0.9197116207479815 0.39258408285375257
usemtl m_9d225fcc-bc87-2d05-dc5b-a973fc833c2e
f 937/1405/469 938/1406/469 939/1407/469
f 939/1408/470 938/1409/470 940/1410/470
f 941/1411/471 942/1412/471 943/1413/471
f 943/1414/472 942/1415/472 944/1416/472
f 945/1417/473 946/1418/473 947/1419/473
f 947/1420/474 946/1421/474 948/1422/474
f 949/1423/475 950/1424/475 951/1425/475
f 951/1426/476 950/1427/476 952/1428/476
f 953/1429/477 954/1430/477 955/1431/477
f 955/1432/478 954/1433/478 956/1434/478
f 957/1435/479 958/1436/479 959/1437/479
f 959/1438/480 958/1439/480 960/1440/480
o obj41
v -0.2202347333223536 0.5859142782784676 -0.3461064642515781
v -0.22082166120923719 0.49314413298199794 -0.38538139171327823
v -0.2214269987973994 0.603654030595949 -0.3876743373065341
v -0.22201392668428288 0.5108838852994797 -0.426949264768234
v -0.26472673965795684 0.4929371681068198 -0.38521819599720764
v -0.2641398117710734 0.5857073134032891 -0.34594326853550783
v -0.2659190054950167 0.510676920421375 -0.4267860689194547
v -0.26533207760813293 0.603447065717845 -0.387511141457754
v -0.2659190054950167 0.510676920421375 -0.4267860689194547
v -0.26533207760813293 0.603447065717845 -0.387511141457754
v -0.22201392668428288 0.5108838852994797 -0.426949264768234
v -0.2214269987973994 0.603654030595949 -0.3876743373065341
v -0.22082166120923719 0.49314413298199794 -0.38538139171327823
v -0.2202347333223536 0.5859142782784676 -0.3461064642515781
v -0.26472673965795684 0.4929371681068198 -0.38521819599720764
v -0.2641398117710734 0.5857073134032891 -0.34594326853550783
v -0.26472673965795684 0.4929371681068198 -0.38521819599720764
v -0.2659190054950167 0.510676920421375 -0.4267860689194547
v -0.22082166120923719 0.49314413298199794 -0.38538139171327823
v -0.22201392668428288 0.5108838852994797 -0.426949264768234
v -0.26533207760813293 0.603447065717845 -0.387511141457754
v -0.2641398117710734 0.5857073134032891 -0.34594326853550783
v -0.2214269987973994 0.603654030595949 -0.3876743373065341
v -0.2202347333223536 0.5859142782784676 -0.3461064642515781
vt 0.5318118174003124 0.31254008452835513
vt 0.5318118174003124 0.2813019059693236
vt 0.5474374431901385 0.31254008452835513
vt 0.5474374431901385 0.31254008452835513
vt 0.5318118174003124 0.2813019059693236
vt 0.5474374431901385 0.2813019059693236
vt 0.4692192241499706 0.12505101667245178
vt 0.4692192241499706 0.15629919464843578
vt 0.4535935983601444 0.12505101667245178
vt 0.4535935983601444 0.12505101667245178
vt 0.4692192241499706 0.15629919464843578
vt 0.4535935983601444 0.15629919464843578
vt 0.8602402492800038 0.2969209952488394
vt 0.8602402492800038 0.3281691732248231
vt 0.8446046134800623 0.2969209952488394
vt 0.8446046134800623 0.2969209952488394
vt 0.8602402492800038 0.3281691732248231
vt 0.8446046134800623 0.3281691732248231
vt 0.18767767964987306 0.20316646190393528
vt 0.18767767964987306 0.23443463871382397
vt 0.17205205386004688 0.20316646190393528
vt 0.17205205386004688 0.20316646190393528
vt 0.18767767964987306 0.23443463871382397
vt 0.17205205386004688 0.23443463871382397
vt 0.2033033054396993 0.14067010595196783
vt 0.2033033054396993 0.12505101667245178
vt 0.18767767964987306 0.14067010595196783
vt 0.18767767964987306 0.14067010595196783
vt 0.2033033054396993 0.12505101667245178
vt 0.18767767964987306 0.12505101667245178
vt 0.2189289312295255 0.12505101667245178
vt 0.2189289312295255 0.14067010595196783
vt 0.2033033054396993 0.12505101667245178
vt 0.2033033054396993 0.12505101667245178
vt 0.2189289312295255 0.14067010595196783
vt 0.2033033054396993 0.14067010595196783
vn 0.9996348168670107 0.00492437488836873 -0.026570348872697602
vn 0.9996348168670107 0.004924374888368784 -0.026570348872695007
vn -0.9996348166537306 -0.0049243780395227844 0.026570356312755526
vn -0.9996348166537306 -0.004924378039518216 0.026570356312751283
vn -0.005260683610974555 0.3898818801653831 -0.9208498491755598
vn -0.005260683610985043 0.38988188016537906 -0.9208498491755616
vn 0.005260680845005955 -0.3898818801562127 0.920849849195244
vn 0.005260680845002939 -0.3898818801562116 0.9208498491952446
vn 0.0028762039215227946 -0.9197116182715007 -0.39258408865798333
vn 0.002876202778526243 -0.9197116187245865 -0.3925840876049078
vn -0.0028762027726243577 0.91971161828643 0.3925840886314258
vn -0.002876203927416026 0.9197116187096525 0.3925840876314766
usemtl m_9d225fcc-bc87-2d05-dc5b-a973fc833c2e
f 961/1441/481 962/1442/481 963/1443/481
f 963/1444/482 962/1445/482 964/1446/482
f 965/1447/483 966/1448/483 967/1449/483
f 967/1450/484 966/1451/484 968/1452/484
f 969/1453/485 970/1454/485 971/1455/485
f 971/1456/486 970/1457/486 972/1458/486
f 973/1459/487 974/1460/487 975/1461/487
f 975/1462/488 974/1463/488 976/1464/488
f 977/1465/489 978/1466/489 979/1467/489
f 979/1468/490 978/1469/490 980/1470/490
f 981/1471/491 982/1472/491 983/1473/491
f 983/1474/492 982/1475/492 984/1476/492
o obj42
v 0.26807060934246807 0.5119457990136047 -0.08642099227297334
v 0.26830643928339426 0.4615485242797282 -0.08688886604888924
v 0.2668534738172831 0.512406418729666 -0.13665037181996798
v 0.2670893033933299 0.4620091439928404 -0.13711824546212392
v 0.19461994545035155 0.4611994499006696 -0.08642944215303805
v 0.19438411587430454 0.5115967246374951 -0.08596156851088255
v 0.19340280956028721 0.46166006961378175 -0.13665882156627274
v 0.19316697998424037 0.5120573443506073 -0.1361909479241168
v 0.2670893033933299 0.4620091439928404 -0.13711824546212392
v 0.2668534738172831 0.512406418729666 -0.13665037181996798
v 0.26830643928339426 0.4615485242797282 -0.08688886604888924
v 0.26807060934246807 0.5119457990136047 -0.08642099227297334
v 0.19461994545035155 0.4611994499006696 -0.08642944215303805
v 0.19438411587430454 0.5115967246374951 -0.08596156851088255
v 0.19461994545035155 0.4611994499006696 -0.08642944215303805
v 0.19340280956028721 0.46166006961378175 -0.13665882156627274
v 0.26830643928339426 0.4615485242797282 -0.08688886604888924
v 0.2670893033933299 0.4620091439928404 -0.13711824546212392
v 0.19316697998424037 0.5120573443506073 -0.1361909479241168
v 0.19438411587430454 0.5115967246374951 -0.08596156851088255
v 0.2668534738172831 0.512406418729666 -0.13665037181996798
v 0.26807060934246807 0.5119457990136047 -0.08642099227297334
vt 0.29710711022923253 0.14067010595196783
vt 0.29710711022923253 0.12505101667245178
vt 0.28154154450009755 0.14067010595196783
vt 0.28154154450009755 0.14067010595196783
vt 0.29710711022923253 0.12505101667245178
vt 0.28154154450009755 0.12505101667245178
vt 0.547417423169908 0.12505101667245178
vt 0.547417423169908 0.14067010595196783
vt 0.5631431490608864 0.12505101667245178
vt 0.5631431490608864 0.12505101667245178
vt 0.547417423169908 0.14067010595196783
vt 0.5631431490608864 0.14067010595196783
vt 0.5631431490608864 0.12505101667245178
vt 0.5631431490608864 0.14067010595196783
vt 0.5787087147900215 0.12505101667245178
vt 0.5787087147900215 0.12505101667245178
vt 0.5631431490608864 0.14067010595196783
vt 0.5787087147900215 0.14067010595196783
vt 0.43798799259054855 0.12505101667245178
vt 0.43798799259054855 0.14067010595196783
vt 0.4535535583196836 0.12505101667245178
vt 0.4535535583196836 0.12505101667245178
vt 0.43798799259054855 0.14067010595196783
vt 0.4535535583196836 0.14067010595196783
vt 0.2502502528799843 0.14067010595196783
vt 0.2502502528799843 0.12505101667245178
vt 0.2658158186091194 0.14067010595196783
vt 0.2658158186091194 0.14067010595196783
vt 0.2502502528799843 0.12505101667245178
vt 0.2658158186091194 0.12505101667245178
vt 0.2658158186091194 0.12505101667245178
vt 0.2658158186091194 0.14067010595196783
vt 0.28154154450009755 0.12505101667245178
vt 0.28154154450009755 0.12505101667245178
vt 0.2658158186091194 0.14067010595196783
vt 0.28154154450009755 0.14067010595196783
vn 0.9996956194078163 0.004902467047641927 -0.024179213255805507
vn 0.9996956192645641 0.0049024598132559015 -0.02417922064540304
vn -0.9996956192645641 -0.004902459813259003 0.024179220645403017
vn -0.9996956192645642 -0.004902459813255875 0.024179220645399933
vn -0.006278293248911734 0.009253749987671237 -0.999937473617749
vn -0.006278293248911736 0.009253749987671239 -0.999937473617749
vn 0.006278293261119138 -0.009253752596420323 0.9999374735935301
vn 0.006278291464589618 -0.009253749996115286 0.999937473628874
vn 0.004679155818058862 -0.9999459622754507 -0.009283212259427182
vn 0.004679155818058862 -0.9999459622754507 -0.009283212259427182
vn -0.004679155818058847 0.9999459622754505 0.009283212259429454
vn -0.004679155818062103 0.9999459622754507 0.009283212259424807
usemtl m_9d225fcc-bc87-2d05-dc5b-a973fc833c2e
f 985/1477/493 986/1478/493 987/1479/493
f 987/1480/494 986/1481/494 988/1482/494
f 989/1483/495 990/1484/495 991/1485/495
f 991/1486/496 990/1487/496 992/1488/496
f 991/1489/497 992/1490/497 993/1491/497
f 993/1492/498 992/1493/498 994/1494/498
f 995/1495/499 996/1496/499 997/1497/499
f 997/1498/500 996/1499/500 998/1500/500
f 999/1501/501 1000/1502/501 1001/1503/501
f 1001/1504/502 1000/1505/502 1002/1506/502
f 1003/1507/503 1004/1508/503 1005/1509/503
f 1005/1510/504 1004/1511/504 1006/1512/504
o obj43
v -0.1809591407661308 0.5097807793138149 -0.07954603743775085
v -0.1807233111900839 0.4593835045769891 -0.08001391107990674
v -0.18217627668239644 0.510241399026715 -0.12977541684138083
v -0.18194044710634927 0.4598441242898897 -0.13024329048353606
v -0.2544097994256738 0.4590344302180905 -0.0795544869418559
v -0.2546456290017207 0.5094317049549162 -0.07908661329969996
v -0.2556269354691809 0.4594950497857359 -0.12978386669578623
v -0.2558627650452278 0.5098923245225615 -0.12931599305363034
v -0.2556269354691809 0.4594950497857359 -0.12978386669578623
v -0.2558627650452278 0.5098923245225615 -0.12931599305363034
v -0.1807233111900839 0.4593835045769891 -0.08001391107990674
v -0.1809591407661308 0.5097807793138149 -0.07954603743775085
v -0.2544097994256738 0.4590344302180905 -0.0795544869418559
v -0.2546456290017207 0.5094317049549162 -0.07908661329969996
v -0.2544097994256738 0.4590344302180905 -0.0795544869418559
v -0.2556269354691809 0.4594950497857359 -0.12978386669578623
v -0.1807233111900839 0.4593835045769891 -0.08001391107990674
v -0.18194044710634927 0.4598441242898897 -0.13024329048353606
v -0.2558627650452278 0.5098923245225615 -0.12931599305363034
v -0.2546456290017207 0.5094317049549162 -0.07908661329969996
v -0.18217627668239644 0.510241399026715 -0.12977541684138083
v -0.1809591407661308 0.5097807793138149 -0.07954603743775085
vt 0.547417423169908 0.14067010595196783
vt 0.547417423169908 0.12505101667245178
vt 0.5631431490608864 0.14067010595196783
vt 0.5631431490608864 0.14067010595196783
vt 0.547417423169908 0.12505101667245178
vt 0.5631431490608864 0.12505101667245178
vt 0.29710711022923253 0.12505101667245178
vt 0.29710711022923253 0.14067010595196783
vt 0.28154154450009755 0.12505101667245178
vt 0.28154154450009755 0.12505101667245178
vt 0.29710711022923253 0.14067010595196783
vt 0.28154154450009755 0.14067010595196783
vt 0.5787087147900215 0.12505101667245178
vt 0.5787087147900215 0.14067010595196783
vt 0.5631431490608864 0.12505101667245178
vt 0.5631431490608864 0.12505101667245178
vt 0.5787087147900215 0.14067010595196783
vt 0.5631431490608864 0.14067010595196783
vt 0.4535535583196836 0.12505101667245178
vt 0.4535535583196836 0.14067010595196783
vt 0.43798799259054855 0.12505101667245178
vt 0.43798799259054855 0.12505101667245178
vt 0.4535535583196836 0.14067010595196783
vt 0.43798799259054855 0.14067010595196783
vt 0.2658158186091194 0.14067010595196783
vt 0.2658158186091194 0.12505101667245178
vt 0.2502502528799843 0.14067010595196783
vt 0.2502502528799843 0.14067010595196783
vt 0.2658158186091194 0.12505101667245178
vt 0.2502502528799843 0.12505101667245178
vt 0.28154154450009755 0.12505101667245178
vt 0.28154154450009755 0.14067010595196783
vt 0.2658158186091194 0.12505101667245178
vt 0.2658158186091194 0.12505101667245178
vt 0.28154154450009755 0.14067010595196783
vt 0.2658158186091194 0.14067010595196783
vn 0.999695619251824 0.004902459818078396 -0.024179221171168858
vn 0.9996956192518242 0.004902459818083587 -0.02417922117116355
vn -0.9996956191942403 -0.004902459839870708 0.024179223547560927
vn -0.9996956191942403 -0.004902459839870692 0.02417922354756091
vn -0.00627829226380626 0.009253749992336864 -0.9999374736238911
vn -0.006278292263815221 0.009253749992323632 -0.9999374736238911
vn 0.0062782970097560115 -0.009253749969853864 0.9999374735943006
vn 0.0062782970097567834 -0.009253749969854981 0.9999374735943006
vn 0.004679155887887169 -0.9999459623024424 -0.009283209316802094
vn 0.004679157876258436 -0.9999459622653574 -0.009283212309211386
vn -0.004679157894737499 0.9999459622926008 0.009283209365338729
vn -0.004679155869405091 0.9999459622751989 0.009283212260661314
usemtl m_9d225fcc-bc87-2d05-dc5b-a973fc833c2e
f 1007/1513/505 1008/1514/505 1009/1515/505
f 1009/1516/506 1008/1517/506 1010/1518/506
f 1011/1519/507 1012/1520/507 1013/1521/507
f 1013/1522/508 1012/1523/508 1014/1524/508
f 1015/1525/509 1016/1526/509 1010/1527/509
f 1010/1528/510 1016/1529/510 1009/1530/510
f 1017/1531/511 1018/1532/511 1019/1533/511
f 1019/1534/512 1018/1535/512 1020/1536/512
f 1021/1537/513 1022/1538/513 1023/1539/513
f 1023/1540/514 1022/1541/514 1024/1542/514
f 1025/1543/515 1026/1544/515 1027/1545/515
f 1027/1546/516 1026/1547/516 1028/1548/516
o obj44
v 0.26497551632464167 0.5138026118146619 -0.28798867008010176
v 0.2652113459006885 0.4634053370778363 -0.2884565437222577
v 0.26375838013946734 0.5142632313623481 -0.3382180616498094
v 0.2639942100277418 0.4638659570011538 -0.3386859355611349
v 0.19152485235463423 0.4630562627010973 -0.2879971199316127
v 0.1912890224137077 0.5134535374349736 -0.2875292461556975
v 0.19030771616946024 0.4635168822487839 -0.33822651150131955
v 0.19007188659341312 0.5139141569856092 -0.3377586378591644
v 0.2639942100277418 0.4638659570011538 -0.3386859355611349
v 0.26375838013946734 0.5142632313623481 -0.3382180616498094
v 0.2652113459006885 0.4634053370778363 -0.2884565437222577
v 0.26497551632464167 0.5138026118146619 -0.28798867008010176
v 0.19152485235463423 0.4630562627010973 -0.2879971199316127
v 0.1912890224137077 0.5134535374349736 -0.2875292461556975
v 0.19152485235463423 0.4630562627010973 -0.2879971199316127
v 0.19030771616946024 0.4635168822487839 -0.33822651150131955
v 0.2652113459006885 0.4634053370778363 -0.2884565437222577
v 0.2639942100277418 0.4638659570011538 -0.3386859355611349
v 0.19007188659341312 0.5139141569856092 -0.3377586378591644
v 0.1912890224137077 0.5134535374349736 -0.2875292461556975
v 0.26375838013946734 0.5142632313623481 -0.3382180616498094
v 0.26497551632464167 0.5138026118146619 -0.28798867008010176
vt 0.29710711022923253 0.14067010595196783
vt 0.29710711022923253 0.12505101667245178
vt 0.28154154450009755 0.14067010595196783
vt 0.28154154450009755 0.14067010595196783
vt 0.29710711022923253 0.12505101667245178
vt 0.28154154450009755 0.12505101667245178
vt 0.547417423169908 0.12505101667245178
vt 0.547417423169908 0.14067010595196783
vt 0.5631431490608864 0.12505101667245178
vt 0.5631431490608864 0.12505101667245178
vt 0.547417423169908 0.14067010595196783
vt 0.5631431490608864 0.14067010595196783
vt 0.5631431490608864 0.12505101667245178
vt 0.5631431490608864 0.14067010595196783
vt 0.5787087147900215 0.12505101667245178
vt 0.5787087147900215 0.12505101667245178
vt 0.5631431490608864 0.14067010595196783
vt 0.5787087147900215 0.14067010595196783
vt 0.43798799259054855 0.12505101667245178
vt 0.43798799259054855 0.14067010595196783
vt 0.4535535583196836 0.12505101667245178
vt 0.4535535583196836 0.12505101667245178
vt 0.43798799259054855 0.14067010595196783
vt 0.4535535583196836 0.14067010595196783
vt 0.2502502528799843 0.14067010595196783
vt 0.2502502528799843 0.12505101667245178
vt 0.2658158186091194 0.14067010595196783
vt 0.2658158186091194 0.14067010595196783
vt 0.2502502528799843 0.12505101667245178
vt 0.2658158186091194 0.12505101667245178
vt 0.2658158186091194 0.12505101667245178
vt 0.2658158186091194 0.14067010595196783
vt 0.28154154450009755 0.12505101667245178
vt 0.28154154450009755 0.12505101667245178
vt 0.2658158186091194 0.14067010595196783
vt 0.28154154450009755 0.14067010595196783
vn 0.9996956192636496 0.004902459813602025 -0.02417922068314681
vn 0.9996956193883985 0.004902466113566068 -0.02417921424802058
vn -0.9996956192294828 -0.00490246711513765 0.024179220615355185
vn -0.9996956194410687 -0.0049024597464637784 0.024179213361328895
vn -0.006278295518523535 0.00925374997690403 -0.9999374736035984
vn -0.006278291870623048 0.009253755364436157 -0.9999374735766445
vn 0.006278291845494088 -0.009253749994319643 0.9999374736264992
vn 0.006278293642007675 -0.009253752594601624 0.9999374735911556
vn 0.004679155852662274 -0.9999459623264526 -0.009283206748286154
vn 0.004679160849015716 -0.9999459622332656 -0.009283214267571987
vn -0.0046791558526607996 0.9999459623264525 0.00928320674828145
vn -0.004679155852663748 0.9999459623264526 0.009283206748277234
usemtl m_9d225fcc-bc87-2d05-dc5b-a973fc833c2e
f 1029/1549/517 1030/1550/517 1031/1551/517
f 1031/1552/518 1030/1553/518 1032/1554/518
f 1033/1555/519 1034/1556/519 1035/1557/519
f 1035/1558/520 1034/1559/520 1036/1560/520
f 1035/1561/521 1036/1562/521 1037/1563/521
f 1037/1564/522 1036/1565/522 1038/1566/522
f 1039/1567/523 1040/1568/523 1041/1569/523
f 1041/1570/524 1040/1571/524 1042/1572/524
f 1043/1573/525 1044/1574/525 1045/1575/525
f 1045/1576/526 1044/1577/526 1046/1578/526
f 1047/1579/527 1048/1580/527 1049/1581/527
f 1049/1582/528 1048/1583/528 1050/1584/528
o obj45
v -0.1840542341488367 0.5116375921119227 -0.2811137151111196
v -0.18381840420791018 0.46124031737804655 -0.2815815888870348
v -0.1852713703602118 0.5120982116593973 -0.33134310667122147
v -0.1850355404192856 0.4617009369255209 -0.3318109804471374
v -0.25750489264863274 0.4608912428732634 -0.2811221650707312
v -0.257740722589559 0.5112885176071398 -0.28065429129481534
v -0.2587220287327664 0.46135186256599287 -0.3313515562805327
v -0.25895785830881335 0.5117491373028185 -0.33088368263837686
v -0.2587220287327664 0.46135186256599287 -0.3313515562805327
v -0.25895785830881335 0.5117491373028185 -0.33088368263837686
v -0.18381840420791018 0.46124031737804655 -0.2815815888870348
v -0.1840542341488367 0.5116375921119227 -0.2811137151111196
v -0.25750489264863274 0.4608912428732634 -0.2811221650707312
v -0.257740722589559 0.5112885176071398 -0.28065429129481534
v -0.25750489264863274 0.4608912428732634 -0.2811221650707312
v -0.2587220287327664 0.46135186256599287 -0.3313515562805327
v -0.18381840420791018 0.46124031737804655 -0.2815815888870348
v -0.1850355404192856 0.4617009369255209 -0.3318109804471374
v -0.25895785830881335 0.5117491373028185 -0.33088368263837686
v -0.257740722589559 0.5112885176071398 -0.28065429129481534
v -0.1852713703602118 0.5120982116593973 -0.33134310667122147
v -0.1840542341488367 0.5116375921119227 -0.2811137151111196
vt 0.547417423169908 0.14067010595196783
vt 0.547417423169908 0.12505101667245178
vt 0.5631431490608864 0.14067010595196783
vt 0.5631431490608864 0.14067010595196783
vt 0.547417423169908 0.12505101667245178
vt 0.5631431490608864 0.12505101667245178
vt 0.29710711022923253 0.12505101667245178
vt 0.29710711022923253 0.14067010595196783
vt 0.28154154450009755 0.12505101667245178
vt 0.28154154450009755 0.12505101667245178
vt 0.29710711022923253 0.14067010595196783
vt 0.28154154450009755 0.14067010595196783
vt 0.5787087147900215 0.12505101667245178
vt 0.5787087147900215 0.14067010595196783
vt 0.5631431490608864 0.12505101667245178
vt 0.5631431490608864 0.12505101667245178
vt 0.5787087147900215 0.14067010595196783
vt 0.5631431490608864 0.14067010595196783
vt 0.4535535583196836 0.12505101667245178
vt 0.4535535583196836 0.14067010595196783
vt 0.43798799259054855 0.12505101667245178
vt 0.43798799259054855 0.12505101667245178
vt 0.4535535583196836 0.14067010595196783
vt 0.43798799259054855 0.14067010595196783
vt 0.2658158186091194 0.14067010595196783
vt 0.2658158186091194 0.12505101667245178
vt 0.2502502528799843 0.14067010595196783
vt 0.2502502528799843 0.14067010595196783
vt 0.2658158186091194 0.12505101667245178
vt 0.2502502528799843 0.12505101667245178
vt 0.28154154450009755 0.12505101667245178
vt 0.28154154450009755 0.14067010595196783
vt 0.2658158186091194 0.12505101667245178
vt 0.2658158186091194 0.12505101667245178
vt 0.28154154450009755 0.14067010595196783
vt 0.2658158186091194 0.14067010595196783
vn 0.9996956192167428 0.004902467119959063 -0.024179221141116588
vn 0.9996956192167428 0.004902467119952866 -0.024179221141122923
vn -0.9996956192743265 -0.004902467098161579 0.024179218764725053
vn -0.9996956194859121 -0.004902459729489912 0.024179211510700894
vn -0.006278297390655927 0.009253749968048366 -0.999937473591926
vn -0.0062782956185449 0.009253752585253608 -0.9999374735788319
vn 0.006278292656912019 -0.009253752599268337 0.9999374735972975
vn 0.006278292656921116 -0.009253752599281505 0.9999374735972973
vn 0.004679157892375125 -0.9999459622891157 -0.009283209741926474
vn 0.004679155904003858 -0.9999459623262009 -0.009283206749517882
vn -0.00467915588552039 0.9999459622989573 0.009283209693387279
vn -0.004679157910855648 0.9999459623163592 0.0092832067980613
usemtl m_9d225fcc-bc87-2d05-dc5b-a973fc833c2e
f 1051/1585/529 1052/1586/529 1053/1587/529
f 1053/1588/530 1052/1589/530 1054/1590/530
f 1055/1591/531 1056/1592/531 1057/1593/531
f 1057/1594/532 1056/1595/532 1058/1596/532
f 1059/1597/533 1060/1598/533 1054/1599/533
f 1054/1600/534 1060/1601/534 1053/1602/534
f 1061/1603/535 1062/1604/535 1063/1605/535
f 1063/1606/536 1062/1607/536 1064/1608/536
f 1065/1609/537 1066/1610/537 1067/1611/537
f 1067/1612/538 1066/1613/538 1068/1614/538
f 1069/1615/539 1070/1616/539 1071/1617/539
f 1071/1618/540 1070/1619/540 1072/1620/540
o obj46
v 0.2665230629821231 0.5128742053557622 -0.1872048325765499
v 0.26675889250551793 0.4624769309916183 -0.18767270635411626
v 0.26530592693392824 0.5133348250236995 -0.23743422150537352
v 0.26554175645732314 0.46293755065955583 -0.23790209528293954
v 0.19307239865589088 0.46212785623931835 -0.18721328229747353
v 0.19283656920708547 0.5125251311213987 -0.1867454083050173
v 0.19185526297257535 0.46258847591020485 -0.23744267136005714
v 0.1916194330316491 0.5129857506440814 -0.23697479758414125
v 0.26554175645732314 0.46293755065955583 -0.23790209528293954
v 0.26530592693392824 0.5133348250236995 -0.23743422150537352
v 0.26675889250551793 0.4624769309916183 -0.18767270635411626
v 0.2665230629821231 0.5128742053557622 -0.1872048325765499
v 0.19307239865589088 0.46212785623931835 -0.18721328229747353
v 0.19283656920708547 0.5125251311213987 -0.1867454083050173
v 0.19307239865589088 0.46212785623931835 -0.18721328229747353
v 0.19185526297257535 0.46258847591020485 -0.23744267136005714
v 0.26675889250551793 0.4624769309916183 -0.18767270635411626
v 0.26554175645732314 0.46293755065955583 -0.23790209528293954
v 0.1916194330316491 0.5129857506440814 -0.23697479758414125
v 0.19283656920708547 0.5125251311213987 -0.1867454083050173
v 0.26530592693392824 0.5133348250236995 -0.23743422150537352
v 0.2665230629821231 0.5128742053557622 -0.1872048325765499
vt 0.29710711022923253 0.14067010595196783
vt 0.29710711022923253 0.12505101667245178
vt 0.28154154450009755 0.14067010595196783
vt 0.28154154450009755 0.14067010595196783
vt 0.29710711022923253 0.12505101667245178
vt 0.28154154450009755 0.12505101667245178
vt 0.547417423169908 0.12505101667245178
vt 0.547417423169908 0.14067010595196783
vt 0.5631431490608864 0.12505101667245178
vt 0.5631431490608864 0.12505101667245178
vt 0.547417423169908 0.14067010595196783
vt 0.5631431490608864 0.14067010595196783
vt 0.5631431490608864 0.12505101667245178
vt 0.5631431490608864 0.14067010595196783
vt 0.5787087147900215 0.12505101667245178
vt 0.5787087147900215 0.12505101667245178
vt 0.5631431490608864 0.14067010595196783
vt 0.5787087147900215 0.14067010595196783
vt 0.43798799259054855 0.12505101667245178
vt 0.43798799259054855 0.14067010595196783
vt 0.4535535583196836 0.12505101667245178
vt 0.4535535583196836 0.12505101667245178
vt 0.43798799259054855 0.14067010595196783
vt 0.4535535583196836 0.14067010595196783
vt 0.2502502528799843 0.14067010595196783
vt 0.2502502528799843 0.12505101667245178
vt 0.2658158186091194 0.14067010595196783
vt 0.2658158186091194 0.14067010595196783
vt 0.2502502528799843 0.12505101667245178
vt 0.2658158186091194 0.12505101667245178
vt 0.2658158186091194 0.12505101667245178
vt 0.2658158186091194 0.14067010595196783
vt 0.28154154450009755 0.12505101667245178
vt 0.28154154450009755 0.12505101667245178
vt 0.2658158186091194 0.14067010595196783
vt 0.28154154450009755 0.14067010595196783
vn 0.9996956193035801 0.004902458857060967 -0.024179219226159232
vn 0.9996956193035799 0.004902458857061918 -0.024179219226158247
vn -0.9996956194876749 -0.004902457363208224 0.024179211917594066
vn -0.9996956192074162 -0.0049024671234834845 0.02417922152601178
vn -0.006278293704087842 0.009253752594321842 -0.9999374735907682
vn -0.006278293600409104 0.009253752747443488 -0.9999374735900022
vn 0.0062782954891233795 -0.009253752738502668 0.9999374735782263
vn 0.0062782983658972395 -0.009253756902358324 0.9999374735216303
vn 0.004679160877450611 -0.9999459622751764 -0.0092832097387931
vn 0.004679160877453825 -0.9999459622751764 -0.009283209738797935
vn -0.004679155853133641 0.9999459623271495 0.009283206672964466
vn -0.004679153827801404 0.9999459623097475 0.00928320956828647
usemtl m_9d225fcc-bc87-2d05-dc5b-a973fc833c2e
f 1073/1621/541 1074/1622/541 1075/1623/541
f 1075/1624/542 1074/1625/542 1076/1626/542
f 1077/1627/543 1078/1628/543 1079/1629/543
f 1079/1630/544 1078/1631/544 1080/1632/544
f 1079/1633/545 1080/1634/545 1081/1635/545
f 1081/1636/546 1080/1637/546 1082/1638/546
f 1083/1639/547 1084/1640/547 1085/1641/547
f 1085/1642/548 1084/1643/548 1086/1644/548
f 1087/1645/549 1088/1646/549 1089/1647/549
f 1089/1648/550 1088/1649/550 1090/1650/550
f 1091/1651/551 1092/1652/551 1093/1653/551
f 1093/1654/552 1092/1655/552 1094/1656/552
o obj47
v -0.18250668736411346 0.5107091857982782 -0.18032987725726668
v -0.18227085778806662 0.46031191106145236 -0.18079775089942263
v -0.183723823565751 0.511169805320749 -0.2305592665267857
v -0.18348799398970417 0.46077253058392326 -0.2310271401689416
v -0.2559573462201344 0.4599628365567395 -0.18033832708629094
v -0.25619317579618156 0.5103601112935647 -0.17987045344413577
v -0.2571744820568927 0.46042345608215923 -0.2305677164895703
v -0.2574103118705775 0.5108207309612904 -0.23009984236335407
v -0.2571744820568927 0.46042345608215923 -0.2305677164895703
v -0.2574103118705775 0.5108207309612904 -0.23009984236335407
v -0.18227085778806662 0.46031191106145236 -0.18079775089942263
v -0.18250668736411346 0.5107091857982782 -0.18032987725726668
v -0.2559573462201344 0.4599628365567395 -0.18033832708629094
v -0.25619317579618156 0.5103601112935647 -0.17987045344413577
v -0.2559573462201344 0.4599628365567395 -0.18033832708629094
v -0.2571744820568927 0.46042345608215923 -0.2305677164895703
v -0.18227085778806662 0.46031191106145236 -0.18079775089942263
v -0.18348799398970417 0.46077253058392326 -0.2310271401689416
v -0.2574103118705775 0.5108207309612904 -0.23009984236335407
v -0.25619317579618156 0.5103601112935647 -0.17987045344413577
v -0.183723823565751 0.511169805320749 -0.2305592665267857
v -0.18250668736411346 0.5107091857982782 -0.18032987725726668
vt 0.547417423169908 0.14067010595196783
vt 0.547417423169908 0.12505101667245178
vt 0.5631431490608864 0.14067010595196783
vt 0.5631431490608864 0.14067010595196783
vt 0.547417423169908 0.12505101667245178
vt 0.5631431490608864 0.12505101667245178
vt 0.29710711022923253 0.12505101667245178
vt 0.29710711022923253 0.14067010595196783
vt 0.28154154450009755 0.12505101667245178
vt 0.28154154450009755 0.12505101667245178
vt 0.29710711022923253 0.14067010595196783
vt 0.28154154450009755 0.14067010595196783
vt 0.5787087147900215 0.12505101667245178
vt 0.5787087147900215 0.14067010595196783
vt 0.5631431490608864 0.12505101667245178
vt 0.5631431490608864 0.12505101667245178
vt 0.5787087147900215 0.14067010595196783
vt 0.5631431490608864 0.14067010595196783
vt 0.4535535583196836 0.12505101667245178
vt 0.4535535583196836 0.14067010595196783
vt 0.43798799259054855 0.12505101667245178
vt 0.43798799259054855 0.12505101667245178
vt 0.4535535583196836 0.14067010595196783
vt 0.43798799259054855 0.14067010595196783
vt 0.2658158186091194 0.14067010595196783
vt 0.2658158186091194 0.12505101667245178
vt 0.2502502528799843 0.14067010595196783
vt 0.2502502528799843 0.14067010595196783
vt 0.2658158186091194 0.12505101667245178
vt 0.2502502528799843 0.12505101667245178
vt 0.28154154450009755 0.12505101667245178
vt 0.28154154450009755 0.14067010595196783
vt 0.2658158186091194 0.12505101667245178
vt 0.2658158186091194 0.12505101667245178
vt 0.28154154450009755 0.14067010595196783
vt 0.2658158186091194 0.14067010595196783
vn 0.9996956192288431 0.004902459826774373 -0.024179222119560098
vn 0.9996956192288431 0.004902459826774357 -0.024179222119560115
vn -0.999695619406262 -0.004902459759637333 0.02417921479775128
vn -0.9996956192633492 -0.004902464736703538 0.024179219697380624
vn -0.006278290862747166 0.009253759546710974 -0.9999374735442685
vn -0.006278297348328061 0.009253749968249979 -0.9999374735921899
vn 0.006278292602392569 -0.009253749990733948 0.99993747362178
vn 0.006278292602381992 -0.009253749990718641 0.9999374736217802
vn 0.004679157911327163 -0.9999459623170563 -0.009283206722739315
vn 0.004679157911331854 -0.9999459623170563 -0.009283206722746374
vn -0.004679155885999278 0.9999459622996544 0.009283209618070628
vn -0.004679157911334743 0.9999459623170563 0.009283206722744224
usemtl m_9d225fcc-bc87-2d05-dc5b-a973fc833c2e
f 1095/1657/553 1096/1658/553 1097/1659/553
f 1097/1660/554 1096/1661/554 1098/1662/554
f 1099/1663/555 1100/1664/555 1101/1665/555
f 1101/1666/556 1100/1667/556 1102/1668/556
f 1103/1669/557 1104/1670/557 1098/1671/557
f 1098/1672/558 1104/1673/558 1097/1674/558
f 1105/1675/559 1106/1676/559 1107/1677/559
f 1107/1678/560 1106/1679/560 1108/1680/560
f 1109/1681/561 1110/1682/561 1111/1683/561
f 1111/1684/562 1110/1685/562 1112/1686/562
f 1113/1687/563 1114/1688/563 1115/1689/563
f 1115/1690/564 1114/1691/564 1116/1692/564
o obj48
v 0.2634279695311132 0.5147310181784008 -0.388772512519032
v 0.26366379941938745 0.4643337438172061 -0.3892403864303584
v 0.2622108337205562 0.5151916377040324 -0.439001901931916
v 0.26244666324395105 0.4647943633398887 -0.4394697757094823
v 0.18997730556976034 0.46398466906490593 -0.3887809623737155
v 0.18974147599371335 0.5143819438017314 -0.38831308873156
v 0.18876016952156546 0.46444528873284335 -0.4390103513025393
v 0.18852433994551857 0.514842563469669 -0.43854247766038335
v 0.26244666324395105 0.4647943633398887 -0.4394697757094823
v 0.2622108337205562 0.5151916377040324 -0.439001901931916
v 0.26366379941938745 0.4643337438172061 -0.3892403864303584
v 0.2634279695311132 0.5147310181784008 -0.388772512519032
v 0.18997730556976034 0.46398466906490593 -0.3887809623737155
v 0.18974147599371335 0.5143819438017314 -0.38831308873156
v 0.18997730556976034 0.46398466906490593 -0.3887809623737155
v 0.18876016952156546 0.46444528873284335 -0.4390103513025393
v 0.26366379941938745 0.4643337438172061 -0.3892403864303584
v 0.26244666324395105 0.4647943633398887 -0.4394697757094823
v 0.18852433994551857 0.514842563469669 -0.43854247766038335
v 0.18974147599371335 0.5143819438017314 -0.38831308873156
v 0.2622108337205562 0.5151916377040324 -0.439001901931916
v 0.2634279695311132 0.5147310181784008 -0.388772512519032
vt 0.29710711022923253 0.14067010595196783
vt 0.29710711022923253 0.12505101667245178
vt 0.28154154450009755 0.14067010595196783
vt 0.28154154450009755 0.14067010595196783
vt 0.29710711022923253 0.12505101667245178
vt 0.28154154450009755 0.12505101667245178
vt 0.547417423169908 0.12505101667245178
vt 0.547417423169908 0.14067010595196783
vt 0.5631431490608864 0.12505101667245178
vt 0.5631431490608864 0.12505101667245178
vt 0.547417423169908 0.14067010595196783
vt 0.5631431490608864 0.14067010595196783
vt 0.5631431490608864 0.12505101667245178
vt 0.5631431490608864 0.14067010595196783
vt 0.5787087147900215 0.12505101667245178
vt 0.5787087147900215 0.12505101667245178
vt 0.5631431490608864 0.14067010595196783
vt 0.5787087147900215 0.14067010595196783
vt 0.43798799259054855 0.12505101667245178
vt 0.43798799259054855 0.14067010595196783
vt 0.4535535583196836 0.12505101667245178
vt 0.4535535583196836 0.12505101667245178
vt 0.43798799259054855 0.14067010595196783
vt 0.4535535583196836 0.14067010595196783
vt 0.2502502528799843 0.14067010595196783
vt 0.2502502528799843 0.12505101667245178
vt 0.2658158186091194 0.14067010595196783
vt 0.2658158186091194 0.14067010595196783
vt 0.2502502528799843 0.12505101667245178
vt 0.2658158186091194 0.12505101667245178
vt 0.2658158186091194 0.12505101667245178
vt 0.2658158186091194 0.14067010595196783
vt 0.28154154450009755 0.12505101667245178
vt 0.28154154450009755 0.12505101667245178
vt 0.2658158186091194 0.14067010595196783
vt 0.28154154450009755 0.14067010595196783
vn 0.9996956193892483 0.004902466113240492 -0.02417921421295586
vn 0.9996956192459961 0.0049024588788532586 -0.024179221602553102
vn -0.999695619299167 -0.004902459800163248 0.024179219217404204
vn -0.999695619299167 -0.0049024598001617846 0.024179219217402768
vn -0.00627830022214139 0.009253749954636995 -0.9999374735742721
vn -0.006278298346350272 0.009253752724966088 -0.9999374735604118
vn 0.006278295501333089 -0.009253755347253962 0.9999374735540074
vn 0.006278291803166926 -0.009253749994511349 0.999937473626763
vn 0.0046791608774535845 -0.9999459622751764 -0.009283209738795635
vn 0.004679158889087065 -0.9999459623122613 -0.00928320674639382
vn -0.0046791538278013675 0.9999459623097475 0.009283209568290934
vn -0.004679155853139892 0.9999459623271496 0.009283206672959947
usemtl m_9d225fcc-bc87-2d05-dc5b-a973fc833c2e
f 1117/1693/565 1118/1694/565 1119/1695/565
f 1119/1696/566 1118/1697/566 1120/1698/566
f 1121/1699/567 1122/1700/567 1123/1701/567
f 1123/1702/568 1122/1703/568 1124/1704/568
f 1123/1705/569 1124/1706/569 1125/1707/569
f 1125/1708/570 1124/1709/570 1126/1710/570
f 1127/1711/571 1128/1712/571 1129/1713/571
f 1129/1714/572 1128/1715/572 1130/1716/572
f 1131/1717/573 1132/1718/573 1133/1719/573
f 1133/1720/574 1132/1721/574 1134/1722/574
f 1135/1723/575 1136/1724/575 1137/1725/575
f 1137/1726/576 1136/1727/576 1138/1728/576
o obj49
v -0.18560178057748572 0.5125659984786106 -0.38189755768380995
v -0.1853659510014386 0.46216872374178525 -0.382365431325965
v -0.18681891665188155 0.5130266181463365 -0.43212694660302775
v -0.1865830870758347 0.46262934340951084 -0.4325948202451837
v -0.25905243943350664 0.4618196492370719 -0.3819060075128342
v -0.2592882690095535 0.5122169239738976 -0.38143813387067815
v -0.26026957550790264 0.4622802689047975 -0.43213539643205234
v -0.2605054050839496 0.5126775436416233 -0.43166752278989695
v -0.26026957550790264 0.4622802689047975 -0.43213539643205234
v -0.2605054050839496 0.5126775436416233 -0.43166752278989695
v -0.1853659510014386 0.46216872374178525 -0.382365431325965
v -0.18560178057748572 0.5125659984786106 -0.38189755768380995
v -0.25905243943350664 0.4618196492370719 -0.3819060075128342
v -0.2592882690095535 0.5122169239738976 -0.38143813387067815
v -0.25905243943350664 0.4618196492370719 -0.3819060075128342
v -0.26026957550790264 0.4622802689047975 -0.43213539643205234
v -0.1853659510014386 0.46216872374178525 -0.382365431325965
v -0.1865830870758347 0.46262934340951084 -0.4325948202451837
v -0.2605054050839496 0.5126775436416233 -0.43166752278989695
v -0.2592882690095535 0.5122169239738976 -0.38143813387067815
v -0.18681891665188155 0.5130266181463365 -0.43212694660302775
v -0.18560178057748572 0.5125659984786106 -0.38189755768380995
vt 0.547417423169908 0.14067010595196783
vt 0.547417423169908 0.12505101667245178
vt 0.5631431490608864 0.14067010595196783
vt 0.5631431490608864 0.14067010595196783
vt 0.547417423169908 0.12505101667245178
vt 0.5631431490608864 0.12505101667245178
vt 0.29710711022923253 0.12505101667245178
vt 0.29710711022923253 0.14067010595196783
vt 0.28154154450009755 0.12505101667245178
vt 0.28154154450009755 0.12505101667245178
vt 0.29710711022923253 0.14067010595196783
vt 0.28154154450009755 0.14067010595196783
vt 0.5787087147900215 0.12505101667245178
vt 0.5787087147900215 0.14067010595196783
vt 0.5631431490608864 0.12505101667245178
vt 0.5631431490608864 0.12505101667245178
vt 0.5787087147900215 0.14067010595196783
vt 0.5631431490608864 0.14067010595196783
vt 0.4535535583196836 0.12505101667245178
vt 0.4535535583196836 0.14067010595196783
vt 0.43798799259054855 0.12505101667245178
vt 0.43798799259054855 0.12505101667245178
vt 0.4535535583196836 0.14067010595196783
vt 0.43798799259054855 0.14067010595196783
vt 0.2658158186091194 0.14067010595196783
vt 0.2658158186091194 0.12505101667245178
vt 0.2502502528799843 0.14067010595196783
vt 0.2502502528799843 0.14067010595196783
vt 0.2658158186091194 0.12505101667245178
vt 0.2502502528799843 0.12505101667245178
vt 0.28154154450009755 0.12505101667245178
vt 0.28154154450009755 0.14067010595196783
vt 0.2658158186091194 0.12505101667245178
vt 0.2658158186091194 0.12505101667245178
vt 0.28154154450009755 0.14067010595196783
vt 0.2658158186091194 0.14067010595196783
vn 0.9996956192864268 0.0049024598049871755 -0.024179219743163262
vn 0.9996956192864268 0.004902459804982113 -0.024179219743168445
vn -0.9996956192864268 -0.0049024598049821465 0.024179219743166495
vn -0.9996956192864268 -0.0049024598049840365 0.024179219743168362
vn -0.006278292602388039 0.009253749990722942 -0.99993747362178
vn -0.006278292602380536 0.009253749990734026 -0.99993747362178
vn 0.006278292602380466 -0.009253749990716431 0.9999374736217802
vn 0.0062782926023940986 -0.009253749990736165 0.9999374736217799
vn 0.004679157892849663 -0.9999459622898128 -0.009283209666607303
vn 0.004679157892849601 -0.9999459622898128 -0.00928320966660721
vn -0.004679157892848144 0.9999459622898129 0.009283209666609362
vn -0.004679157892844994 0.9999459622898129 0.009283209666613867
usemtl m_9d225fcc-bc87-2d05-dc5b-a973fc833c2e
f 1139/1729/577 1140/1730/577 1141/1731/577
f 1141/1732/578 1140/1733/578 1142/1734/578
f 1143/1735/579 1144/1736/579 1145/1737/579
f 1145/1738/580 1144/1739/580 1146/1740/580
f 1147/1741/581 1148/1742/581 1142/1743/581
f 1142/1744/582 1148/1745/582 1141/1746/582
f 1149/1747/583 1150/1748/583 1151/1749/583
f 1151/1750/584 1150/1751/584 1152/1752/584
f 1153/1753/585 1154/1754/585 1155/1755/585
f 1155/1756/586 1154/1757/586 1156/1758/586
f 1157/1759/587 1158/1760/587 1159/1761/587
f 1159/1762/588 1158/1763/588 1160/1764/588
o obj50
v 0.1689004824437306 0.26821434220148704 0.6000508121294768
v 0.16913631237855747 0.2178170674675613 0.5995829383557972
v 0.25983220531942014 0.27080809395376987 0.36649709203096337
v 0.26006803525424704 0.22041081921984423 0.36602921825728385
v 0.12271226876898941 0.2177737026526126 0.5808541494370386
v 0.12247643920514134 0.2681709773895368 0.581322023074722
v 0.21364399171926846 0.22036745492283222 0.347300429553415
v 0.21340816178444172 0.27076472965675796 0.34776830332709496
v 0.21364399171926846 0.22036745492283222 0.347300429553415
v 0.21340816178444172 0.27076472965675796 0.34776830332709496
v 0.26006803525424704 0.22041081921984423 0.36602921825728385
v 0.25983220531942014 0.27080809395376987 0.36649709203096337
v 0.16913631237855747 0.2178170674675613 0.5995829383557972
v 0.1689004824437306 0.26821434220148704 0.6000508121294768
v 0.12271226876898941 0.2177737026526126 0.5808541494370386
v 0.12247643920514134 0.2681709773895368 0.581322023074722
v 0.12271226876898941 0.2177737026526126 0.5808541494370386
v 0.21364399171926846 0.22036745492283222 0.347300429553415
v 0.16913631237855747 0.2178170674675613 0.5995829383557972
v 0.26006803525424704 0.22041081921984423 0.36602921825728385
v 0.21340816178444172 0.27076472965675796 0.34776830332709496
v 0.12247643920514134 0.2681709773895368 0.581322023074722
v 0.25983220531942014 0.27080809395376987 0.36649709203096337
v 0.1689004824437306 0.26821434220148704 0.6000508121294768
vt 0.9071571666899432 0.9375036440480323
vt 0.9071571666899432 0.9218745553515642
vt 0.8289089176194296 0.9375036440480323
vt 0.8289089176194296 0.9375036440480323
vt 0.9071571666899432 0.9218745553515642
vt 0.8289089176194296 0.9218745553515642
vt 0.8289089176194296 0.7500245756090813
vt 0.8289089176194296 0.7656636637225018
vt 0.9071571666899432 0.7500245756090813
vt 0.9071571666899432 0.7500245756090813
vt 0.8289089176194296 0.7656636637225018
vt 0.9071571666899432 0.7656636637225018
vt 0.6412512579897869 0.12507101550635658
vt 0.6412512579897869 0.14071010361977698
vt 0.6569369438403047 0.12507101550635658
vt 0.6569369438403047 0.12507101550635658
vt 0.6412512579897869 0.14071010361977698
vt 0.6569369438403047 0.14071010361977698
vt 0.5786987047799061 0.12507101550635658
vt 0.5786987047799061 0.14071010361977698
vt 0.5943843906304235 0.12507101550635658
vt 0.5943843906304235 0.12507101550635658
vt 0.5786987047799061 0.14071010361977698
vt 0.5943843906304235 0.14071010361977698
vt 0.09384384482999411 0.15633919231624516
vt 0.09384384482999411 0.07817375000000004
vt 0.10952953068051154 0.15633919231624516
vt 0.10952953068051154 0.15633919231624516
vt 0.09384384482999411 0.07817375000000004
vt 0.10952953068051154 0.07817375000000004
vt 0.7507707786601835 0.09381283811342034
vt 0.7507707786601835 0.1719682810127129
vt 0.7663563644095488 0.09381283811342034
vt 0.7663563644095488 0.09381283811342034
vt 0.7507707786601835 0.1719682810127129
vt 0.7663563644095488 0.1719682810127129
vn 0.9318585241321692 0.000992235084445985 0.36282048794376626
vn 0.9318585241321693 0.0009922350844464997 0.3628204879437663
vn -0.9318585239454816 -0.0009922291984837046 -0.36282048843934667
vn -0.9318585243469298 -0.0009922350905660893 -0.3628204873921644
vn 0.37410172630798044 0.010359641192175965 -0.927329809834537
vn 0.374101726307974 0.010359641192169047 -0.9273298098345395
vn -0.37410172938327824 -0.01035964119504147 0.9273298085938738
vn -0.3741017343157852 -0.010359635943399571 0.9273298066626793
vn 0.004679163878568065 -0.9999459622806358 -0.00928320763804487
vn 0.004679153430825973 -0.9999459623124104 -0.00928320948155671
vn -0.004679154206347267 0.9999459622909347 0.009283211403938377
vn -0.0046791631030449095 0.9999459623021115 0.009283205715663555
usemtl m_9d225fcc-bc87-2d05-dc5b-a973fc833c2e
f 1161/1765/589 1162/1766/589 1163/1767/589
f 1163/1768/590 1162/1769/590 1164/1770/590
f 1165/1771/591 1166/1772/591 1167/1773/591
f 1167/1774/592 1166/1775/592 1168/1776/592
f 1169/1777/593 1170/1778/593 1171/1779/593
f 1171/1780/594 1170/1781/594 1172/1782/594
f 1173/1783/595 1174/1784/595 1175/1785/595
f 1175/1786/596 1174/1787/596 1176/1788/596
f 1177/1789/597 1178/1790/597 1179/1791/597
f 1179/1792/598 1178/1793/598 1180/1794/598
f 1181/1795/599 1182/1796/599 1183/1797/599
f 1183/1798/600 1182/1799/600 1184/1800/600
o obj51
v -0.08675716948956497 0.2671545021048101 0.5853490054295376
v -0.08652133954477095 0.21675722737096498 0.5848811316522042
v -0.18623682821578208 0.26883811990680534 0.3538549260539969
v -0.1860009986319997 0.21844084517004242 0.3533870524090057
v -0.13095395863985215 0.2163698869022606 0.604207666847166
v -0.1311897885846462 0.26676716163610575 0.6046755406244994
v -0.23043361790697453 0.2180535049287648 0.3727135871182563
v -0.2306694474907568 0.26845077966552783 0.3731814607632475
v -0.23043361790697453 0.2180535049287648 0.3727135871182563
v -0.2306694474907568 0.26845077966552783 0.3731814607632475
v -0.1860009986319997 0.21844084517004242 0.3533870524090057
v -0.18623682821578208 0.26883811990680534 0.3538549260539969
v -0.08652133954477095 0.21675722737096498 0.5848811316522042
v -0.08675716948956497 0.2671545021048101 0.5853490054295376
v -0.13095395863985215 0.2163698869022606 0.604207666847166
v -0.1311897885846462 0.26676716163610575 0.6046755406244994
v -0.13095395863985215 0.2163698869022606 0.604207666847166
v -0.23043361790697453 0.2180535049287648 0.3727135871182563
v -0.08652133954477095 0.21675722737096498 0.5848811316522042
v -0.1860009986319997 0.21844084517004242 0.3533870524090057
v -0.2306694474907568 0.26845077966552783 0.3731814607632475
v -0.1311897885846462 0.26676716163610575 0.6046755406244994
v -0.18623682821578208 0.26883811990680534 0.3538549260539969
v -0.08675716948956497 0.2671545021048101 0.5853490054295376
vt 0.8289089176194296 0.7656636637225018
vt 0.8289089176194296 0.7500245756090813
vt 0.9071571666899432 0.7656636637225018
vt 0.9071571666899432 0.7656636637225018
vt 0.8289089176194296 0.7500245756090813
vt 0.9071571666899432 0.7500245756090813
vt 0.9071571666899432 0.9218745553515642
vt 0.9071571666899432 0.9375036440480323
vt 0.8289089176194296 0.9218745553515642
vt 0.8289089176194296 0.9218745553515642
vt 0.9071571666899432 0.9375036440480323
vt 0.8289089176194296 0.9375036440480323
vt 0.6569369438403047 0.12507101550635658
vt 0.6569369438403047 0.14071010361977698
vt 0.6412512579897869 0.12507101550635658
vt 0.6412512579897869 0.12507101550635658
vt 0.6569369438403047 0.14071010361977698
vt 0.6412512579897869 0.14071010361977698
vt 0.5943843906304235 0.12507101550635658
vt 0.5943843906304235 0.14071010361977698
vt 0.5786987047799061 0.12507101550635658
vt 0.5786987047799061 0.12507101550635658
vt 0.5943843906304235 0.14071010361977698
vt 0.5786987047799061 0.14071010361977698
vt 0.10952953068051154 0.15633919231624516
vt 0.10952953068051154 0.07817375000000004
vt 0.09384384482999411 0.15633919231624516
vt 0.09384384482999411 0.15633919231624516
vt 0.10952953068051154 0.07817375000000004
vt 0.09384384482999411 0.07817375000000004
vt 0.7663563644095488 0.09381283811342034
vt 0.7663563644095488 0.1719682810127129
vt 0.7507707786601835 0.09381283811342034
vt 0.7507707786601835 0.09381283811342034
vt 0.7663563644095488 0.1719682810127129
vt 0.7507707786601835 0.1719682810127129
vn 0.9187514790145351 0.007964023656832067 -0.3947559931600759
vn 0.918751478448579 0.0079640160494472 -0.3947559946307523
vn -0.918751478457231 -0.007964023666264522 0.39475599445695014
vn -0.9187514790944789 -0.007964016038513799 0.3947559931277118
vn -0.3989049539043319 0.006646225672100324 -0.9169681921609378
vn -0.3989049539043328 0.006646225672099452 -0.9169681921609374
vn 0.3989049637173494 -0.006646225137426465 0.916968187895896
vn 0.3989049637173492 -0.006646225137426247 0.916968187895896
vn 0.004679158250858528 -0.9999459622866381 -0.009283209828107904
vn 0.004679154362623056 -0.9999459623293151 -0.00928320719099625
vn -0.004679154008392338 0.9999459623234132 0.009283208005265454
vn -0.0046791586050875245 0.9999459622925402 0.009283209013836963
usemtl m_9d225fcc-bc87-2d05-dc5b-a973fc833c2e
f 1185/1801/601 1186/1802/601 1187/1803/601
f 1187/1804/602 1186/1805/602 1188/1806/602
f 1189/1807/603 1190/1808/603 1191/1809/603
f 1191/1810/604 1190/1811/604 1192/1812/604
f 1193/1813/605 1194/1814/605 1195/1815/605
f 1195/1816/606 1194/1817/606 1196/1818/606
f 1197/1819/607 1198/1820/607 1199/1821/607
f 1199/1822/608 1198/1823/608 1200/1824/608
f 1201/1825/609 1202/1826/609 1203/1827/609
f 1203/1828/610 1202/1829/610 1204/1830/610
f 1205/1831/611 1206/1832/611 1207/1833/611
f 1207/1834/612 1206/1835/612 1208/1836/612
o obj52
v 0.24774666901807962 0.38474205110800824 -0.09191214505288348
v 0.24842469863379119 0.342679011678004 -0.07502444962783805
v 0.24666438615918737 0.36776627689276736 -0.13378307036312043
v 0.2473424156476574 0.32570323731750833 -0.11689537528837535
v 0.2046821834910719 0.34247336067087847 -0.07492084654344483
v 0.20400415387536025 0.3845364001008826 -0.0918085419684907
v 0.20359990063217961 0.3254975864556376 -0.11679177185368178
v 0.20292187101646803 0.3675606258856418 -0.13367946727872726
v 0.2473424156476574 0.32570323731750833 -0.11689537528837535
v 0.24666438615918737 0.36776627689276736 -0.13378307036312043
v 0.24842469863379119 0.342679011678004 -0.07502444962783805
v 0.24774666901807962 0.38474205110800824 -0.09191214505288348
v 0.2046821834910719 0.34247336067087847 -0.07492084654344483
v 0.20359990063217961 0.3254975864556376 -0.11679177185368178
v 0.24842469863379119 0.342679011678004 -0.07502444962783805
v 0.2473424156476574 0.32570323731750833 -0.11689537528837535
v 0.20292187101646803 0.3675606258856418 -0.13367946727872726
v 0.20400415387536025 0.3845364001008826 -0.0918085419684907
v 0.24666438615918737 0.36776627689276736 -0.13378307036312043
v 0.24774666901807962 0.38474205110800824 -0.09191214505288348
vt 0.7194394469996093 0.14067010595196783
vt 0.7194394469996093 0.12505101667245178
vt 0.7038038111996681 0.14067010595196783
vt 0.7038038111996681 0.14067010595196783
vt 0.7194394469996093 0.12505101667245178
vt 0.7038038111996681 0.12505101667245178
vt 0.7976876960701227 0.12505101667245178
vt 0.7976876960701227 0.14067010595196783
vt 0.8133233318700642 0.12505101667245178
vt 0.8133233318700642 0.12505101667245178
vt 0.7976876960701227 0.14067010595196783
vt 0.8133233318700642 0.14067010595196783
vt 0.8133233318700642 0.12505101667245178
vt 0.8133233318700642 0.14067010595196783
vt 0.8289489576598905 0.12505101667245178
vt 0.8289489576598905 0.12505101667245178
vt 0.8133233318700642 0.14067010595196783
vt 0.8289489576598905 0.14067010595196783
vt 0.7820520602701814 0.12505101667245178
vt 0.7820520602701814 0.14067010595196783
vt 0.7976876960701227 0.12505101667245178
vt 0.7976876960701227 0.12505101667245178
vt 0.7820520602701814 0.14067010595196783
vt 0.7976876960701227 0.14067010595196783
vt 0.6569069138099591 0.14067010595196783
vt 0.6569069138099591 0.12505101667245178
vt 0.6725425496099002 0.14067010595196783
vt 0.6725425496099002 0.14067010595196783
vt 0.6569069138099591 0.12505101667245178
vt 0.6725425496099002 0.12505101667245178
vt 0.6725425496099002 0.12505101667245178
vt 0.6725425496099002 0.14067010595196783
vt 0.6881681753997267 0.12505101667245178
vt 0.6881681753997267 0.12505101667245178
vt 0.6725425496099002 0.14067010595196783
vt 0.6881681753997267 0.14067010595196783
vn 0.9996002345662325 0.004935993491181679 -0.027838947957639748
vn 0.9996002345426805 0.004935990100928131 -0.027838949404418625
vn -0.9996002345662325 -0.00493599349118291 0.02783894795764091
vn -0.9996002345662325 -0.004935993491182358 0.027838947957639606
vn -0.00044627956287050086 -0.3725848360546856 -0.9279980284336035
vn -0.00044627093727771705 -0.3725848281716659 -0.9279980316027295
vn 0.0004462708933936658 0.3725848359357788 0.9279980284855127
vn 0.0004462708933832492 0.37258483593578795 0.9279980284855093
vn 0.005246702617086643 -0.926765444080328 0.3756038921127419
vn 0.005246702562807857 -0.9267654440603562 0.3756038921627785
vn -0.005246702617086161 0.9267654440803277 -0.37560389211274287
vn -0.0052467026170852004 0.926765444080328 -0.37560389211274203
usemtl m_9d225fcc-bc87-2d05-dc5b-a973fc833c2e
f 1209/1837/613 1210/1838/613 1211/1839/613
f 1211/1840/614 1210/1841/614 1212/1842/614
f 1213/1843/615 1214/1844/615 1215/1845/615
f 1215/1846/616 1214/1847/616 1216/1848/616
f 1215/1849/617 1216/1850/617 1217/1851/617
f 1217/1852/618 1216/1853/618 1218/1854/618
f 1219/1855/619 1220/1856/619 1213/1857/619
f 1213/1858/620 1220/1859/620 1214/1860/620
f 1221/1861/621 1222/1862/621 1223/1863/621
f 1223/1864/622 1222/1865/622 1224/1866/622
f 1225/1867/623 1226/1868/623 1227/1869/623
f 1227/1870/624 1226/1871/624 1228/1872/624
o obj53
v -0.18966936311795984 0.38263302713265795 -0.08521500381821778
v -0.18899133354799158 0.34056998807539146 -0.06832730853111546
v -0.19075164581292958 0.36565725314762315 -0.12708592974020405
v -0.19007361619030927 0.32359421371767466 -0.11019823431769121
v -0.2327338461689213 0.34036433700399443 -0.06822370542257322
v -0.23341187579154188 0.3824273764339425 -0.08511140084508673
v -0.23381612922438655 0.3233885630160456 -0.11009463121240692
v -0.23449415879435498 0.3654516020733121 -0.12698232649950963
v -0.23381612922438655 0.3233885630160456 -0.11009463121240692
v -0.23449415879435498 0.3654516020733121 -0.12698232649950963
v -0.2327338461689213 0.34036433700399443 -0.06822370542257322
v -0.23341187579154188 0.3824273764339425 -0.08511140084508673
v -0.2327338461689213 0.34036433700399443 -0.06822370542257322
v -0.23381612922438655 0.3233885630160456 -0.11009463121240692
v -0.18899133354799158 0.34056998807539146 -0.06832730853111546
v -0.19007361619030927 0.32359421371767466 -0.11019823431769121
v -0.23449415879435498 0.3654516020733121 -0.12698232649950963
v -0.23341187579154188 0.3824273764339425 -0.08511140084508673
v -0.19075164581292958 0.36565725314762315 -0.12708592974020405
v -0.18966936311795984 0.38263302713265795 -0.08521500381821778
vt 0.7976876960701227 0.14067010595196783
vt 0.7976876960701227 0.12505101667245178
vt 0.8133233318700642 0.14067010595196783
vt 0.8133233318700642 0.14067010595196783
vt 0.7976876960701227 0.12505101667245178
vt 0.8133233318700642 0.12505101667245178
vt 0.7194394469996093 0.12505101667245178
vt 0.7194394469996093 0.14067010595196783
vt 0.7038038111996681 0.12505101667245178
vt 0.7038038111996681 0.12505101667245178
vt 0.7194394469996093 0.14067010595196783
vt 0.7038038111996681 0.14067010595196783
vt 0.8289489576598905 0.12505101667245178
vt 0.8289489576598905 0.14067010595196783
vt 0.8133233318700642 0.12505101667245178
vt 0.8133233318700642 0.12505101667245178
vt 0.8289489576598905 0.14067010595196783
vt 0.8133233318700642 0.14067010595196783
vt 0.7976876960701227 0.12505101667245178
vt 0.7976876960701227 0.14067010595196783
vt 0.7820520602701814 0.12505101667245178
vt 0.7820520602701814 0.12505101667245178
vt 0.7976876960701227 0.14067010595196783
vt 0.7820520602701814 0.14067010595196783
vt 0.6725425496099002 0.14067010595196783
vt 0.6725425496099002 0.12505101667245178
vt 0.6569069138099591 0.14067010595196783
vt 0.6569069138099591 0.14067010595196783
vt 0.6725425496099002 0.12505101667245178
vt 0.6569069138099591 0.12505101667245178
vt 0.6881681753997267 0.12505101667245178
vt 0.6881681753997267 0.14067010595196783
vt 0.6725425496099002 0.12505101667245178
vt 0.6725425496099002 0.12505101667245178
vt 0.6881681753997267 0.14067010595196783
vt 0.6725425496099002 0.14067010595196783
vn 0.999600234676143 0.00493599417400409 -0.027838943890059673
vn 0.9996002346855161 0.004935995523204912 -0.027838943314292944
vn -0.9996002344672871 -0.004935992132335216 0.02783895175135778
vn -0.9996002345078406 -0.004935991558895144 0.027838950396896135
vn -0.00044627395873689696 -0.37258483619986693 -0.927998028378009
vn -0.0004462736591627791 -0.3725848359260831 -0.9279980284880756
vn 0.00044627088274501556 0.37258483615767096 0.9279980283964298
vn 0.0004462711853411927 0.3725848358921695 0.9279980285028812
vn 0.00524670448484037 -0.9267654473453649 0.37560388403049616
vn 0.005246696576682782 -0.9267654444355764 0.37560389132057886
vn -0.00524670564181314 0.9267654440536859 -0.37560389213622775
vn -0.005246695419710215 0.9267654477272581 -0.37560388321484106
usemtl m_9d225fcc-bc87-2d05-dc5b-a973fc833c2e
f 1229/1873/625 1230/1874/625 1231/1875/625
f 1231/1876/626 1230/1877/626 1232/1878/626
f 1233/1879/627 1234/1880/627 1235/1881/627
f 1235/1882/628 1234/1883/628 1236/1884/628
f 1237/1885/629 1238/1886/629 1232/1887/629
f 1232/1888/630 1238/1889/630 1231/1890/630
f 1230/1891/631 1229/1892/631 1239/1893/631
f 1239/1894/632 1229/1895/632 1240/1896/632
f 1241/1897/633 1242/1898/633 1243/1899/633
f 1243/1900/634 1242/1901/634 1244/1902/634
f 1245/1903/635 1246/1904/635 1247/1905/635
f 1247/1906/636 1246/1907/636 1248/1908/636
o obj54
v 0.2632281975546557 0.36566548375776725 -0.07127240365388049
v 0.2646175022971706 0.27686532844747386 -0.03560514532052339
v 0.26219405026761144 0.3486900986085861 -0.1131609748347378
v 0.26358335488288487 0.2598899431530381 -0.0774937168516811
v 0.2207258337190157 0.2766584719604442 -0.03544686548748771
v 0.21933652915639426 0.3654586270433103 -0.071114123335134
v 0.2196916864319716 0.25968308681126323 -0.07733543666834458
v 0.2183023816894566 0.3484832421215564 -0.11300269500170207
v 0.2196916864319716 0.25968308681126323 -0.07733543666834458
v 0.2183023816894566 0.3484832421215564 -0.11300269500170207
v 0.26358335488288487 0.2598899431530381 -0.0774937168516811
v 0.26219405026761144 0.3486900986085861 -0.1131609748347378
v 0.2646175022971706 0.27686532844747386 -0.03560514532052339
v 0.2632281975546557 0.36566548375776725 -0.07127240365388049
v 0.2207258337190157 0.2766584719604442 -0.03544686548748771
v 0.21933652915639426 0.3654586270433103 -0.071114123335134
v 0.2207258337190157 0.2766584719604442 -0.03544686548748771
v 0.2196916864319716 0.25968308681126323 -0.07733543666834458
v 0.2646175022971706 0.27686532844747386 -0.03560514532052339
v 0.26358335488288487 0.2598899431530381 -0.0774937168516811
v 0.2183023816894566 0.3484832421215564 -0.11300269500170207
v 0.21933652915639426 0.3654586270433103 -0.071114123335134
v 0.26219405026761144 0.3486900986085861 -0.1131609748347378
v 0.2632281975546557 0.36566548375776725 -0.07127240365388049
vt 0.8602602693002341 0.46882097207608375
vt 0.8602602693002341 0.4375127975983859
vt 0.8445745834497167 0.46882097207608375
vt 0.8445745834497167 0.46882097207608375
vt 0.8602602693002341 0.4375127975983859
vt 0.8445745834497167 0.4375127975983859
vt 0.8445745834497167 0.8594181970674057
vt 0.8445745834497167 0.8906363767925326
vt 0.8602602693002341 0.8594181970674057
vt 0.8602602693002341 0.8594181970674057
vt 0.8445745834497167 0.8906363767925326
vt 0.8602602693002341 0.8906363767925326
vt 0.29717718030003887 0.35936735411604526
vt 0.29717718030003887 0.39068552801069567
vt 0.31278278606963483 0.35936735411604526
vt 0.31278278606963483 0.35936735411604526
vt 0.29717718030003887 0.39068552801069567
vt 0.31278278606963483 0.39068552801069567
vt 0.8445745834497167 0.7968818434476287
vt 0.8445745834497167 0.8281000231727557
vt 0.8602602693002341 0.7968818434476287
vt 0.8602602693002341 0.7968818434476287
vt 0.8445745834497167 0.8281000231727557
vt 0.8602602693002341 0.8281000231727557
vt 0.8445745834497167 0.14066010653501526
vt 0.8445745834497167 0.12505101667245178
vt 0.8602602693002341 0.14066010653501526
vt 0.8602602693002341 0.14066010653501526
vt 0.8445745834497167 0.12505101667245178
vt 0.8602602693002341 0.12505101667245178
vt 0.8602602693002341 0.8750272869299692
vt 0.8602602693002341 0.8906363767925326
vt 0.8758758850799451 0.8750272869299692
vt 0.8758758850799451 0.8750272869299692
vt 0.8602602693002341 0.8906363767925326
vt 0.8758758850799451 0.8906363767925326
vn 0.9996320259175412 0.004925335997410912 -0.026674966266239997
vn 0.9996320258755069 0.004925333871169978 -0.02667496823404692
vn -0.9996320259427914 -0.004925334392269393 0.02667496561637446
vn -0.9996320258335286 -0.004925334630146303 0.026674969667024647
vn -0.0015896125438093465 -0.37273725323620005 -0.9279355652101571
vn -0.0015896039231888533 -0.37273724944621167 -0.927935566747304
vn 0.0015896039005219614 0.37273725312487627 0.9279355652696805
vn 0.0015896122654950368 0.372737249681425 0.9279355666385315
vn 0.005721957793996208 -0.9268230787549749 0.3754547108322832
vn 0.005721957739964464 -0.9268230787350652 0.3754547108822549
vn -0.0057219577802808405 0.9268230820293983 -0.3754547027494633
vn -0.005721966774049744 0.9268230787844978 -0.37545471062254826
usemtl m_9d225fcc-bc87-2d05-dc5b-a973fc833c2e
f 1249/1909/637 1250/1910/637 1251/1911/637
f 1251/1912/638 1250/1913/638 1252/1914/638
f 1253/1915/639 1254/1916/639 1255/1917/639
f 1255/1918/640 1254/1919/640 1256/1920/640
f 1257/1921/641 1258/1922/641 1259/1923/641
f 1259/1924/642 1258/1925/642 1260/1926/642
f 1261/1927/643 1262/1928/643 1263/1929/643
f 1263/1930/644 1262/1931/644 1264/1932/644
f 1265/1933/645 1266/1934/645 1267/1935/645
f 1267/1936/646 1266/1937/646 1268/1938/646
f 1269/1939/647 1270/1940/647 1271/1941/647
f 1271/1942/648 1270/1943/648 1272/1944/648
o obj55
v -0.20442394116207196 0.36341067517727194 -0.06411232666262123
v -0.2030346365203754 0.27461051972193756 -0.028445068689250896
v -0.20545808847933295 0.34643529002784695 -0.10600089783240108
v -0.20406878389028849 0.25763513494519424 -0.07033363999444148
v -0.2469263004625088 0.2744036634761778 -0.028286788813225106
v -0.24831560468966463 0.3632038185617555 -0.0639540467838483
v -0.24796044741788098 0.2574282783296778 -0.07017536011566816
v -0.24934975205957766 0.34622843378501217 -0.10584261808903889
v -0.24796044741788098 0.2574282783296778 -0.07017536011566816
v -0.24934975205957766 0.34622843378501217 -0.10584261808903889
v -0.20406878389028849 0.25763513494519424 -0.07033363999444148
v -0.20545808847933295 0.34643529002784695 -0.10600089783240108
v -0.2030346365203754 0.27461051972193756 -0.028445068689250896
v -0.20442394116207196 0.36341067517727194 -0.06411232666262123
v -0.2469263004625088 0.2744036634761778 -0.028286788813225106
v -0.24831560468966463 0.3632038185617555 -0.0639540467838483
v -0.2469263004625088 0.2744036634761778 -0.028286788813225106
v -0.24796044741788098 0.2574282783296778 -0.07017536011566816
v -0.2030346365203754 0.27461051972193756 -0.028445068689250896
v -0.20406878389028849 0.25763513494519424 -0.07033363999444148
v -0.24934975205957766 0.34622843378501217 -0.10584261808903889
v -0.24831560468966463 0.3632038185617555 -0.0639540467838483
v -0.20545808847933295 0.34643529002784695 -0.10600089783240108
v -0.20442394116207196 0.36341067517727194 -0.06411232666262123
vt 0.8445745834497167 0.8906363767925326
vt 0.8445745834497167 0.8594181970674057
vt 0.8602602693002341 0.8906363767925326
vt 0.8602602693002341 0.8906363767925326
vt 0.8445745834497167 0.8594181970674057
vt 0.8602602693002341 0.8594181970674057
vt 0.8602602693002341 0.4375127975983859
vt 0.8602602693002341 0.46882097207608375
vt 0.8445745834497167 0.4375127975983859
vt 0.8445745834497167 0.4375127975983859
vt 0.8602602693002341 0.46882097207608375
vt 0.8445745834497167 0.46882097207608375
vt 0.31278278606963483 0.35936735411604526
vt 0.31278278606963483 0.39068552801069567
vt 0.29717718030003887 0.35936735411604526
vt 0.29717718030003887 0.35936735411604526
vt 0.31278278606963483 0.39068552801069567
vt 0.29717718030003887 0.39068552801069567
vt 0.8602602693002341 0.7968818434476287
vt 0.8602602693002341 0.8281000231727557
vt 0.8445745834497167 0.7968818434476287
vt 0.8445745834497167 0.7968818434476287
vt 0.8602602693002341 0.8281000231727557
vt 0.8445745834497167 0.8281000231727557
vt 0.8602602693002341 0.14066010653501526
vt 0.8602602693002341 0.12505101667245178
vt 0.8445745834497167 0.14066010653501526
vt 0.8445745834497167 0.14066010653501526
vt 0.8602602693002341 0.12505101667245178
vt 0.8445745834497167 0.12505101667245178
vt 0.8758758850799451 0.8750272869299692
vt 0.8758758850799451 0.8906363767925326
vt 0.8602602693002341 0.8750272869299692
vt 0.8602602693002341 0.8750272869299692
vt 0.8758758850799451 0.8906363767925326
vt 0.8602602693002341 0.8906363767925326
vn 0.9996320259160796 0.004925334855901456 -0.026674966531782997
vn 0.9996320258993515 0.004925334009731745 -0.02667496731490152
vn -0.9996320261640789 -0.0049253338746874575 0.026674957419301232
vn -0.9996320258921634 -0.004925334466676792 0.026674967499900157
vn -0.0015896039824515715 -0.3727372493610001 -0.9279355667814305
vn -0.001589604281828793 -0.37273724949261894 -0.9279355667280486
vn 0.0015896070491407453 0.37273724940049335 0.9279355667603134
vn 0.0015896039744014705 0.3727372506662135 0.9279355662571606
vn 0.005721953670098637 -0.9268230791255135 0.3754547099804441
vn 0.005721961542896485 -0.9268230820265091 0.3754547026992532
vn -0.00572195250872688 0.9268230819968081 -0.37545470291025296
vn -0.005721961556691684 0.9268230787323543 -0.37545471083077964
usemtl m_9d225fcc-bc87-2d05-dc5b-a973fc833c2e
f 1273/1945/649 1274/1946/649 1275/1947/649
f 1275/1948/650 1274/1949/650 1276/1950/650
f 1277/1951/651 1278/1952/651 1279/1953/651
f 1279/1954/652 1278/1955/652 1280/1956/652
f 1281/1957/653 1282/1958/653 1283/1959/653
f 1283/1960/654 1282/1961/654 1284/1962/654
f 1285/1963/655 1286/1964/655 1287/1965/655
f 1287/1966/656 1286/1967/656 1288/1968/656
f 1289/1969/657 1290/1970/657 1291/1971/657
f 1291/1972/658 1290/1973/658 1292/1974/658
f 1293/1975/659 1294/1976/659 1295/1977/659
f 1295/1978/660 1294/1979/660 1296/1980/660
o obj56
v 0.27437771883890316 0.30234068730898017 0.2349475603536819
v 0.27458996586175644 0.256983108890869 0.23452647360173573
v 0.26823207965658674 0.30506671094591725 -0.06178527233755504
v 0.26844432667944007 0.25970913252780586 -0.06220635908950123
v 0.22496325302212614 0.2567463315217757 0.2350169323405754
v 0.22475100644296564 0.30210391046080737 0.23543801917210394
v 0.21881761433615454 0.25947235530695106 -0.061715900135668744
v 0.21860536726064922 0.30482993409774434 -0.06129481351913302
v 0.21881761433615454 0.25947235530695106 -0.061715900135668744
v 0.21860536726064922 0.30482993409774434 -0.06129481351913302
v 0.26844432667944007 0.25970913252780586 -0.06220635908950123
v 0.26823207965658674 0.30506671094591725 -0.06178527233755504
v 0.27458996586175644 0.256983108890869 0.23452647360173573
v 0.27437771883890316 0.30234068730898017 0.2349475603536819
v 0.22496325302212614 0.2567463315217757 0.2350169323405754
v 0.22475100644296564 0.30210391046080737 0.23543801917210394
v 0.22496325302212614 0.2567463315217757 0.2350169323405754
v 0.21881761433615454 0.25947235530695106 -0.061715900135668744
v 0.27458996586175644 0.256983108890869 0.23452647360173573
v 0.26844432667944007 0.25970913252780586 -0.06220635908950123
v 0.21860536726064922 0.30482993409774434 -0.06129481351913302
v 0.22475100644296564 0.30210391046080737 0.23543801917210394
v 0.26823207965658674 0.30506671094591725 -0.06178527233755504
v 0.27437771883890316 0.30234068730898017 0.2349475603536819
vt 0.9071571666899432 0.6249818666203844
vt 0.9071571666899432 0.6093727767578209
vt 0.8133233318700642 0.6249818666203844
vt 0.8133233318700642 0.6249818666203844
vt 0.9071571666899432 0.6093727767578209
vt 0.8133233318700642 0.6093727767578209
vt 0.8133233318700642 0.578154597032694
vt 0.8133233318700642 0.5937636868952576
vt 0.9071571666899432 0.578154597032694
vt 0.9071571666899432 0.578154597032694
vt 0.8133233318700642 0.5937636868952576
vt 0.9071571666899432 0.5937636868952576
vt 0.8602402492800038 0.42188370890191784
vt 0.8602402492800038 0.4374927987644811
vt 0.8759059151102907 0.42188370890191784
vt 0.8759059151102907 0.42188370890191784
vt 0.8602402492800038 0.4374927987644811
vt 0.8759059151102907 0.4374927987644811
vt 0.8602402492800038 0.859398198233501
vt 0.8602402492800038 0.8750072880960645
vt 0.8759059151102907 0.859398198233501
vt 0.8759059151102907 0.859398198233501
vt 0.8602402492800038 0.8750072880960645
vt 0.8759059151102907 0.8750072880960645
vt 0.06256256321999608 0.21878555118345122
vt 0.06256256321999608 0.1250310178385473
vt 0.0782382390603983 0.21878555118345122
vt 0.0782382390603983 0.21878555118345122
vt 0.06256256321999608 0.1250310178385473
vt 0.0782382390603983 0.1250310178385473
vt 0.5943143205596171 0.10943192739293606
vt 0.5943143205596171 0.20317646132088785
vt 0.609979986389904 0.10943192739293606
vt 0.609979986389904 0.10943192739293606
vt 0.5943143205596171 0.20317646132088785
vt 0.609979986389904 0.20317646132088785
vn 0.9997746642217782 0.004870179009646795 -0.020661610214235144
vn 0.9997746642217782 0.004870179009648007 -0.02066161021423495
vn -0.9997746643019876 -0.004870169195880055 0.020661608646268002
vn -0.9997746642168238 -0.004870180068393089 0.020661610204406055
vn -0.009926122783761822 0.009236408320067288 -0.9999080761989209
vn -0.009926119990252887 0.009236411405670166 -0.9999080761981495
vn 0.009926118395180402 -0.00923641141327997 0.9999080762139135
vn 0.009926119998420047 -0.009236413150895226 0.9999080761819474
vn 0.004679164302184159 -0.9999459622650977 -0.009283209098200487
vn 0.004679161327480868 -0.9999459622842155 -0.009283208538325791
vn -0.0046791538402521935 0.9999459623206877 0.009283208383593098
vn -0.004679153840249951 0.9999459623206877 0.009283208383593426
usemtl m_9d225fcc-bc87-2d05-dc5b-a973fc833c2e
f 1297/1981/661 1298/1982/661 1299/1983/661
f 1299/1984/662 1298/1985/662 1300/1986/662
f 1301/1987/663 1302/1988/663 1303/1989/663
f 1303/1990/664 1302/1991/664 1304/1992/664
f 1305/1993/665 1306/1994/665 1307/1995/665
f 1307/1996/666 1306/1997/666 1308/1998/666
f 1309/1999/667 1310/2000/667 1311/2001/667
f 1311/2002/668 1310/2003/668 1312/2004/668
f 1313/2005/669 1314/2006/669 1315/2007/669
f 1315/2008/670 1314/2009/670 1316/2010/670
f 1317/2011/671 1318/2012/671 1319/2013/671
f 1319/2014/672 1318/2015/672 1320/2016/672
o obj57
v -0.19831420645365871 0.30006157913986503 0.24218479974833654
v -0.198101959558047 0.2547040005764987 0.24176371264608965
v -0.2044598456403155 0.3027876027767669 -0.05454803294130928
v -0.20424759861746217 0.25743002435865553 -0.054969119693255464
v -0.24772867189922676 0.2544672233556608 0.2422541715991497
v -0.24794091897473186 0.2998248021464541 0.24267525821568536
v -0.25387431095864177 0.2571932471378176 -0.05447866074019503
v -0.25408655803414715 0.30255082592861077 -0.054057574123659635
v -0.25387431095864177 0.2571932471378176 -0.05447866074019503
v -0.25408655803414715 0.30255082592861077 -0.054057574123659635
v -0.20424759861746217 0.25743002435865553 -0.054969119693255464
v -0.2044598456403155 0.3027876027767669 -0.05454803294130928
v -0.198101959558047 0.2547040005764987 0.24176371264608965
v -0.19831420645365871 0.30006157913986503 0.24218479974833654
v -0.24772867189922676 0.2544672233556608 0.2422541715991497
v -0.24794091897473186 0.2998248021464541 0.24267525821568536
v -0.24772867189922676 0.2544672233556608 0.2422541715991497
v -0.25387431095864177 0.2571932471378176 -0.05447866074019503
v -0.198101959558047 0.2547040005764987 0.24176371264608965
v -0.20424759861746217 0.25743002435865553 -0.054969119693255464
v -0.25408655803414715 0.30255082592861077 -0.054057574123659635
v -0.24794091897473186 0.2998248021464541 0.24267525821568536
v -0.2044598456403155 0.3027876027767669 -0.05454803294130928
v -0.19831420645365871 0.30006157913986503 0.24218479974833654
vt 0.8133233318700642 0.5937636868952576
vt 0.8133233318700642 0.578154597032694
vt 0.9071571666899432 0.5937636868952576
vt 0.9071571666899432 0.5937636868952576
vt 0.8133233318700642 0.578154597032694
vt 0.9071571666899432 0.578154597032694
vt 0.9071571666899432 0.6093727767578209
vt 0.9071571666899432 0.6249818666203844
vt 0.8133233318700642 0.6093727767578209
vt 0.8133233318700642 0.6093727767578209
vt 0.9071571666899432 0.6249818666203844
vt 0.8133233318700642 0.6249818666203844
vt 0.8759059151102907 0.42188370890191784
vt 0.8759059151102907 0.4374927987644811
vt 0.8602402492800038 0.42188370890191784
vt 0.8602402492800038 0.42188370890191784
vt 0.8759059151102907 0.4374927987644811
vt 0.8602402492800038 0.4374927987644811
vt 0.8759059151102907 0.859398198233501
vt 0.8759059151102907 0.8750072880960645
vt 0.8602402492800038 0.859398198233501
vt 0.8602402492800038 0.859398198233501
vt 0.8759059151102907 0.8750072880960645
vt 0.8602402492800038 0.8750072880960645
vt 0.0782382390603983 0.21878555118345122
vt 0.0782382390603983 0.1250310178385473
vt 0.06256256321999608 0.21878555118345122
vt 0.06256256321999608 0.21878555118345122
vt 0.0782382390603983 0.1250310178385473
vt 0.06256256321999608 0.1250310178385473
vt 0.609979986389904 0.10943192739293606
vt 0.609979986389904 0.20317646132088785
vt 0.5943143205596171 0.10943192739293606
vt 0.5943143205596171 0.10943192739293606
vt 0.609979986389904 0.20317646132088785
vt 0.5943143205596171 0.20317646132088785
vn 0.9997746642339221 0.004870176349378229 -0.02066161025366125
vn 0.999774664229892 0.004870179006048914 -0.020661609822467
vn -0.9997746642249378 -0.004870180064789072 0.020661609812637434
vn -0.9997746642249378 -0.0048701800647950825 0.020661609812638294
vn -0.009926122768625992 0.009236408320132174 -0.9999080761990705
vn -0.009926119975110394 0.009236411405742417 -0.9999080761982992
vn 0.009926122819118487 -0.009236419112158865 0.9999080760988805
vn 0.009926112905102178 -0.009236408367198863 0.9999080762965512
vn 0.004679161322537283 -0.9999459622796124 -0.009283209036621795
vn 0.004679161322537224 -0.9999459622796124 -0.009283209036621783
vn -0.004679153835310849 0.9999459623160849 0.009283208881888399
vn -0.004679156819899766 0.999945962306173 0.009283208445171288
usemtl m_9d225fcc-bc87-2d05-dc5b-a973fc833c2e
f 1321/2017/673 1322/2018/673 1323/2019/673
f 1323/2020/674 1322/2021/674 1324/2022/674
f 1325/2023/675 1326/2024/675 1327/2025/675
f 1327/2026/676 1326/2027/676 1328/2028/676
f 1329/2029/677 1330/2030/677 1331/2031/677
f 1331/2032/678 1330/2033/678 1332/2034/678
f 1333/2035/679 1334/2036/679 1335/2037/679
f 1335/2038/680 1334/2039/680 1336/2040/680
f 1337/2041/681 1338/2042/681 1339/2043/681
f 1339/2044/682 1338/2045/682 1340/2046/682
f 1341/2047/683 1342/2048/683 1343/2049/683
f 1343/2050/684 1342/2051/684 1344/2052/684
o obj58
v 0.2612912938761732 0.2708214966182168 0.3659619580668466
v 0.2615271235862291 0.22042421252029826 0.36549408460366123
v 0.2561958533565417 0.2729914607151351 0.12965477338013237
v 0.2564316833074362 0.2225941764749368 0.129186899431713
v 0.2120220826324983 0.22018841896336644 0.3659399398669125
v 0.21178625304968401 0.2705857032065397 0.36640781368039854
v 0.2069266425335991 0.22235838269057823 0.12963275518067574
v 0.20669081258270455 0.2727556669307764 0.13010062912909473
v 0.2069266425335991 0.22235838269057823 0.12963275518067574
v 0.20669081258270455 0.2727556669307764 0.13010062912909473
v 0.2564316833074362 0.2225941764749368 0.129186899431713
v 0.2561958533565417 0.2729914607151351 0.12965477338013237
v 0.2615271235862291 0.22042421252029826 0.36549408460366123
v 0.2612912938761732 0.2708214966182168 0.3659619580668466
v 0.2120220826324983 0.22018841896336644 0.3659399398669125
v 0.21178625304968401 0.2705857032065397 0.36640781368039854
v 0.2120220826324983 0.22018841896336644 0.3659399398669125
v 0.2069266425335991 0.22235838269057823 0.12963275518067574
v 0.2615271235862291 0.22042421252029826 0.36549408460366123
v 0.2564316833074362 0.2225941764749368 0.129186899431713
v 0.20669081258270455 0.2727556669307764 0.13010062912909473
v 0.21178625304968401 0.2705857032065397 0.36640781368039854
v 0.2561958533565417 0.2729914607151351 0.12965477338013237
v 0.2612912938761732 0.2708214966182168 0.3659619580668466
vt 0.9071571666899432 0.9218745553515642
vt 0.9071571666899432 0.906215468404239
vt 0.8289289376396602 0.9218745553515642
vt 0.8289289376396602 0.9218745553515642
vt 0.9071571666899432 0.906215468404239
vt 0.8289289376396602 0.906215468404239
vt 0.8289289376396602 0.8906663750433895
vt 0.8289289376396602 0.906215468404239
vt 0.9071571666899432 0.8906663750433895
vt 0.9071571666899432 0.8906663750433895
vt 0.8289289376396602 0.906215468404239
vt 0.9071571666899432 0.906215468404239
vt 0.8602002092395429 0.21877555176649888
vt 0.8602002092395429 0.23443463871382397
vt 0.8758858950900602 0.21877555176649888
vt 0.8758858950900602 0.21877555176649888
vt 0.8602002092395429 0.23443463871382397
vt 0.8758858950900602 0.23443463871382397
vt 0.8602002092395429 0.29696099291664857
vt 0.8602002092395429 0.3125100862774982
vt 0.8758858950900602 0.29696099291664857
vt 0.8758858950900602 0.29696099291664857
vt 0.8602002092395429 0.3125100862774982
vt 0.8758858950900602 0.3125100862774982
vt 0.8289289376396602 0.84379910778789
vt 0.8289289376396602 0.7656236660546926
vt 0.8446146234901774 0.84379910778789
vt 0.8446146234901774 0.84379910778789
vt 0.8289289376396602 0.7656236660546926
vt 0.8446146234901774 0.7656236660546926
vt 0.07819819901993748 0.07817375000000004
vt 0.07819819901993748 0.1562591969806265
vt 0.09389389488057012 0.07817375000000004
vt 0.09389389488057012 0.07817375000000004
vt 0.07819819901993748 0.1562591969806265
vt 0.09389389488057012 0.1562591969806265
vn 0.9997566739480116 0.004877992380859018 -0.02151274242725569
vn 0.9997566739476004 0.004877997341587844 -0.021512741321528
vn -0.9997566739973837 -0.004877989976165994 0.02151274067806398
vn -0.9997566739291222 -0.004877997349458072 0.02151274217848551
vn -0.009049529548083258 0.009240590443179668 -0.9999163552533881
vn -0.009049529548075457 0.009240590443187405 -0.9999163552533881
vn 0.009049519618518536 -0.009240580933263628 0.9999163554311381
vn 0.009049526721901683 -0.009240587845252373 0.9999163553029744
vn 0.004679156777287845 -0.9999459623072401 -0.009283208351719625
vn 0.004679161287426351 -0.9999459622764447 -0.009283209395537066
vn -0.00467916129599552 0.9999459622851924 0.009283208448953128
vn -0.004679153776063533 0.9999459623072839 0.00928320985974946
usemtl m_9d225fcc-bc87-2d05-dc5b-a973fc833c2e
f 1345/2053/685 1346/2054/685 1347/2055/685
f 1347/2056/686 1346/2057/686 1348/2058/686
f 1349/2059/687 1350/2060/687 1351/2061/687
f 1351/2062/688 1350/2063/688 1352/2064/688
f 1353/2065/689 1354/2066/689 1355/2067/689
f 1355/2068/690 1354/2069/690 1356/2070/690
f 1357/2071/691 1358/2072/691 1359/2073/691
f 1359/2074/692 1358/2075/692 1360/2076/692
f 1361/2077/693 1362/2078/693 1363/2079/693
f 1363/2080/694 1362/2081/694 1364/2082/694
f 1365/2083/695 1366/2084/695 1367/2085/695
f 1367/2086/696 1366/2087/696 1368/2088/696
o obj59
v -0.181164524555254 0.26868817357384694 0.3727362618443335
v -0.18092869497243969 0.21829088933067348 0.3722683880308475
v -0.1862599650382914 0.2708581375268348 0.13642907674725852
v -0.18602413545547697 0.22046085328366144 0.13596120293377295
v -0.2304337170136258 0.21805509585135902 0.372714243243466
v -0.23066954659644007 0.26845238009453226 0.37318211705695203
v -0.23552915731676954 0.22022505957692 0.13640705863210265
v -0.2357649872676641 0.2706223438171181 0.13687493258052164
v -0.23552915731676954 0.22022505957692 0.13640705863210265
v -0.2357649872676641 0.2706223438171181 0.13687493258052164
v -0.18602413545547697 0.22046085328366144 0.13596120293377295
v -0.1862599650382914 0.2708581375268348 0.13642907674725852
v -0.18092869497243969 0.21829088933067348 0.3722683880308475
v -0.181164524555254 0.26868817357384694 0.3727362618443335
v -0.2304337170136258 0.21805509585135902 0.372714243243466
v -0.23066954659644007 0.26845238009453226 0.37318211705695203
v -0.2304337170136258 0.21805509585135902 0.372714243243466
v -0.23552915731676954 0.22022505957692 0.13640705863210265
v -0.18092869497243969 0.21829088933067348 0.3722683880308475
v -0.18602413545547697 0.22046085328366144 0.13596120293377295
v -0.2357649872676641 0.2706223438171181 0.13687493258052164
v -0.23066954659644007 0.26845238009453226 0.37318211705695203
v -0.1862599650382914 0.2708581375268348 0.13642907674725852
v -0.181164524555254 0.26868817357384694 0.3727362618443335
vt 0.8289289376396602 0.906215468404239
vt 0.8289289376396602 0.8906663750433895
vt 0.9071571666899432 0.906215468404239
vt 0.9071571666899432 0.906215468404239
vt 0.8289289376396602 0.8906663750433895
vt 0.9071571666899432 0.8906663750433895
vt 0.9071571666899432 0.906215468404239
vt 0.9071571666899432 0.9218745553515642
vt 0.8289289376396602 0.906215468404239
vt 0.8289289376396602 0.906215468404239
vt 0.9071571666899432 0.9218745553515642
vt 0.8289289376396602 0.9218745553515642
vt 0.8758858950900602 0.21877555176649888
vt 0.8758858950900602 0.23443463871382397
vt 0.8602002092395429 0.21877555176649888
vt 0.8602002092395429 0.21877555176649888
vt 0.8758858950900602 0.23443463871382397
vt 0.8602002092395429 0.23443463871382397
vt 0.8758858950900602 0.29696099291664857
vt 0.8758858950900602 0.3125100862774982
vt 0.8602002092395429 0.29696099291664857
vt 0.8602002092395429 0.29696099291664857
vt 0.8758858950900602 0.3125100862774982
vt 0.8602002092395429 0.3125100862774982
vt 0.8446146234901774 0.84379910778789
vt 0.8446146234901774 0.7656236660546926
vt 0.8289289376396602 0.84379910778789
vt 0.8289289376396602 0.84379910778789
vt 0.8446146234901774 0.7656236660546926
vt 0.8289289376396602 0.7656236660546926
vt 0.09389389488057012 0.07817375000000004
vt 0.09389389488057012 0.1562591969806265
vt 0.07819819901993748 0.07817375000000004
vt 0.07819819901993748 0.07817375000000004
vt 0.09389389488057012 0.1562591969806265
vt 0.07819819901993748 0.1562591969806265
vn 0.9997566739632658 0.004877989990696106 -0.02151274226032546
vn 0.9997566739632656 0.0048779899906981235 -0.021512742260325006
vn -0.9997566739786137 -0.00487798998415887 0.02151274154854381
vn -0.999756673910352 -0.004877997357451535 0.02151274304896545
vn -0.009049531967861001 0.009240590431654217 -0.999916355231595
vn -0.009049534614058994 0.009240587807651897 -0.9999163552318955
vn 0.00904952207080082 -0.009240587867404521 0.9999163553448633
vn 0.009049522070800873 -0.009240587867404573 0.9999163553448635
vn 0.00467915700654074 -0.9999459623061213 -0.00928320835665292
vn 0.004679161516685496 -0.9999459622753261 -0.009283209400471447
vn -0.0046791615252565 0.9999459622840738 0.009283208453886133
vn -0.004679156997978376 0.9999459622973736 0.00928320930323752
usemtl m_9d225fcc-bc87-2d05-dc5b-a973fc833c2e
f 1369/2089/697 1370/2090/697 1371/2091/697
f 1371/2092/698 1370/2093/698 1372/2094/698
f 1373/2095/699 1374/2096/699 1375/2097/699
f 1375/2098/700 1374/2099/700 1376/2100/700
f 1377/2101/701 1378/2102/701 1379/2103/701
f 1379/2104/702 1378/2105/702 1380/2106/702
f 1381/2107/703 1382/2108/703 1383/2109/703
f 1383/2110/704 1382/2111/704 1384/2112/704
f 1385/2113/705 1386/2114/705 1387/2115/705
f 1387/2116/706 1386/2117/706 1388/2118/706
f 1389/2119/707 1390/2120/707 1391/2121/707
f 1391/2122/708 1390/2123/708 1392/2124/708
o obj60
v 0.21734534863296867 0.4626794543379949 -0.4525688786320148
v 0.21939089522165195 0.32246743093341074 -0.39619784463197427
v 0.2142557160202954 0.40609766660544894 -0.5923286651181885
v 0.21630126273622055 0.2658856433461198 -0.5359576307678469
v 0.19482198688055546 0.3223510184133353 -0.3960422257364058
v 0.19277644021728235 0.46256304129998266 -0.45241325995133685
v 0.19173235426788227 0.2657692306807892 -0.5358020122225795
v 0.18968680773185084 0.4059812537126917 -0.5921730460872094
v 0.19173235426788227 0.2657692306807892 -0.5358020122225795
v 0.18968680773185084 0.4059812537126917 -0.5921730460872094
v 0.21630126273622055 0.2658856433461198 -0.5359576307678469
v 0.2142557160202954 0.40609766660544894 -0.5923286651181885
v 0.21939089522165195 0.32246743093341074 -0.39619784463197427
v 0.21734534863296867 0.4626794543379949 -0.4525688786320148
v 0.19482198688055546 0.3223510184133353 -0.3960422257364058
v 0.19277644021728235 0.46256304129998266 -0.45241325995133685
v 0.19482198688055546 0.3223510184133353 -0.3960422257364058
v 0.19173235426788227 0.2657692306807892 -0.5358020122225795
v 0.21939089522165195 0.32246743093341074 -0.39619784463197427
v 0.21630126273622055 0.2658856433461198 -0.5359576307678469
v 0.18968680773185084 0.4059812537126917 -0.5921730460872094
v 0.19277644021728235 0.46256304129998266 -0.45241325995133685
v 0.2142557160202954 0.40609766660544894 -0.5923286651181885
v 0.21734534863296867 0.4626794543379949 -0.4525688786320148
vt 0.8445946034699472 0.7500145761921291
vt 0.8445946034699472 0.7031673077705342
vt 0.7977177261004684 0.7500145761921291
vt 0.7977177261004684 0.7500145761921291
vt 0.8445946034699472 0.7031673077705342
vt 0.7977177261004684 0.7031673077705342
vt 0.2502702729002147 0.14071010361977698
vt 0.2502702729002147 0.18755737204137202
vt 0.29714715026969335 0.14071010361977698
vt 0.29714715026969335 0.14071010361977698
vt 0.2502702729002147 0.18755737204137202
vt 0.29714715026969335 0.18755737204137202
vt 0.3909909950996875 0.10943192739293606
vt 0.3909909950996875 0.15626919639757875
vt 0.4066166208895137 0.10943192739293606
vt 0.4066166208895137 0.10943192739293606
vt 0.3909909950996875 0.15626919639757875
vt 0.4066166208895137 0.15626919639757875
vt 0.37536536930986136 0.10943192739293606
vt 0.37536536930986136 0.15626919639757875
vt 0.3909909950996875 0.10943192739293606
vt 0.3909909950996875 0.10943192739293606
vt 0.37536536930986136 0.15626919639757875
vt 0.3909909950996875 0.15626919639757875
vt 0.359739743520035 0.15626919639757875
vt 0.359739743520035 0.10943192739293606
vt 0.37536536930986136 0.15626919639757875
vt 0.37536536930986136 0.15626919639757875
vt 0.359739743520035 0.10943192739293606
vt 0.37536536930986136 0.10943192739293606
vt 0.07819819901993748 0.23440464046296705
vt 0.07819819901993748 0.2813219048032283
vt 0.09382382480976373 0.23440464046296705
vt 0.09382382480976373 0.23440464046296705
vt 0.07819819901993748 0.2813219048032283
vt 0.09382382480976373 0.2813219048032283
vn 0.9996979107555933 0.0049015929449775205 -0.024084468387399024
vn 0.9996979107611123 0.004901593973437547 -0.02408446794900788
vn -0.9996979107491307 -0.004901593386145775 0.024084468565862657
vn -0.9996979107761189 -0.004901592949020952 0.024084467534605098
vn -0.004108919020889283 -0.37307133951932925 -0.927793561312932
vn -0.004108933921451139 -0.37307134193395897 -0.9277935602760047
vn 0.004108934475129975 0.37307133960876215 0.9277935612085281
vn 0.004108918467211808 0.37307134184452634 0.9277935603804084
vn 0.006768114133791727 -0.9269491283698559 0.3751259868969844
vn 0.00676811423041765 -0.9269491283759036 0.3751259868802969
vn -0.006768130274370721 0.9269491283985785 -0.37512598653479745
vn -0.006768130371121399 0.9269491283928044 -0.37512598654732
usemtl m_9d225fcc-bc87-2d05-dc5b-a973fc833c2e
f 1393/2125/709 1394/2126/709 1395/2127/709
f 1395/2128/710 1394/2129/710 1396/2130/710
f 1397/2131/711 1398/2132/711 1399/2133/711
f 1399/2134/712 1398/2135/712 1400/2136/712
f 1401/2137/713 1402/2138/713 1403/2139/713
f 1403/2140/714 1402/2141/714 1404/2142/714
f 1405/2143/715 1406/2144/715 1407/2145/715
f 1407/2146/716 1406/2147/716 1408/2148/716
f 1409/2149/717 1410/2150/717 1411/2151/717
f 1411/2152/718 1410/2153/718 1412/2154/718
f 1413/2155/719 1414/2156/719 1415/2157/719
f 1415/2158/720 1414/2159/720 1416/2160/720
o obj61
v -0.18983461510222066 0.46071621532702184 -0.44633467268039695
v -0.187789068554865 0.3205041922952108 -0.38996363881991825
v -0.19292424774223293 0.40413442759425483 -0.5860944591565486
v -0.1908787010149836 0.26392240433501707 -0.5297234248103582
v -0.21235797469709078 0.32038777933514645 -0.3898080196271114
v -0.21440352142434005 0.4605998025943839 -0.4461790539733017
v -0.21544760733710305 0.26380599160237944 -0.5295678061032629
v -0.21749315393711066 0.4040180150068721 -0.5859388400991521
v -0.21544760733710305 0.26380599160237944 -0.5295678061032629
v -0.21749315393711066 0.4040180150068721 -0.5859388400991521
v -0.1908787010149836 0.26392240433501707 -0.5297234248103582
v -0.19292424774223293 0.40413442759425483 -0.5860944591565486
v -0.187789068554865 0.3205041922952108 -0.38996363881991825
v -0.18983461510222066 0.46071621532702184 -0.44633467268039695
v -0.21235797469709078 0.32038777933514645 -0.3898080196271114
v -0.21440352142434005 0.4605998025943839 -0.4461790539733017
v -0.21235797469709078 0.32038777933514645 -0.3898080196271114
v -0.21544760733710305 0.26380599160237944 -0.5295678061032629
v -0.187789068554865 0.3205041922952108 -0.38996363881991825
v -0.1908787010149836 0.26392240433501707 -0.5297234248103582
v -0.21749315393711066 0.4040180150068721 -0.5859388400991521
v -0.21440352142434005 0.4605998025943839 -0.4461790539733017
v -0.19292424774223293 0.40413442759425483 -0.5860944591565486
v -0.18983461510222066 0.46071621532702184 -0.44633467268039695
vt 0.2502702729002147 0.18755737204137202
vt 0.2502702729002147 0.14071010361977698
vt 0.29714715026969335 0.18755737204137202
vt 0.29714715026969335 0.18755737204137202
vt 0.2502702729002147 0.14071010361977698
vt 0.29714715026969335 0.14071010361977698
vt 0.8445946034699472 0.7031673077705342
vt 0.8445946034699472 0.7500145761921291
vt 0.7977177261004684 0.7031673077705342
vt 0.7977177261004684 0.7031673077705342
vt 0.8445946034699472 0.7500145761921291
vt 0.7977177261004684 0.7500145761921291
vt 0.4066166208895137 0.10943192739293606
vt 0.4066166208895137 0.15626919639757875
vt 0.3909909950996875 0.10943192739293606
vt 0.3909909950996875 0.10943192739293606
vt 0.4066166208895137 0.15626919639757875
vt 0.3909909950996875 0.15626919639757875
vt 0.3909909950996875 0.10943192739293606
vt 0.3909909950996875 0.15626919639757875
vt 0.37536536930986136 0.10943192739293606
vt 0.37536536930986136 0.10943192739293606
vt 0.3909909950996875 0.15626919639757875
vt 0.37536536930986136 0.15626919639757875
vt 0.37536536930986136 0.15626919639757875
vt 0.37536536930986136 0.10943192739293606
vt 0.359739743520035 0.15626919639757875
vt 0.359739743520035 0.15626919639757875
vt 0.37536536930986136 0.10943192739293606
vt 0.359739743520035 0.10943192739293606
vt 0.09382382480976373 0.23440464046296705
vt 0.09382382480976373 0.2813219048032283
vt 0.07819819901993748 0.23440464046296705
vt 0.07819819901993748 0.23440464046296705
vt 0.09382382480976373 0.2813219048032283
vt 0.07819819901993748 0.2813219048032283
vn 0.9996979107550882 0.004901592655169558 -0.024084468467348918
vn 0.9996979107628036 0.0049015940929166765 -0.024084467854495164
vn -0.9996979107400816 -0.004901593679585042 0.02408446888175208
vn -0.9996979107670698 -0.004901593242460321 0.02408446785049476
vn -0.004108924469048219 -0.373071339475284 -0.9277935613065146
vn -0.004108939905719446 -0.3730713419767898 -0.9277935602322794
vn 0.0041089393854077845 0.3730713397207162 0.9277935611417646
vn 0.004108924452061337 0.37307134180639895 0.9277935603692347
vn 0.006768135875281951 -0.9269491283911799 0.37512598645202583
vn 0.006768119842027861 -0.9269491273876763 0.3751259892209942
vn -0.0067681197345801115 0.9269491283742799 -0.3751259867850015
vn -0.006768119831337333 0.9269491283685054 -0.3751259867975249
usemtl m_9d225fcc-bc87-2d05-dc5b-a973fc833c2e
f 1417/2161/721 1418/2162/721 1419/2163/721
f 1419/2164/722 1418/2165/722 1420/2166/722
f 1421/2167/723 1422/2168/723 1423/2169/723
f 1423/2170/724 1422/2171/724 1424/2172/724
f 1425/2173/725 1426/2174/725 1427/2175/725
f 1427/2176/726 1426/2177/726 1428/2178/726
f 1429/2179/727 1430/2180/727 1431/2181/727
f 1431/2182/728 1430/2183/728 1432/2184/728
f 1433/2185/729 1434/2186/729 1435/2187/729
f 1435/2188/730 1434/2189/730 1436/2190/730
f 1437/2191/731 1438/2192/731 1439/2193/731
f 1439/2194/732 1438/2195/732 1440/2196/732
o obj62
v 0.285488073022099 0.2745881301572967 -0.02755649818218947
v 0.28619556238519106 0.12339622016544949 -0.028960120309408033
v 0.27861688791696154 0.27782579284814696 -0.37976651368419867
v 0.27932437740729527 0.1266338830015547 -0.3811701354611161
v 0.21149767744264453 0.1230389710703032 -0.02812992639093226
v 0.21079018795231075 0.27423088091689535 -0.026726304614014762
v 0.2046264923375071 0.12627663376115345 -0.3803399418929414
v 0.2039190028471733 0.2774685436077455 -0.37893632011602396
v 0.2046264923375071 0.12627663376115345 -0.3803399418929414
v 0.2039190028471733 0.2774685436077455 -0.37893632011602396
v 0.27932437740729527 0.1266338830015547 -0.3811701354611161
v 0.27861688791696154 0.27782579284814696 -0.37976651368419867
v 0.28619556238519106 0.12339622016544949 -0.028960120309408033
v 0.285488073022099 0.2745881301572967 -0.02755649818218947
v 0.21149767744264453 0.1230389710703032 -0.02812992639093226
v 0.21079018795231075 0.27423088091689535 -0.026726304614014762
v 0.21149767744264453 0.1230389710703032 -0.02812992639093226
v 0.2046264923375071 0.12627663376115345 -0.3803399418929414
v 0.28619556238519106 0.12339622016544949 -0.028960120309408033
v 0.27932437740729527 0.1266338830015547 -0.3811701354611161
v 0.2039190028471733 0.2774685436077455 -0.37893632011602396
v 0.21079018795231075 0.27423088091689535 -0.026726304614014762
v 0.27861688791696154 0.27782579284814696 -0.37976651368419867
v 0.285488073022099 0.2745881301572967 -0.02755649818218947
vt 0.813313321859949 0.5937936851461145
vt 0.813313321859949 0.5468764208058532
vt 0.7038238312198981 0.5937936851461145
vt 0.7038238312198981 0.5937936851461145
vt 0.813313321859949 0.5468764208058532
vt 0.7038238312198981 0.5468764208058532
vt 0.5317817873699667 0.23441463987991906
vt 0.5317817873699667 0.2813219048032283
vt 0.6412712780100176 0.23441463987991906
vt 0.6412712780100176 0.23441463987991906
vt 0.5317817873699667 0.2813219048032283
vt 0.6412712780100176 0.2813219048032283
vt 0.5005005057599686 0.12505101667245178
vt 0.5005005057599686 0.17187828626014234
vt 0.5317817873699667 0.12505101667245178
vt 0.5317817873699667 0.12505101667245178
vt 0.5005005057599686 0.17187828626014234
vt 0.5317817873699667 0.17187828626014234
vt 0.5474474532002541 0.7656836625564064
vt 0.5474474532002541 0.8125109321440968
vt 0.5787287348102518 0.7656836625564064
vt 0.5787287348102518 0.7656836625564064
vt 0.5474474532002541 0.8125109321440968
vt 0.5787287348102518 0.8125109321440968
vt 0.21896897126998627 0.6719291292115026
vt 0.21896897126998627 0.5624855106684167
vt 0.2502402428698692 0.6719291292115026
vt 0.2502402428698692 0.6719291292115026
vt 0.21896897126998627 0.5624855106684167
vt 0.2502402428698692 0.5624855106684167
vt 0.6100000064101345 0.12505101667245178
vt 0.6100000064101345 0.23441463987991906
vt 0.6412712780100176 0.12505101667245178
vt 0.6412712780100176 0.12505101667245178
vt 0.6100000064101345 0.23441463987991906
vt 0.6412712780100176 0.23441463987991906
vn 0.9997988248549075 0.004859134156892402 -0.019460180728643323
vn 0.9997988248578645 0.004859134954648105 -0.019460180377524693
vn -0.9997988248511597 -0.004859134957807763 0.019460180721207785
vn -0.9997988248511597 -0.004859134957807943 0.019460180721207854
vn -0.011156997603516782 0.009230527979252034 -0.9998951538824956
vn -0.011156997603516796 0.009230527979252025 -0.9998951538824955
vn 0.011157002303807641 -0.009230530273782836 0.999895153808867
vn 0.011156997603516784 -0.009230527979252395 0.9998951538824955
vn 0.004679154264117267 -0.9999459623160302 -0.009283208671624337
vn 0.004679156238983536 -0.9999459623025341 -0.009283209129957802
vn -0.004679156243670736 0.9999459623064095 0.009283208710154244
vn -0.004679156243669245 0.9999459623064094 0.00928320871015453
usemtl m_9d225fcc-bc87-2d05-dc5b-a973fc833c2e
f 1441/2197/733 1442/2198/733 1443/2199/733
f 1443/2200/734 1442/2201/734 1444/2202/734
f 1445/2203/735 1446/2204/735 1447/2205/735
f 1447/2206/736 1446/2207/736 1448/2208/736
f 1449/2209/737 1450/2210/737 1451/2211/737
f 1451/2212/738 1450/2213/738 1452/2214/738
f 1453/2215/739 1454/2216/739 1455/2217/739
f 1455/2218/740 1454/2219/740 1456/2220/740
f 1457/2221/741 1458/2222/741 1459/2223/741
f 1459/2224/742 1458/2225/742 1460/2226/742
f 1461/2227/743 1462/2228/743 1463/2229/743
f 1463/2230/744 1462/2231/744 1464/2232/744
o obj63
v -0.1922431815299867 0.2722847248574782 -0.020242103197377348
v -0.19153569179634694 0.12109281486862583 -0.021645725460434362
v -0.19911436635613045 0.2755223875505834 -0.37245211880166207
v -0.19840687649524869 0.12433047770698635 -0.37385574071441763
v -0.26623361502631243 0.12073556524140067 -0.020815531116497366
v -0.26694110438940455 0.27192747523324784 -0.019411908989279136
v -0.27310479972521434 0.1239732280797608 -0.3730255463704809
v -0.27381228921554823 0.27516513792635316 -0.37162192459356347
v -0.27310479972521434 0.1239732280797608 -0.3730255463704809
v -0.27381228921554823 0.27516513792635316 -0.37162192459356347
v -0.19840687649524869 0.12433047770698635 -0.37385574071441763
v -0.19911436635613045 0.2755223875505834 -0.37245211880166207
v -0.19153569179634694 0.12109281486862583 -0.021645725460434362
v -0.1922431815299867 0.2722847248574782 -0.020242103197377348
v -0.26623361502631243 0.12073556524140067 -0.020815531116497366
v -0.26694110438940455 0.27192747523324784 -0.019411908989279136
v -0.26623361502631243 0.12073556524140067 -0.020815531116497366
v -0.27310479972521434 0.1239732280797608 -0.3730255463704809
v -0.19153569179634694 0.12109281486862583 -0.021645725460434362
v -0.19840687649524869 0.12433047770698635 -0.37385574071441763
v -0.27381228921554823 0.27516513792635316 -0.37162192459356347
v -0.26694110438940455 0.27192747523324784 -0.019411908989279136
v -0.19911436635613045 0.2755223875505834 -0.37245211880166207
v -0.1922431815299867 0.2722847248574782 -0.020242103197377348
vt 0.5317817873699667 0.2813219048032283
vt 0.5317817873699667 0.23441463987991906
vt 0.6412712780100176 0.2813219048032283
vt 0.6412712780100176 0.2813219048032283
vt 0.5317817873699667 0.23441463987991906
vt 0.6412712780100176 0.23441463987991906
vt 0.813313321859949 0.5468764208058532
vt 0.813313321859949 0.5937936851461145
vt 0.7038238312198981 0.5468764208058532
vt 0.7038238312198981 0.5468764208058532
vt 0.813313321859949 0.5937936851461145
vt 0.7038238312198981 0.5937936851461145
vt 0.5317817873699667 0.12505101667245178
vt 0.5317817873699667 0.17187828626014234
vt 0.5005005057599686 0.12505101667245178
vt 0.5005005057599686 0.12505101667245178
vt 0.5317817873699667 0.17187828626014234
vt 0.5005005057599686 0.17187828626014234
vt 0.5787287348102518 0.7656836625564064
vt 0.5787287348102518 0.8125109321440968
vt 0.5474474532002541 0.7656836625564064
vt 0.5474474532002541 0.7656836625564064
vt 0.5787287348102518 0.8125109321440968
vt 0.5474474532002541 0.8125109321440968
vt 0.2502402428698692 0.6719291292115026
vt 0.2502402428698692 0.5624855106684167
vt 0.21896897126998627 0.6719291292115026
vt 0.21896897126998627 0.6719291292115026
vt 0.2502402428698692 0.5624855106684167
vt 0.21896897126998627 0.5624855106684167
vt 0.6412712780100176 0.12505101667245178
vt 0.6412712780100176 0.23441463987991906
vt 0.6100000064101345 0.12505101667245178
vt 0.6100000064101345 0.12505101667245178
vt 0.6412712780100176 0.23441463987991906
vt 0.6100000064101345 0.23441463987991906
vn 0.9997988248589141 0.00485913661722747 -0.01946017990845923
vn 0.9997988248618712 0.004859137414985337 -0.01946017955733964
vn -0.9997988248771661 -0.004859134146404554 0.01946017958768466
vn -0.9997988248667136 -0.0048591349504795945 0.0194601799239327
vn -0.011157002335194724 0.009230527956622318 -0.9998951538299076
vn -0.011157000576195937 0.009230528836153159 -0.9998951538414155
vn 0.011157002350116657 -0.009230531144681812 0.9998951538003106
vn 0.011157000582956508 -0.009230530282010764 0.9998951538279927
vn 0.004679158929765912 -0.9999459622894565 -0.00928320918233115
vn 0.0046791589297711204 -0.9999459622894564 -0.00928320918233236
vn -0.004679158934451375 0.9999459622933319 0.009283208762528358
vn -0.004679158934452909 0.9999459622933319 0.009283208762528063
usemtl m_9d225fcc-bc87-2d05-dc5b-a973fc833c2e
f 1465/2233/745 1466/2234/745 1467/2235/745
f 1467/2236/746 1466/2237/746 1468/2238/746
f 1469/2239/747 1470/2240/747 1471/2241/747
f 1471/2242/748 1470/2243/748 1472/2244/748
f 1473/2245/749 1474/2246/749 1475/2247/749
f 1475/2248/750 1474/2249/750 1476/2250/750
f 1477/2251/751 1478/2252/751 1479/2253/751
f 1479/2254/752 1478/2255/752 1480/2256/752
f 1481/2257/753 1482/2258/753 1483/2259/753
f 1483/2260/754 1482/2261/754 1484/2262/754
f 1485/2263/755 1486/2264/755 1487/2265/755
f 1487/2266/756 1486/2267/756 1488/2268/756
o obj64
v 0.23110818238311398 0.6042452928597872 0.8095984171000424
v 0.23225136228722398 0.5060948240865482 0.8491638612528483
v 0.22754848542029874 0.5080700493665586 0.5713865518168808
v 0.22869166489811815 0.4099195809629815 0.6109519959712473
v -0.18914491865732552 0.5040692668517786 0.8549450485313553
v -0.19028809856143558 0.6022197356250176 0.8153796043785493
v -0.1927046160464314 0.4078940237282121 0.6167331832497542
v -0.1938477955769028 0.5060444925044711 0.5771677389599772
v -0.1927046160464314 0.4078940237282121 0.6167331832497542
v -0.1938477955769028 0.5060444925044711 0.5771677389599772
v 0.22869166489811815 0.4099195809629815 0.6109519959712473
v 0.22754848542029874 0.5080700493665586 0.5713865518168808
v 0.23225136228722398 0.5060948240865482 0.8491638612528483
v 0.23110818238311398 0.6042452928597872 0.8095984171000424
v -0.18914491865732552 0.5040692668517786 0.8549450485313553
v -0.19028809856143558 0.6022197356250176 0.8153796043785493
v -0.18914491865732552 0.5040692668517786 0.8549450485313553
v -0.1927046160464314 0.4078940237282121 0.6167331832497542
v 0.23225136228722398 0.5060948240865482 0.8491638612528483
v 0.22869166489811815 0.4099195809629815 0.6109519959712473
v -0.1938477955769028 0.5060444925044711 0.5771677389599772
v -0.19028809856143558 0.6022197356250176 0.8153796043785493
v 0.22754848542029874 0.5080700493665586 0.5713865518168808
v 0.23110818238311398 0.6042452928597872 0.8095984171000424
vt 0.4692492541803162 0.20314646307003092
vt 0.4692492541803162 0.17192828334490384
vt 0.5473974031496776 0.20314646307003092
vt 0.5473974031496776 0.20314646307003092
vt 0.4692492541803162 0.17192828334490384
vt 0.5473974031496776 0.17192828334490384
vt 0.7820520602701814 0.17192828334490384
vt 0.7820520602701814 0.20314646307003092
vt 0.7038338412300137 0.17192828334490384
vt 0.7038338412300137 0.17192828334490384
vt 0.7820520602701814 0.20314646307003092
vt 0.7038338412300137 0.20314646307003092
vt 0.8758758850799451 0.9375236428819369
vt 0.8758758850799451 0.9687518220240161
vt 0.7507807886702985 0.9375236428819369
vt 0.7507807886702985 0.9375236428819369
vt 0.8758758850799451 0.9687518220240161
vt 0.7507807886702985 0.9687518220240161
vt 0.40662663089962897 0.21881554943430825
vt 0.40662663089962897 0.25004372857638724
vt 0.28153153448998236 0.21881554943430825
vt 0.28153153448998236 0.21881554943430825
vt 0.40662663089962897 0.25004372857638724
vt 0.28153153448998236 0.25004372857638724
vt 0.7038338412300137 0.5781645964496465
vt 0.7038338412300137 0.5000491512181628
vt 0.578738744820367 0.5781645964496465
vt 0.578738744820367 0.5781645964496465
vt 0.7038338412300137 0.5000491512181628
vt 0.578738744820367 0.5000491512181628
vt 0.6725625696301306 0.8125209315610491
vt 0.6725625696301306 0.8906363767925326
vt 0.5473974031496776 0.8125209315610491
vt 0.5473974031496776 0.8125209315610491
vt 0.6725625696301306 0.8906363767925326
vt 0.5473974031496776 0.8906363767925326
vn 0.9998456036721856 0.004835525073732052 -0.016893386713866195
vn 0.9998456036926333 0.004835520736777545 -0.0168933867450517
vn -0.9998456036492878 -0.004835524455869852 0.01689338824594403
vn -0.9998456037079536 -0.004835521709388207 0.016893385559914098
vn -0.010925272197688188 -0.37396316380863037 -0.9273792053640443
vn -0.010925272227848908 -0.3739631639246421 -0.9273792053169074
vn 0.010925272208723136 0.373963162741147 0.9273792057943739
vn 0.010925272208722633 0.37396316274114877 0.9273792057943733
vn 0.009591441538928703 -0.9272836673858526 0.3742365621483941
vn 0.009591441538928137 -0.9272836673858523 0.3742365621483952
vn -0.00959144059546919 0.9272836674628872 -0.37423656198169825
vn -0.009591441553649048 0.9272836668813138 -0.3742365633981634
usemtl m_9d225fcc-bc87-2d05-dc5b-a973fc833c2e
f 1489/2269/757 1490/2270/757 1491/2271/757
f 1491/2272/758 1490/2273/758 1492/2274/758
f 1493/2275/759 1494/2276/759 1495/2277/759
f 1495/2278/760 1494/2279/760 1496/2280/760
f 1497/2281/761 1498/2282/761 1499/2283/761
f 1499/2284/762 1498/2285/762 1500/2286/762
f 1501/2287/763 1502/2288/763 1503/2289/763
f 1503/2290/764 1502/2291/764 1504/2292/764
f 1505/2293/765 1506/2294/765 1507/2295/765
f 1507/2296/766 1506/2297/766 1508/2298/766
f 1509/2299/767 1510/2300/767 1511/2301/767
f 1511/2302/768 1510/2303/768 1512/2304/768
o obj65
v 0.09743991733863405 0.22167382276230557 0.8180673802376708
v 0.09710413898694012 0.11499077926377416 0.7727768212471328
v 0.09346821622777271 0.30250014595360336 0.6281672747973125
v 0.09313243795066825 0.19581710297300875 0.5828767160216644
v -0.05255584691375578 0.11427414532795588 0.7745340549525738
v -0.052220068636651296 0.22095718830855043 0.819824613728222
v -0.056527548268663574 0.1951004686615077 0.5846339499986257
v -0.05619176962027109 0.30178351164510336 0.6299245086381642
v -0.056527548268663574 0.1951004686615077 0.5846339499986257
v -0.05619176962027109 0.30178351164510336 0.6299245086381642
v 0.09710413898694012 0.11499077926377416 0.7727768212471328
v 0.09743991733863405 0.22167382276230557 0.8180673802376708
v -0.05255584691375578 0.11427414532795588 0.7745340549525738
v -0.052220068636651296 0.22095718830855043 0.819824613728222
v -0.05255584691375578 0.11427414532795588 0.7745340549525738
v -0.056527548268663574 0.1951004686615077 0.5846339499986257
v 0.09710413898694012 0.11499077926377416 0.7727768212471328
v 0.09313243795066825 0.19581710297300875 0.5828767160216644
v -0.05619176962027109 0.30178351164510336 0.6299245086381642
v -0.052220068636651296 0.22095718830855043 0.819824613728222
v 0.09346821622777271 0.30250014595360336 0.6281672747973125
v 0.09743991733863405 0.22167382276230557 0.8180673802376708
vt 0.359739743520035 0.18752737379051498
vt 0.359739743520035 0.15628919523148332
vt 0.42233233677037685 0.18752737379051498
vt 0.42233233677037685 0.18752737379051498
vt 0.359739743520035 0.15628919523148332
vt 0.42233233677037685 0.15628919523148332
vt 0.359739743520035 0.15628919523148332
vt 0.359739743520035 0.18752737379051498
vt 0.29714715026969335 0.15628919523148332
vt 0.29714715026969335 0.15628919523148332
vt 0.359739743520035 0.18752737379051498
vt 0.29714715026969335 0.18752737379051498
vt 0.4692192241499706 0.15628919523148332
vt 0.4692192241499706 0.18752737379051498
vt 0.42233233677037685 0.15628919523148332
vt 0.42233233677037685 0.15628919523148332
vt 0.4692192241499706 0.18752737379051498
vt 0.42233233677037685 0.18752737379051498
vt 0.8602402492800038 0.46879097382522683
vt 0.8602402492800038 0.5000291523842582
vt 0.8133533619004099 0.46879097382522683
vt 0.8133533619004099 0.46879097382522683
vt 0.8602402492800038 0.5000291523842582
vt 0.8133533619004099 0.5000291523842582
vt 0.5943243305697322 0.3906555297598385
vt 0.5943243305697322 0.32817917264177554
vt 0.5474374431901385 0.3906555297598385
vt 0.5474374431901385 0.3906555297598385
vt 0.5943243305697322 0.32817917264177554
vt 0.5474374431901385 0.32817917264177554
vt 0.2189289312295255 0.14067010595196783
vt 0.2189289312295255 0.2031964601547923
vt 0.17205205386004688 0.14067010595196783
vt 0.17205205386004688 0.14067010595196783
vt 0.2189289312295255 0.2031964601547923
vt 0.17205205386004688 0.2031964601547923
vn 0.9998106376605052 0.0048534802466693935 -0.018844960875239115
vn 0.9998106376691503 0.004853480688279474 -0.018844960302838505
vn -0.9998106376388054 -0.00485348130447474 0.018844961754077436
vn -0.9998106376642535 -0.004853477629247449 0.018844961350491244
vn -0.012678064031901276 0.39077954296471484 -0.9203969879854517
vn -0.012678063218395198 0.3907795439334426 -0.9203969875853577
vn 0.012678061408352573 -0.390779543908441 0.9203969876209054
vn 0.012678061432862337 -0.39077954393752884 0.9203969876082178
vn -0.000192323870292647 -0.9201250471487918 -0.39162464250984336
vn -0.00019232228574500194 -0.9201250466828548 -0.39162464360534416
vn 0.0001923219307849129 0.920125047230289 0.3916246423193175
vn 0.0001923201047303124 0.9201250477308248 0.3916246411442016
usemtl m_9d225fcc-bc87-2d05-dc5b-a973fc833c2e
f 1513/2305/769 1514/2306/769 1515/2307/769
f 1515/2308/770 1514/2309/770 1516/2310/770
f 1517/2311/771 1518/2312/771 1519/2313/771
f 1519/2314/772 1518/2315/772 1520/2316/772
f 1521/2317/773 1522/2318/773 1516/2319/773
f 1516/2320/774 1522/2321/774 1515/2322/774
f 1523/2323/775 1524/2324/775 1525/2325/775
f 1525/2326/776 1524/2327/776 1526/2328/776
f 1527/2329/777 1528/2330/777 1529/2331/777
f 1529/2332/778 1528/2333/778 1530/2334/778
f 1531/2335/779 1532/2336/779 1533/2337/779
f 1533/2338/780 1532/2339/780 1534/2340/780
o obj66
v 0.12158334913353877 0.25936761712965356 0.7679844518778572
v 0.12118513314991183 0.12021606434980642 0.7088952018655611
v 0.11764915293749903 0.3421663478853095 0.5734035010053582
v 0.11725093713376566 0.20301479487803537 0.5143142514787732
v -0.07875772104513873 0.11925734840871888 0.7113835414822334
v -0.07835950524140528 0.258408901415993 0.7704727910088184
v -0.08269191724117841 0.20205607916437468 0.5168025906097343
v -0.08229370168232494 0.3412076323138962 0.5758918406230349
v -0.08269191724117841 0.20205607916437468 0.5168025906097343
v -0.08229370168232494 0.3412076323138962 0.5758918406230349
v 0.11725093713376566 0.20301479487803537 0.5143142514787732
v 0.11764915293749903 0.3421663478853095 0.5734035010053582
v 0.12118513314991183 0.12021606434980642 0.7088952018655611
v 0.12158334913353877 0.25936761712965356 0.7679844518778572
v -0.07875772104513873 0.11925734840871888 0.7113835414822334
v -0.07835950524140528 0.258408901415993 0.7704727910088184
v -0.07875772104513873 0.11925734840871888 0.7113835414822334
v -0.08269191724117841 0.20205607916437468 0.5168025906097343
v 0.12118513314991183 0.12021606434980642 0.7088952018655611
v 0.11725093713376566 0.20301479487803537 0.5143142514787732
v -0.08229370168232494 0.3412076323138962 0.5758918406230349
v -0.07835950524140528 0.258408901415993 0.7704727910088184
v 0.11764915293749903 0.3421663478853095 0.5734035010053582
v 0.12158334913353877 0.25936761712965356 0.7679844518778572
vt 0 0.21874555351564196
vt 0 0.17192828334490384
vt 0.0625425431997657 0.21874555351564196
vt 0.0625425431997657 0.21874555351564196
vt 0 0.17192828334490384
vt 0.0625425431997657 0.17192828334490384
vt 0.8289589676700058 0.8906763744603419
vt 0.8289589676700058 0.9375036440480323
vt 0.7664164244702399 0.8906763744603419
vt 0.7664164244702399 0.8906763744603419
vt 0.8289589676700058 0.9375036440480323
vt 0.7664164244702399 0.9375036440480323
vt 0.5005505558105446 0.39063553092593395
vt 0.5005505558105446 0.43755279526619517
vt 0.43790791250962696 0.39063553092593395
vt 0.43790791250962696 0.39063553092593395
vt 0.5005505558105446 0.43755279526619517
vt 0.43790791250962696 0.43755279526619517
vt 0.7038638712603591 0.17192828334490384
vt 0.7038638712603591 0.21874555351564196
vt 0.6412212279594414 0.17192828334490384
vt 0.6412212279594414 0.17192828334490384
vt 0.7038638712603591 0.21874555351564196
vt 0.6412212279594414 0.21874555351564196
vt 0.8132732818194882 0.48438006485388563
vt 0.8132732818194882 0.4219437054036319
vt 0.7507207286096073 0.48438006485388563
vt 0.7507207286096073 0.48438006485388563
vt 0.8132732818194882 0.4219437054036319
vt 0.7507207286096073 0.4219437054036319
vt 0.8132732818194882 0.48438006485388563
vt 0.8132732818194882 0.5469064190567102
vt 0.7507207286096073 0.48438006485388563
vt 0.7507207286096073 0.48438006485388563
vt 0.8132732818194882 0.5469064190567102
vt 0.7507207286096073 0.5469064190567102
vn 0.999823477155125 0.004847110660927669 -0.018152687064893543
vn 0.9998234771730485 0.00484711138127396 -0.018152685885354986
vn -0.9998234771581008 -0.004847111695313018 0.01815268662479835
vn -0.9998234771402786 -0.00484711370262752 0.018152687070418786
vn -0.013328187601531935 0.3908571851379707 -0.9203548338772827
vn -0.01332818954834515 0.3908571827636037 -0.9203548348574384
vn 0.013328190292952694 -0.3908571860390335 0.9203548334556424
vn 0.01332818760269307 -0.39085718276902304 0.9203548348833128
vn -0.0004606968665823232 -0.9201607458185385 -0.3915405338059755
vn -0.0004606969604419086 -0.920160745854382 -0.3915405337216289
vn 0.0004606985886831644 0.9201607452353594 0.3915405351744804
vn 0.00046069696164040014 0.9201607458191905 0.3915405338043315
usemtl m_9d225fcc-bc87-2d05-dc5b-a973fc833c2e
f 1535/2341/781 1536/2342/781 1537/2343/781
f 1537/2344/782 1536/2345/782 1538/2346/782
f 1539/2347/783 1540/2348/783 1541/2349/783
f 1541/2350/784 1540/2351/784 1542/2352/784
f 1543/2353/785 1544/2354/785 1545/2355/785
f 1545/2356/786 1544/2357/786 1546/2358/786
f 1547/2359/787 1548/2360/787 1549/2361/787
f 1549/2362/788 1548/2363/788 1550/2364/788
f 1551/2365/789 1552/2366/789 1553/2367/789
f 1553/2368/790 1552/2369/790 1554/2370/790
f 1555/2371/791 1556/2372/791 1557/2373/791
f 1557/2374/792 1556/2375/792 1558/2376/792
o obj67
v 0.23005747416447372 0.39320068747682707 0.7169355741224064
v 0.23280001546415122 0.2781181109767142 0.8297327590229947
v 0.22738746483558747 0.21312400894519218 0.5337904278610104
v 0.2301300061352649 0.09804143244507907 0.6465876127615985
v 0.13317215258027934 0.2776415300644271 0.830850981264417
v 0.1304296111533603 0.3927241064192854 0.7180537960135283
v 0.130502143251393 0.09756485153279199 0.6477058350030209
v 0.127759601824474 0.21264742788765018 0.534908649752132
v 0.130502143251393 0.09756485153279199 0.6477058350030209
v 0.127759601824474 0.21264742788765018 0.534908649752132
v 0.2301300061352649 0.09804143244507907 0.6465876127615985
v 0.22738746483558747 0.21312400894519218 0.5337904278610104
v 0.23280001546415122 0.2781181109767142 0.8297327590229947
v 0.23005747416447372 0.39320068747682707 0.7169355741224064
v 0.13317215258027934 0.2776415300644271 0.830850981264417
v 0.1304296111533603 0.3927241064192854 0.7180537960135283
v 0.13317215258027934 0.2776415300644271 0.830850981264417
v 0.130502143251393 0.09756485153279199 0.6477058350030209
v 0.23280001546415122 0.2781181109767142 0.8297327590229947
v 0.2301300061352649 0.09804143244507907 0.6465876127615985
v 0.127759601824474 0.21264742788765018 0.534908649752132
v 0.1304296111533603 0.3927241064192854 0.7180537960135283
v 0.22738746483558747 0.21312400894519218 0.5337904278610104
v 0.23005747416447372 0.39320068747682707 0.7169355741224064
vt 0.578738744820367 0.5469064190567102
vt 0.578738744820367 0.5000391518012104
vt 0.5004604657195079 0.5469064190567102
vt 0.5004604657195079 0.5469064190567102
vt 0.578738744820367 0.5000391518012104
vt 0.5004604657195079 0.5000391518012104
vt 0.7507607686500682 0.34377826308738646
vt 0.7507607686500682 0.3906455303428863
vt 0.8289589676700058 0.34377826308738646
vt 0.8289589676700058 0.34377826308738646
vt 0.7507607686500682 0.3906455303428863
vt 0.8289589676700058 0.3906455303428863
vt 0.813313321859949 0.4219037077358224
vt 0.813313321859949 0.4687709749913219
vt 0.8445946034699472 0.4219037077358224
vt 0.8445946034699472 0.4219037077358224
vt 0.813313321859949 0.4687709749913219
vt 0.8445946034699472 0.4687709749913219
vt 0.40662663089962897 0.31252008569445033
vt 0.40662663089962897 0.35943735003471156
vt 0.43790791250962696 0.31252008569445033
vt 0.43790791250962696 0.31252008569445033
vt 0.40662663089962897 0.35943735003471156
vt 0.43790791250962696 0.35943735003471156
vt 0.21896897126998627 0.20317646132088785
vt 0.21896897126998627 0.12505101667245178
vt 0.2502402428698692 0.20317646132088785
vt 0.2502402428698692 0.20317646132088785
vt 0.21896897126998627 0.12505101667245178
vt 0.2502402428698692 0.12505101667245178
vt 0.18768768965998822 0.3906455303428863
vt 0.18768768965998822 0.4687709749913219
vt 0.21896897126998627 0.3906455303428863
vt 0.21896897126998627 0.3906455303428863
vt 0.18768768965998822 0.4687709749913219
vt 0.21896897126998627 0.4687709749913219
vn 0.9998009197761364 0.00485814489872782 -0.01935249965598862
vn 0.9998009197761364 0.004858144898727443 -0.019352499655988533
vn -0.9998009197633344 -0.0048581454347189235 0.019352500182813384
vn -0.9998009197633344 -0.004858145434718872 0.019352500182813172
vn -0.004666374142069362 -0.7000291471661108 -0.7140990253951156
vn -0.004666370630051662 -0.7000291455731242 -0.7140990269796653
vn 0.004666374166718165 0.7000291456045564 0.7140990269257416
vn 0.004666370605405952 0.7000291471346791 0.7140990254490386
vn 0.011278946372141366 -0.7130917587737706 0.7009799775583215
vn 0.011278946372142133 -0.7130917587737707 0.7009799775583214
vn -0.011278944932949096 0.7130917587748581 -0.7009799775803722
vn -0.011278944932948181 0.7130917587748583 -0.700979977580372
usemtl m_9d225fcc-bc87-2d05-dc5b-a973fc833c2e
f 1559/2377/793 1560/2378/793 1561/2379/793
f 1561/2380/794 1560/2381/794 1562/2382/794
f 1563/2383/795 1564/2384/795 1565/2385/795
f 1565/2386/796 1564/2387/796 1566/2388/796
f 1567/2389/797 1568/2390/797 1569/2391/797
f 1569/2392/798 1568/2393/798 1570/2394/798
f 1571/2395/799 1572/2396/799 1573/2397/799
f 1573/2398/800 1572/2399/800 1574/2400/800
f 1575/2401/801 1576/2402/801 1577/2403/801
f 1577/2404/802 1576/2405/802 1578/2406/802
f 1579/2407/803 1580/2408/803 1581/2409/803
f 1581/2410/804 1580/2411/804 1582/2412/804
o obj68
v -0.09145393744441813 0.39165050380533734 0.7218581356240529
v -0.08871139610195428 0.27656792730557017 0.8346553205089562
v -0.09412394696873702 0.21157382512789608 0.5387129890373537
v -0.09138140549903151 0.09649124877338389 0.651510174272558
v -0.18833924015243864 0.2760913466991414 0.835773542177106
v -0.19108178144225058 0.3911739228262266 0.722976357427613
v -0.19100924949686382 0.09601466779427331 0.6526283960761182
v -0.1937517908393277 0.2110972442940407 0.5398312111912151
v -0.19100924949686382 0.09601466779427331 0.6526283960761182
v -0.1937517908393277 0.2110972442940407 0.5398312111912151
v -0.09138140549903151 0.09649124877338389 0.651510174272558
v -0.09412394696873702 0.21157382512789608 0.5387129890373537
v -0.08871139610195428 0.27656792730557017 0.8346553205089562
v -0.09145393744441813 0.39165050380533734 0.7218581356240529
v -0.18833924015243864 0.2760913466991414 0.835773542177106
v -0.19108178144225058 0.3911739228262266 0.722976357427613
v -0.18833924015243864 0.2760913466991414 0.835773542177106
v -0.19100924949686382 0.09601466779427331 0.6526283960761182
v -0.08871139610195428 0.27656792730557017 0.8346553205089562
v -0.09138140549903151 0.09649124877338389 0.651510174272558
v -0.1937517908393277 0.2110972442940407 0.5398312111912151
v -0.19108178144225058 0.3911739228262266 0.722976357427613
v -0.09412394696873702 0.21157382512789608 0.5387129890373537
v -0.09145393744441813 0.39165050380533734 0.7218581356240529
vt 0.7507607686500682 0.3906455303428863
vt 0.7507607686500682 0.34377826308738646
vt 0.8289589676700058 0.3906455303428863
vt 0.8289589676700058 0.3906455303428863
vt 0.7507607686500682 0.34377826308738646
vt 0.8289589676700058 0.34377826308738646
vt 0.578738744820367 0.5000391518012104
vt 0.578738744820367 0.5469064190567102
vt 0.5004604657195079 0.5000391518012104
vt 0.5004604657195079 0.5000391518012104
vt 0.578738744820367 0.5469064190567102
vt 0.5004604657195079 0.5469064190567102
vt 0.8445946034699472 0.4219037077358224
vt 0.8445946034699472 0.4687709749913219
vt 0.813313321859949 0.4219037077358224
vt 0.813313321859949 0.4219037077358224
vt 0.8445946034699472 0.4687709749913219
vt 0.813313321859949 0.4687709749913219
vt 0.43790791250962696 0.31252008569445033
vt 0.43790791250962696 0.35943735003471156
vt 0.40662663089962897 0.31252008569445033
vt 0.40662663089962897 0.31252008569445033
vt 0.43790791250962696 0.35943735003471156
vt 0.40662663089962897 0.35943735003471156
vt 0.2502402428698692 0.20317646132088785
vt 0.2502402428698692 0.12505101667245178
vt 0.21896897126998627 0.20317646132088785
vt 0.21896897126998627 0.20317646132088785
vt 0.2502402428698692 0.12505101667245178
vt 0.21896897126998627 0.12505101667245178
vt 0.21896897126998627 0.3906455303428863
vt 0.21896897126998627 0.4687709749913219
vt 0.18768768965998822 0.3906455303428863
vt 0.18768768965998822 0.3906455303428863
vt 0.21896897126998627 0.4687709749913219
vt 0.18768768965998822 0.4687709749913219
vn 0.9998009197638845 0.004858144572030385 -0.01935250037095898
vn 0.9998009197559965 0.0048581454381960995 -0.019352500561039827
vn -0.9998009197758486 -0.004858144820296799 0.019352499690545876
vn -0.9998009197687983 -0.0048581449022047475 0.01935250003421468
vn -0.0046663714446576335 -0.7000291455326854 -0.7140990270139843
vn -0.004666374956681058 -0.7000291471256741 -0.7140990254294323
vn 0.004666373089889968 0.7000291455473082 0.7140990269888986
vn 0.004666371433188731 0.700029146259112 0.7140990263019454
vn 0.011278942289118405 -0.7130917577440191 0.7009799786715624
vn 0.011278945908138683 -0.713091758727321 0.7009799776130397
vn -0.011278947347333097 0.7130917587262338 -0.7009799775909887
vn -0.011278945905542678 0.7130917591187378 -0.7009799772149016
usemtl m_9d225fcc-bc87-2d05-dc5b-a973fc833c2e
f 1583/2413/805 1584/2414/805 1585/2415/805
f 1585/2416/806 1584/2417/806 1586/2418/806
f 1587/2419/807 1588/2420/807 1589/2421/807
f 1589/2422/808 1588/2423/808 1590/2424/808
f 1591/2425/809 1592/2426/809 1593/2427/809
f 1593/2428/810 1592/2429/810 1594/2430/810
f 1595/2431/811 1596/2432/811 1597/2433/811
f 1597/2434/812 1596/2435/812 1598/2436/812
f 1599/2437/813 1600/2438/813 1601/2439/813
f 1601/2440/814 1600/2441/814 1602/2442/814
f 1603/2443/815 1604/2444/815 1605/2445/815
f 1605/2446/816 1604/2447/816 1606/2448/816
o obj69
v 0.19679124136148357 0.4980347514209023 0.8331476257194552
v 0.19782889092496583 0.2762869642214179 0.8310889831726864
v 0.19245366723879107 0.5003519786724913 0.5813598763338375
v 0.19349131680227322 0.2786041914730068 0.5793012337870684
v -0.15304708748768558 0.2746013235585237 0.8358012724931044
v -0.1540847371038196 0.4963491111306901 0.8378599149044632
v -0.1573846616630301 0.27691855118279446 0.5840135229720763
v -0.15842231122651218 0.49866633838227875 0.5860721655188453
v -0.1573846616630301 0.27691855118279446 0.5840135229720763
v -0.15842231122651218 0.49866633838227875 0.5860721655188453
v 0.19349131680227322 0.2786041914730068 0.5793012337870684
v 0.19245366723879107 0.5003519786724913 0.5813598763338375
v 0.19782889092496583 0.2762869642214179 0.8310889831726864
v 0.19679124136148357 0.4980347514209023 0.8331476257194552
v -0.15304708748768558 0.2746013235585237 0.8358012724931044
v -0.1540847371038196 0.4963491111306901 0.8378599149044632
v -0.15304708748768558 0.2746013235585237 0.8358012724931044
v -0.1573846616630301 0.27691855118279446 0.5840135229720763
v 0.19782889092496583 0.2762869642214179 0.8310889831726864
v 0.19349131680227322 0.2786041914730068 0.5793012337870684
v -0.15842231122651218 0.49866633838227875 0.5860721655188453
v -0.1540847371038196 0.4963491111306901 0.8378599149044632
v 0.19245366723879107 0.5003519786724913 0.5813598763338375
v 0.19679124136148357 0.4980347514209023 0.8331476257194552
vt 0.6412212279594414 0.2812619083015142
vt 0.6412212279594414 0.21879555060040345
vt 0.7194995070603006 0.2812619083015142
vt 0.7194995070603006 0.2812619083015142
vt 0.6412212279594414 0.21879555060040345
vt 0.7194995070603006 0.21879555060040345
vt 0.07817817899970712 0.21879555060040345
vt 0.07817817899970712 0.2812619083015142
vt 0 0.21879555060040345
vt 0 0.21879555060040345
vt 0.07817817899970712 0.2812619083015142
vt 0 0.2812619083015142
vt 0.4066766809502049 0.29691099583188696
vt 0.4066766809502049 0.3593773535329977
vt 0.29714715026969335 0.29691099583188696
vt 0.29714715026969335 0.29691099583188696
vt 0.4066766809502049 0.3593773535329977
vt 0.29714715026969335 0.3593773535329977
vt 0.7507507586399529 0.9375336422988892
vt 0.7507507586399529 1
vt 0.6412212279594414 0.9375336422988892
vt 0.6412212279594414 0.9375336422988892
vt 0.7507507586399529 1
vt 0.6412212279594414 1
vt 0.29714715026969335 0.3906555297598385
vt 0.29714715026969335 0.3125500839453076
vt 0.18770770968021863 0.3906555297598385
vt 0.18770770968021863 0.3906555297598385
vt 0.29714715026969335 0.3125500839453076
vt 0.18770770968021863 0.3125500839453076
vt 0.5474574632103688 0.3125500839453076
vt 0.5474574632103688 0.3906555297598385
vt 0.43792793252985734 0.3125500839453076
vt 0.43792793252985734 0.3125500839453076
vt 0.5474574632103688 0.3906555297598385
vt 0.43792793252985734 0.3906555297598385
vn 0.9998407100431461 0.00483816064114082 -0.017179835331811895
vn 0.9998407100431461 0.00483816064114034 -0.01717983533181233
vn -0.9998407100388044 -0.004838160861669559 0.017179835522386555
vn -0.9998407100431461 -0.004838160641139968 0.017179835331812235
vn -0.013472571922343511 0.009219430883515796 -0.9998667370704866
vn -0.013472571922343518 0.009219430883515786 -0.9998667370704866
vn 0.013472572319945452 -0.009219430881604663 0.9998667370651467
vn 0.013472571919399575 -0.009219430254321752 0.9998667370763279
vn 0.004679158743947521 -0.9999459622808741 -0.009283210200463481
vn 0.004679157704889804 -0.999945962299604 -0.00928320870668683
vn -0.004679157704890292 0.999945962299604 0.009283208706685961
vn -0.004679157704889485 0.999945962299604 0.009283208706687052
usemtl m_9d225fcc-bc87-2d05-dc5b-a973fc833c2e
f 1607/2449/817 1608/2450/817 1609/2451/817
f 1609/2452/818 1608/2453/818 1610/2454/818
f 1611/2455/819 1612/2456/819 1613/2457/819
f 1613/2458/820 1612/2459/820 1614/2460/820
f 1615/2461/821 1616/2462/821 1617/2463/821
f 1617/2464/822 1616/2465/822 1618/2466/822
f 1619/2467/823 1620/2468/823 1621/2469/823
f 1621/2470/824 1620/2471/824 1622/2472/824
f 1623/2473/825 1624/2474/825 1625/2475/825
f 1625/2476/826 1624/2477/826 1626/2478/826
f 1627/2479/827 1628/2480/827 1629/2481/827
f 1629/2482/828 1628/2483/828 1630/2484/828
o obj70
v 0.20609902142407674 0.10830257396075743 0.6520932350664558
v 0.2063820167841312 0.047825902657107566 0.6515317872000994
v 0.1998673469653351 0.11107495121264549 0.35032402875371244
v 0.2001503421981478 0.050598279763740484 0.349762580537055
v 0.15674667071780896 0.047589055577091255 0.6520254180462535
v 0.15646367530510252 0.10806572725342306 0.6525868657771994
v 0.15051499607917374 0.05036143305640611 0.35025621124779904
v 0.15023200071911927 0.11083810436005609 0.35081765911415536
v 0.15051499607917374 0.05036143305640611 0.35025621124779904
v 0.15023200071911927 0.11083810436005609 0.35081765911415536
v 0.2001503421981478 0.050598279763740484 0.349762580537055
v 0.1998673469653351 0.11107495121264549 0.35032402875371244
v 0.2063820167841312 0.047825902657107566 0.6515317872000994
v 0.20609902142407674 0.10830257396075743 0.6520932350664558
v 0.15674667071780896 0.047589055577091255 0.6520254180462535
v 0.15646367530510252 0.10806572725342306 0.6525868657771994
v 0.15674667071780896 0.047589055577091255 0.6520254180462535
v 0.15051499607917374 0.05036143305640611 0.35025621124779904
v 0.2063820167841312 0.047825902657107566 0.6515317872000994
v 0.2001503421981478 0.050598279763740484 0.349762580537055
v 0.15023200071911927 0.11083810436005609 0.35081765911415536
v 0.15646367530510252 0.10806572725342306 0.6525868657771994
v 0.1998673469653351 0.11107495121264549 0.35032402875371244
v 0.20609902142407674 0.10830257396075743 0.6520932350664558
vt 0.9071371466697128 0.28129190655237124
vt 0.9071371466697128 0.2656728172728555
vt 0.8132933018397186 0.28129190655237124
vt 0.8132933018397186 0.28129190655237124
vt 0.9071371466697128 0.2656728172728555
vt 0.8132933018397186 0.2656728172728555
vt 0.8289489576598905 0.15628919523148332
vt 0.8289489576598905 0.17190828451099927
vt 0.9227928024898847 0.15628919523148332
vt 0.9227928024898847 0.15628919523148332
vt 0.8289489576598905 0.17190828451099927
vt 0.9227928024898847 0.17190828451099927
vt 0.8602702793103493 0.18755737204137202
vt 0.8602702793103493 0.20317646132088785
vt 0.8759259351305211 0.18755737204137202
vt 0.8759259351305211 0.18755737204137202
vt 0.8602702793103493 0.20317646132088785
vt 0.8759259351305211 0.20317646132088785
vt 0.8602702793103493 0.20317646132088785
vt 0.8602702793103493 0.2188055500173559
vt 0.8759259351305211 0.20317646132088785
vt 0.8759259351305211 0.20317646132088785
vt 0.8602702793103493 0.2188055500173559
vt 0.8759259351305211 0.2188055500173559
vt 0 0.17190828451099927
vt 0 0.07817375000000004
vt 0.015655655820171827 0.17190828451099927
vt 0.015655655820171827 0.17190828451099927
vt 0 0.07817375000000004
vt 0.015655655820171827 0.07817375000000004
vt 0.48488488998025764 0.07817375000000004
vt 0.48488488998025764 0.17190828451099927
vt 0.5005505558105446 0.07817375000000004
vt 0.5005505558105446 0.07817375000000004
vt 0.48488488998025764 0.17190828451099927
vt 0.5005505558105446 0.17190828451099927
vn 0.9997759156332775 0.004869619682183736 -0.020601100062681184
vn 0.9997759156343603 0.0048696176901955384 -0.020601100480991834
vn -0.9997759156180199 -0.0048696204815178975 0.020601100614190276
vn -0.9997759156250219 -0.004869619685856547 0.020601100462464262
vn -0.009988296876728912 0.009236111316141252 -0.9999074598047852
vn -0.00998828984926458 0.009236117139808174 -0.9999074598211911
vn 0.00998829968417513 -0.009236111302745776 0.9999074597768648
vn 0.009988296865937612 -0.009236109011933025 0.9999074598261769
vn 0.004679161551801208 -0.9999459622769648 -0.009283209206272356
vn 0.0046791540781776966 -0.999945962324799 -0.009283207820803942
vn -0.004679157057304208 0.9999459623102886 0.00928320788219136
vn -0.004679154073283245 0.9999459623202731 0.009283208310783617
usemtl m_9d225fcc-bc87-2d05-dc5b-a973fc833c2e
f 1631/2485/829 1632/2486/829 1633/2487/829
f 1633/2488/830 1632/2489/830 1634/2490/830
f 1635/2491/831 1636/2492/831 1637/2493/831
f 1637/2494/832 1636/2495/832 1638/2496/832
f 1639/2497/833 1640/2498/833 1641/2499/833
f 1641/2500/834 1640/2501/834 1642/2502/834
f 1643/2503/835 1644/2504/835 1645/2505/835
f 1645/2506/836 1644/2507/836 1646/2508/836
f 1647/2509/837 1648/2510/837 1649/2511/837
f 1649/2512/838 1648/2513/838 1650/2514/838
f 1651/2515/839 1652/2516/839 1653/2517/839
f 1653/2518/840 1652/2519/840 1654/2520/840
o obj71
v -0.11541237094942822 0.10675239036949441 0.6570157963991199
v -0.11512937558937375 0.046275719065844434 0.6564543485327635
v -0.1216440457673828 0.10952476784735987 0.3552465896664015
v -0.12136105040732853 0.04904809654370984 0.35468514180004473
v -0.1647647407636179 0.046038872135512665 0.6569479789495152
v -0.16504773636560666 0.10651554358143361 0.6575094273015073
v -0.17099641540167904 0.04881124938595127 0.355178772702508
v -0.17127941076173359 0.10928792068960103 0.3557402205688639
v -0.17099641540167904 0.04881124938595127 0.355178772702508
v -0.17127941076173359 0.10928792068960103 0.3557402205688639
v -0.12136105040732853 0.04904809654370984 0.35468514180004473
v -0.1216440457673828 0.10952476784735987 0.3552465896664015
v -0.11512937558937375 0.046275719065844434 0.6564543485327635
v -0.11541237094942822 0.10675239036949441 0.6570157963991199
v -0.1647647407636179 0.046038872135512665 0.6569479789495152
v -0.16504773636560666 0.10651554358143361 0.6575094273015073
v -0.1647647407636179 0.046038872135512665 0.6569479789495152
v -0.17099641540167904 0.04881124938595127 0.355178772702508
v -0.11512937558937375 0.046275719065844434 0.6564543485327635
v -0.12136105040732853 0.04904809654370984 0.35468514180004473
v -0.17127941076173359 0.10928792068960103 0.3557402205688639
v -0.16504773636560666 0.10651554358143361 0.6575094273015073
v -0.1216440457673828 0.10952476784735987 0.3552465896664015
v -0.11541237094942822 0.10675239036949441 0.6570157963991199
vt 0.8289489576598905 0.17190828451099927
vt 0.8289489576598905 0.15628919523148332
vt 0.9227928024898847 0.17190828451099927
vt 0.9227928024898847 0.17190828451099927
vt 0.8289489576598905 0.15628919523148332
vt 0.9227928024898847 0.15628919523148332
vt 0.9071371466697128 0.2656728172728555
vt 0.9071371466697128 0.28129190655237124
vt 0.8132933018397186 0.2656728172728555
vt 0.8132933018397186 0.2656728172728555
vt 0.9071371466697128 0.28129190655237124
vt 0.8132933018397186 0.28129190655237124
vt 0.8759259351305211 0.18755737204137202
vt 0.8759259351305211 0.20317646132088785
vt 0.8602702793103493 0.18755737204137202
vt 0.8602702793103493 0.18755737204137202
vt 0.8759259351305211 0.20317646132088785
vt 0.8602702793103493 0.20317646132088785
vt 0.8759259351305211 0.20317646132088785
vt 0.8759259351305211 0.2188055500173559
vt 0.8602702793103493 0.20317646132088785
vt 0.8602702793103493 0.20317646132088785
vt 0.8759259351305211 0.2188055500173559
vt 0.8602702793103493 0.2188055500173559
vt 0.015655655820171827 0.17190828451099927
vt 0.015655655820171827 0.07817375000000004
vt 0 0.17190828451099927
vt 0 0.17190828451099927
vt 0.015655655820171827 0.07817375000000004
vt 0 0.07817375000000004
vt 0.5005505558105446 0.07817375000000004
vt 0.5005505558105446 0.17190828451099927
vt 0.48488488998025764 0.07817375000000004
vt 0.48488488998025764 0.07817375000000004
vt 0.5005505558105446 0.17190828451099927
vt 0.48488488998025764 0.17190828451099927
vn 0.9997759156093813 0.004869619692814842 -0.02060110121986249
vn 0.9997759156093813 0.004869619692811765 -0.020601101219863135
vn -0.9997759156014883 -0.00486962384076512 0.02060110062242462
vn -0.999775915638103 -0.004869619680038183 0.02060109982900854
vn -0.009988297024363994 0.009236111315429453 -0.9999074598033171
vn -0.00998829702434617 0.009236111315444225 -0.9999074598033171
vn 0.00998828716235339 -0.009236111362496656 0.9999074599013961
vn 0.009988296906455352 -0.009236119283022017 0.9999074597308986
vn 0.00467915682375849 -0.9999459623068764 -0.009283208367458912
vn 0.00467916132314596 -0.9999459622780783 -0.009283209201560514
vn -0.004679161335450574 0.999945962289451 0.009283207970345065
vn -0.004679153837231258 0.99994596231454 0.009283209047308056
usemtl m_9d225fcc-bc87-2d05-dc5b-a973fc833c2e
f 1655/2521/841 1656/2522/841 1657/2523/841
f 1657/2524/842 1656/2525/842 1658/2526/842
f 1659/2527/843 1660/2528/843 1661/2529/843
f 1661/2530/844 1660/2531/844 1662/2532/844
f 1663/2533/845 1664/2534/845 1665/2535/845
f 1665/2536/846 1664/2537/846 1666/2538/846
f 1667/2539/847 1668/2540/847 1669/2541/847
f 1669/2542/848 1668/2543/848 1670/2544/848
f 1671/2545/849 1672/2546/849 1673/2547/849
f 1673/2548/850 1672/2549/850 1674/2550/850
f 1675/2551/851 1676/2552/851 1677/2553/851
f 1677/2554/852 1676/2555/852 1678/2556/852
o obj72
v 0.19949323443126504 0.32004426037264183 0.6417480437820473
v 0.19833889691984197 0.08812119682185277 0.5434458914512653
v 0.19808489422474282 0.3436987129009674 0.5862577717095152
v 0.19693055684056138 0.11177564949543334 0.4879556197290341
v 0.1490872071638878 0.08788745109916973 0.5437988787607861
v 0.15024154454806926 0.31981051450470394 0.6421010307412673
v 0.14767886701001756 0.11154190325481345 0.4883086068236647
v 0.14883320446878878 0.3434649671782845 0.5866107590190365
v 0.14767886701001756 0.11154190325481345 0.4883086068236647
v 0.14883320446878878 0.3434649671782845 0.5866107590190365
v 0.19693055684056138 0.11177564949543334 0.4879556197290341
v 0.19808489422474282 0.3436987129009674 0.5862577717095152
v 0.1490872071638878 0.08788745109916973 0.5437988787607861
v 0.15024154454806926 0.31981051450470394 0.6421010307412673
v 0.1490872071638878 0.08788745109916973 0.5437988787607861
v 0.14767886701001756 0.11154190325481345 0.4883086068236647
v 0.19833889691984197 0.08812119682185277 0.5434458914512653
v 0.19693055684056138 0.11177564949543334 0.4879556197290341
v 0.14883320446878878 0.3434649671782845 0.5866107590190365
v 0.15024154454806926 0.31981051450470394 0.6421010307412673
v 0.19808489422474282 0.3436987129009674 0.5862577717095152
v 0.19949323443126504 0.32004426037264183 0.6417480437820473
vt 0.31286286615055636 0.15629919464843578
vt 0.31286286615055636 0.07817375000000004
vt 0.29714715026969335 0.15629919464843578
vt 0.29714715026969335 0.15629919464843578
vt 0.31286286615055636 0.07817375000000004
vt 0.29714715026969335 0.07817375000000004
vt 0.1407607622399336 0.07817375000000004
vt 0.1407607622399336 0.15629919464843578
vt 0.156346347989299 0.07817375000000004
vt 0.156346347989299 0.07817375000000004
vt 0.1407607622399336 0.15629919464843578
vt 0.156346347989299 0.15629919464843578
vt 0.12517517649056817 0.07817375000000004
vt 0.12517517649056817 0.15629919464843578
vt 0.1407607622399336 0.07817375000000004
vt 0.1407607622399336 0.07817375000000004
vt 0.12517517649056817 0.15629919464843578
vt 0.1407607622399336 0.15629919464843578
vt 0.31286286615055636 0.07817375000000004
vt 0.31286286615055636 0.15629919464843578
vt 0.32844845189992183 0.07817375000000004
vt 0.32844845189992183 0.07817375000000004
vt 0.31286286615055636 0.15629919464843578
vt 0.32844845189992183 0.15629919464843578
vt 0.06256256321999608 0.12504101725549976
vt 0.06256256321999608 0.10943192739293606
vt 0.07814814896936152 0.12504101725549976
vt 0.07814814896936152 0.12504101725549976
vt 0.06256256321999608 0.10943192739293606
vt 0.07814814896936152 0.10943192739293606
vt 0.18764764961952746 0.10943192739293606
vt 0.18764764961952746 0.12504101725549976
vt 0.20336336550039047 0.10943192739293606
vt 0.20336336550039047 0.10943192739293606
vt 0.18764764961952746 0.12504101725549976
vt 0.20336336550039047 0.12504101725549976
vn 0.9997168541569308 0.004894274108917315 -0.02328642513390652
vn 0.9997168542054757 0.004894273771728102 -0.023286423120673017
vn -0.9997168541775746 -0.004894274238037042 0.023286424220502616
vn -0.9997168542041511 -0.0048942735084180535 0.023286423232881624
vn -0.008450590956987383 0.3902706012382014 -0.920661417309127
vn -0.008450590882627246 0.390270601251524 -0.9206614173041621
vn 0.008450590884286095 -0.3902706022270419 0.9206614168906225
vn 0.008450585463966383 -0.3902706012465324 0.9206614173560149
vn 0.0015550528227560373 -0.9198908071718417 -0.39217149908102217
vn 0.0015550641243445038 -0.9198908034075213 -0.3921715078659264
vn -0.0015550527441963676 0.9198908035279977 0.39217150762845804
vn -0.001555058279312446 0.9198908052299578 0.3921715036143346
usemtl m_9d225fcc-bc87-2d05-dc5b-a973fc833c2e
f 1679/2557/853 1680/2558/853 1681/2559/853
f 1681/2560/854 1680/2561/854 1682/2562/854
f 1683/2563/855 1684/2564/855 1685/2565/855
f 1685/2566/856 1684/2567/856 1686/2568/856
f 1687/2569/857 1688/2570/857 1689/2571/857
f 1689/2572/858 1688/2573/858 1690/2574/858
f 1680/2575/859 1679/2576/859 1691/2577/859
f 1691/2578/860 1679/2579/860 1692/2580/860
f 1693/2581/861 1694/2582/861 1695/2583/861
f 1695/2584/862 1694/2585/862 1696/2586/862
f 1697/2587/863 1698/2588/863 1699/2589/863
f 1699/2590/864 1698/2591/864 1700/2592/864
o obj73
v -0.11193946191449974 0.3185426716532243 0.6465162928458026
v -0.11309379966463173 0.08661960824473236 0.5482141409994736
v -0.1133478019937803 0.3421971243268049 0.5910260211235714
v -0.1145021398711539 0.11027406077305779 0.4927238689269418
v -0.16234548954782763 0.0863858623767943 0.5485671279586939
v -0.16119115203640433 0.3183089259275835 0.646869280289476
v -0.163753829627108 0.11004031505037498 0.493076856236463
v -0.16259949224292636 0.34196337845590924 0.5913790082169444
v -0.163753829627108 0.11004031505037498 0.493076856236463
v -0.16259949224292636 0.34196337845590924 0.5913790082169444
v -0.1145021398711539 0.11027406077305779 0.4927238689269418
v -0.1133478019937803 0.3421971243268049 0.5910260211235714
v -0.11309379966463173 0.08661960824473236 0.5482141409994736
v -0.11193946191449974 0.3185426716532243 0.6465162928458026
v -0.16234548954782763 0.0863858623767943 0.5485671279586939
v -0.163753829627108 0.11004031505037498 0.493076856236463
v -0.11309379966463173 0.08661960824473236 0.5482141409994736
v -0.1145021398711539 0.11027406077305779 0.4927238689269418
v -0.16259949224292636 0.34196337845590924 0.5913790082169444
v -0.16119115203640433 0.3183089259275835 0.646869280289476
v -0.1133478019937803 0.3421971243268049 0.5910260211235714
v -0.11193946191449974 0.3185426716532243 0.6465162928458026
vt 0.1407607622399336 0.15629919464843578
vt 0.1407607622399336 0.07817375000000004
vt 0.156346347989299 0.15629919464843578
vt 0.156346347989299 0.15629919464843578
vt 0.1407607622399336 0.07817375000000004
vt 0.156346347989299 0.07817375000000004
vt 0.31286286615055636 0.07817375000000004
vt 0.31286286615055636 0.15629919464843578
vt 0.29714715026969335 0.07817375000000004
vt 0.29714715026969335 0.07817375000000004
vt 0.31286286615055636 0.15629919464843578
vt 0.29714715026969335 0.15629919464843578
vt 0.1407607622399336 0.07817375000000004
vt 0.1407607622399336 0.15629919464843578
vt 0.12517517649056817 0.07817375000000004
vt 0.12517517649056817 0.07817375000000004
vt 0.1407607622399336 0.15629919464843578
vt 0.12517517649056817 0.15629919464843578
vt 0.32844845189992183 0.07817375000000004
vt 0.32844845189992183 0.15629919464843578
vt 0.31286286615055636 0.07817375000000004
vt 0.31286286615055636 0.07817375000000004
vt 0.32844845189992183 0.15629919464843578
vt 0.31286286615055636 0.15629919464843578
vt 0.07814814896936152 0.12504101725549976
vt 0.07814814896936152 0.10943192739293606
vt 0.06256256321999608 0.12504101725549976
vt 0.06256256321999608 0.12504101725549976
vt 0.07814814896936152 0.10943192739293606
vt 0.06256256321999608 0.10943192739293606
vt 0.20336336550039047 0.10943192739293606
vt 0.20336336550039047 0.12504101725549976
vt 0.18764764961952746 0.10943192739293606
vt 0.18764764961952746 0.10943192739293606
vt 0.20336336550039047 0.12504101725549976
vt 0.18764764961952746 0.12504101725549976
vn 0.9997168541986967 0.0048942724241841625 -0.023286423694932945
vn 0.9997168541501515 0.004894272761373312 -0.023286425708166088
vn -0.9997168542032755 -0.0048942733343620305 0.02328642330705418
vn -0.9997168541591311 -0.004894274546279328 0.023286424947519924
vn -0.008450590882625704 0.39027060125152485 -0.9206614173041618
vn -0.008450587933084066 0.39027060177997486 -0.9206614171072238
vn 0.008450585463213194 -0.39027060080218423 0.9206614175443821
vn 0.008450593352488489 -0.39027060222931603 0.9206614168670034
vn 0.0015550582413688078 -0.9198908034698005 -0.3921715077431695
vn 0.0015550527821407562 -0.9198908052881543 -0.3921715034996248
vn -0.0015550572549986258 0.9198908052407989 0.39217150359296654
vn -0.0015550517198938828 0.9198908035388424 0.39217150760708197
usemtl m_9d225fcc-bc87-2d05-dc5b-a973fc833c2e
f 1701/2593/865 1702/2594/865 1703/2595/865
f 1703/2596/866 1702/2597/866 1704/2598/866
f 1705/2599/867 1706/2600/867 1707/2601/867
f 1707/2602/868 1706/2603/868 1708/2604/868
f 1709/2605/869 1710/2606/869 1711/2607/869
f 1711/2608/870 1710/2609/870 1712/2610/870
f 1713/2611/871 1714/2612/871 1705/2613/871
f 1705/2614/872 1714/2615/872 1706/2616/872
f 1715/2617/873 1716/2618/873 1717/2619/873
f 1717/2620/874 1716/2621/874 1718/2622/874
f 1719/2623/875 1720/2624/875 1721/2625/875
f 1721/2626/876 1720/2627/876 1722/2628/876
o obj74
v 0.1635610551711264 0.609694824655 0.6737281246708546
v 0.1627092196003445 0.2850087916524187 0.5358249860406551
v 0.16219599201406942 0.6392661354927887 0.6042202333044733
v 0.16134415644328748 0.31458010249020724 0.4663170946742736
v -0.1276874948476624 0.28361477839027854 0.5396087976072346
v -0.12683565940412211 0.6083008112476049 0.6775119358871332
v -0.12905255837753582 0.3131860892250538 0.4701009063775228
v -0.12820072293399548 0.6378721220823802 0.6080040446574215
v -0.12905255837753582 0.3131860892250538 0.4701009063775228
v -0.12820072293399548 0.6378721220823802 0.6080040446574215
v 0.16134415644328748 0.31458010249020724 0.4663170946742736
v 0.16219599201406942 0.6392661354927887 0.6042202333044733
v 0.1627092196003445 0.2850087916524187 0.5358249860406551
v 0.1635610551711264 0.609694824655 0.6737281246708546
v -0.1276874948476624 0.28361477839027854 0.5396087976072346
v -0.12683565940412211 0.6083008112476049 0.6775119358871332
v -0.1276874948476624 0.28361477839027854 0.5396087976072346
v -0.12905255837753582 0.3131860892250538 0.4701009063775228
v 0.1627092196003445 0.2850087916524187 0.5358249860406551
v 0.16134415644328748 0.31458010249020724 0.4663170946742736
v -0.12820072293399548 0.6378721220823802 0.6080040446574215
v -0.12683565940412211 0.6083008112476049 0.6775119358871332
v 0.16219599201406942 0.6392661354927887 0.6042202333044733
v 0.1635610551711264 0.609694824655 0.6737281246708546
vt 0.21894895124975586 1
vt 0.21894895124975586 0.8905963791247234
vt 0.25023023285975393 1
vt 0.25023023285975393 1
vt 0.21894895124975586 0.8905963791247234
vt 0.25023023285975393 0.8905963791247234
vt 0.12512512643999216 0.4844200625216949
vt 0.12512512643999216 0.5938236833969714
vt 0.09384384482999411 0.4844200625216949
vt 0.09384384482999411 0.4844200625216949
vt 0.12512512643999216 0.5938236833969714
vt 0.09384384482999411 0.5938236833969714
vt 0.5005005057599686 0.43750279818143367
vt 0.5005005057599686 0.5469064190567102
vt 0.40666667094008974 0.43750279818143367
vt 0.40666667094008974 0.43750279818143367
vt 0.5005005057599686 0.5469064190567102
vt 0.40666667094008974 0.5469064190567102
vt 0.40666667094008974 0.43750279818143367
vt 0.40666667094008974 0.5469064190567102
vt 0.3128328361202109 0.43750279818143367
vt 0.3128328361202109 0.43750279818143367
vt 0.40666667094008974 0.5469064190567102
vt 0.3128328361202109 0.5469064190567102
vt 0.4692192241499706 0.21879555060040345
vt 0.4692192241499706 0.18754737262441967
vt 0.3753953993402068 0.21879555060040345
vt 0.3753953993402068 0.21879555060040345
vt 0.4692192241499706 0.18754737262441967
vt 0.3753953993402068 0.18754737262441967
vt 0.3753953993402068 0.18754737262441967
vt 0.3753953993402068 0.21879555060040345
vt 0.28151151446975187 0.18754737262441967
vt 0.28151151446975187 0.18754737262441967
vt 0.3753953993402068 0.21879555060040345
vt 0.28151151446975187 0.21879555060040345
vn 0.9998338100284421 0.004841803604390531 -0.017575814685692644
vn 0.9998338100284421 0.004841803604390669 -0.017575814685693365
vn -0.9998338099395453 -0.004841805863231588 0.017575819120482835
vn -0.9998338099395453 -0.004841805863231173 0.017575819120482245
vn -0.013868151352434303 0.3909215394998587 -0.9203195229555475
vn -0.013868150431394576 0.3909215402004209 -0.9203195226718507
vn 0.013868150932620522 -0.3909215401988171 0.920319522664979
vn 0.013868150012604899 -0.39092153950414504 0.9203195229739166
vn -0.0006835261589601314 -0.9201903293621805 -0.39147067647566125
vn -0.0006835263234638031 -0.920190329624826 -0.3914706758579996
vn 0.0006835254001641074 0.9201903293572896 0.3914706764884831
vn 0.0006835252171304694 0.9201903296176945 0.39147067587669493
usemtl m_9d225fcc-bc87-2d05-dc5b-a973fc833c2e
f 1723/2629/877 1724/2630/877 1725/2631/877
f 1725/2632/878 1724/2633/878 1726/2634/878
f 1727/2635/879 1728/2636/879 1729/2637/879
f 1729/2638/880 1728/2639/880 1730/2640/880
f 1731/2641/881 1732/2642/881 1733/2643/881
f 1733/2644/882 1732/2645/882 1734/2646/882
f 1735/2647/883 1736/2648/883 1737/2649/883
f 1737/2650/884 1736/2651/884 1738/2652/884
f 1739/2653/885 1740/2654/885 1741/2655/885
f 1741/2656/886 1740/2657/886 1742/2658/886
f 1743/2659/887 1744/2660/887 1745/2661/887
f 1745/2662/888 1744/2663/888 1746/2664/888
o obj75
v 0.1701490446923712 0.35334471160833364 0.6812946540687331
v 0.17050278930788978 0.27774875675610283 0.6805928434262744
v 0.1640530270780894 0.35658863981273764 0.3288004535601349
v 0.16440677193957925 0.2809926848182685 0.3280986424305605
v -0.13019089388958205 0.2763043851009826 0.6846108906246919
v -0.13054463850510062 0.3519003399532135 0.6853127012671506
v -0.13628691131054455 0.27954831353583015 0.33211668949356754
v -0.1366406561193826 0.3551442681576173 0.332818500758552
v -0.13628691131054455 0.27954831353583015 0.33211668949356754
v -0.1366406561193826 0.3551442681576173 0.332818500758552
v 0.16440677193957925 0.2809926848182685 0.3280986424305605
v 0.1640530270780894 0.35658863981273764 0.3288004535601349
v 0.17050278930788978 0.27774875675610283 0.6805928434262744
v 0.1701490446923712 0.35334471160833364 0.6812946540687331
v -0.13019089388958205 0.2763043851009826 0.6846108906246919
v -0.13054463850510062 0.3519003399532135 0.6853127012671506
v -0.13019089388958205 0.2763043851009826 0.6846108906246919
v -0.13628691131054455 0.27954831353583015 0.33211668949356754
v 0.17050278930788978 0.27774875675610283 0.6805928434262744
v 0.16440677193957925 0.2809926848182685 0.3280986424305605
v -0.1366406561193826 0.3551442681576173 0.332818500758552
v -0.13054463850510062 0.3519003399532135 0.6853127012671506
v 0.1640530270780894 0.35658863981273764 0.3288004535601349
v 0.1701490446923712 0.35334471160833364 0.6812946540687331
vt 0.8132933018397186 0.687538219074066
vt 0.8132933018397186 0.6719391286284548
vt 0.9228028124999997 0.687538219074066
vt 0.9228028124999997 0.687538219074066
vt 0.8132933018397186 0.6719391286284548
vt 0.9228028124999997 0.6719391286284548
vt 0.9228028124999997 0.6562300445963682
vt 0.9228028124999997 0.6719391286284548
vt 0.8132933018397186 0.6562300445963682
vt 0.8132933018397186 0.6562300445963682
vt 0.9228028124999997 0.6719391286284548
vt 0.8132933018397186 0.6719391286284548
vt 0.9071171266494824 0.23442463929687163
vt 0.9071171266494824 0.25002372974248266
vt 0.8132933018397186 0.23442463929687163
vt 0.8132933018397186 0.23442463929687163
vt 0.9071171266494824 0.25002372974248266
vt 0.8132933018397186 0.25002372974248266
vt 0.9071171266494824 0.5312673309432898
vt 0.9071171266494824 0.5468764208058532
vt 0.8132933018397186 0.5312673309432898
vt 0.8132933018397186 0.5312673309432898
vt 0.9071171266494824 0.5468764208058532
vt 0.8132933018397186 0.5468764208058532
vt 0.6412512579897869 1
vt 0.6412512579897869 0.890646376209485
vt 0.5474374431901385 1
vt 0.5474374431901385 1
vt 0.6412512579897869 0.890646376209485
vt 0.5474374431901385 0.890646376209485
vt 0.18765765962964265 0.35938735294995006
vt 0.18765765962964265 0.468740976740465
vt 0.09384384482999411 0.35938735294995006
vt 0.09384384482999411 0.35938735294995006
vt 0.18765765962964265 0.468740976740465
vt 0.09384384482999411 0.468740976740465
vn 0.9998395568521985 0.004838773985781384 -0.017246646628080363
vn 0.999839556848939 0.004838777334066842 -0.017246645877639296
vn -0.9998395568622592 -0.00483877398042733 0.017246646046337057
vn -0.9998395568395018 -0.0048387766991250265 0.01724664660289093
vn -0.01340511030077836 0.009219757711922528 -0.9998676407832976
vn -0.013405110756089047 0.009219755864106251 -0.999867640794232
vn 0.013405110726230438 -0.009219749482940968 0.999867640853473
vn 0.01340511072623006 -0.009219749482939493 0.999867640853473
vn 0.00467915793039759 -0.999945962295081 -0.009283209080202418
vn 0.0046791567088631915 -0.9999459623107803 -0.00928320800487512
vn -0.004679157938905373 0.9999459623009322 0.009283208445647673
vn -0.004679157938904619 0.9999459623009322 0.009283208445648295
usemtl m_9d225fcc-bc87-2d05-dc5b-a973fc833c2e
f 1747/2665/889 1748/2666/889 1749/2667/889
f 1749/2668/890 1748/2669/890 1750/2670/890
f 1751/2671/891 1752/2672/891 1753/2673/891
f 1753/2674/892 1752/2675/892 1754/2676/892
f 1755/2677/893 1756/2678/893 1757/2679/893
f 1757/2680/894 1756/2681/894 1758/2682/894
f 1759/2683/895 1760/2684/895 1761/2685/895
f 1761/2686/896 1760/2687/896 1762/2688/896
f 1763/2689/897 1764/2690/897 1765/2691/897
f 1765/2692/898 1764/2693/898 1766/2694/898
f 1767/2695/899 1768/2696/899 1769/2697/899
f 1769/2698/900 1768/2699/900 1770/2700/900
o obj76
v 0.1708346999945692 0.277751519302567 0.6804707863491535
v 0.17177894762751433 0.07596387619024891 0.6785974483131625
v 0.15975803416519774 0.2837816386675221 0.025350019214541802
v 0.16070228179814286 0.08199399555520392 0.023476681178550618
v -0.12924665234389754 0.07451682211988486 0.6827371717019239
v -0.1301908999241907 0.27630446485952126 0.6846105098733255
v -0.14032331812061677 0.08054694111215821 0.027616404702723196
v -0.14126756575356186 0.2823345842244764 0.029489742738714325
v -0.14032331812061677 0.08054694111215821 0.027616404702723196
v -0.14126756575356186 0.2823345842244764 0.029489742738714325
v 0.16070228179814286 0.08199399555520392 0.023476681178550618
v 0.15975803416519774 0.2837816386675221 0.025350019214541802
v 0.17177894762751433 0.07596387619024891 0.6785974483131625
v 0.1708346999945692 0.277751519302567 0.6804707863491535
v -0.12924665234389754 0.07451682211988486 0.6827371717019239
v -0.1301908999241907 0.27630446485952126 0.6846105098733255
v -0.12924665234389754 0.07451682211988486 0.6827371717019239
v -0.14032331812061677 0.08054694111215821 0.027616404702723196
v 0.17177894762751433 0.07596387619024891 0.6785974483131625
v 0.16070228179814286 0.08199399555520392 0.023476681178550618
v -0.14126756575356186 0.2823345842244764 0.029489742738714325
v -0.1301908999241907 0.27630446485952126 0.6846105098733255
v 0.15975803416519774 0.2837816386675221 0.025350019214541802
v 0.1708346999945692 0.277751519302567 0.6804707863491535
vt 0.3753453492896309 0.7031473089366295
vt 0.3753453492896309 0.6406209547338049
vt 0.5787287348102518 0.7031473089366295
vt 0.5787287348102518 0.7031473089366295
vt 0.3753453492896309 0.6406209547338049
vt 0.5787287348102518 0.6406209547338049
vt 0.5787287348102518 0.7031473089366295
vt 0.5787287348102518 0.7656836625564064
vt 0.3753453492896309 0.7031473089366295
vt 0.3753453492896309 0.7031473089366295
vt 0.5787287348102518 0.7656836625564064
vt 0.3753453492896309 0.7656836625564064
vt 0.7976776860600078 0.687538219074066
vt 0.7976776860600078 0.7499745785243197
vt 0.7038438512401287 0.687538219074066
vt 0.7038438512401287 0.687538219074066
vt 0.7976776860600078 0.7499745785243197
vt 0.7038438512401287 0.7499745785243197
vt 0.18767767964987306 0.23442463929687163
vt 0.18767767964987306 0.29695099349969634
vt 0.09384384482999411 0.23442463929687163
vt 0.09384384482999411 0.23442463929687163
vt 0.18767767964987306 0.29695099349969634
vt 0.09384384482999411 0.29695099349969634
vt 0.3440640676796329 1
vt 0.3440640676796329 0.7969018422815334
vt 0.25023023285975393 1
vt 0.25023023285975393 1
vt 0.3440640676796329 0.7969018422815334
vt 0.25023023285975393 0.7969018422815334
vt 0.21894895124975586 0.468740976740465
vt 0.21894895124975586 0.6719391286284548
vt 0.12512512643999216 0.468740976740465
vt 0.12512512643999216 0.468740976740465
vt 0.21894895124975586 0.6719391286284548
vt 0.12512512643999216 0.6719391286284548
vn 0.9998461566155843 0.004835222668057456 -0.016860715370206038
vn 0.9998461566155843 0.00483522266805747 -0.016860715370206038
vn -0.999846156617963 -0.004835222426758628 0.016860715298345076
vn -0.9998461566155843 -0.004835222668057323 0.016860715370205587
vn -0.01379448299324995 0.009217882506719866 -0.9998623619684068
vn -0.013794482993249771 0.009217882506720138 -0.9998623619684069
vn 0.013794482529752744 -0.00921788250894725 0.999862361974781
vn 0.013794482996483956 -0.009217883198230782 0.999862361961987
vn 0.004679156723493859 -0.9999459623072352 -0.00928320837935879
vn 0.0046791579499701145 -0.9999459622960378 -0.009283208967294034
vn -0.004679157949970113 0.9999459622960378 0.009283208967294213
vn -0.004679157949970123 0.9999459622960378 0.00928320896729421
usemtl m_9d225fcc-bc87-2d05-dc5b-a973fc833c2e
f 1771/2701/901 1772/2702/901 1773/2703/901
f 1773/2704/902 1772/2705/902 1774/2706/902
f 1775/2707/903 1776/2708/903 1777/2709/903
f 1777/2710/904 1776/2711/904 1778/2712/904
f 1779/2713/905 1780/2714/905 1781/2715/905
f 1781/2716/906 1780/2717/906 1782/2718/906
f 1783/2719/907 1784/2720/907 1785/2721/907
f 1785/2722/908 1784/2723/908 1786/2724/908
f 1787/2725/909 1788/2726/909 1789/2727/909
f 1789/2728/910 1788/2729/910 1790/2730/910
f 1791/2731/911 1792/2732/911 1793/2733/911
f 1793/2734/912 1792/2735/912 1794/2736/912
o obj77
v 0.21586373659902697 0.3241808164253978 0.024592864355304583
v 0.21704288508339803 0.07219444311926043 0.02225349576834612
v 0.20496813762249996 0.33020867869518283 -0.6301935213174927
v 0.20614728597962934 0.07822230524379031 -0.6325328902547519
v -0.1946731116436639 0.07021425955449101 0.02802651051080665
v -0.19585226012803508 0.3222006328606282 0.030365879097764725
v -0.20556871099419155 0.07624212182125317 -0.6267598750248865
v -0.20674785947856278 0.32822849512739044 -0.6244205064379283
v -0.20556871099419155 0.07624212182125317 -0.6267598750248865
v -0.20674785947856278 0.32822849512739044 -0.6244205064379283
v 0.20614728597962934 0.07822230524379031 -0.6325328902547519
v 0.20496813762249996 0.33020867869518283 -0.6301935213174927
v 0.21704288508339803 0.07219444311926043 0.02225349576834612
v 0.21586373659902697 0.3241808164253978 0.024592864355304583
v -0.1946731116436639 0.07021425955449101 0.02802651051080665
v -0.19585226012803508 0.3222006328606282 0.030365879097764725
v -0.1946731116436639 0.07021425955449101 0.02802651051080665
v -0.20556871099419155 0.07624212182125317 -0.6267598750248865
v 0.21704288508339803 0.07219444311926043 0.02225349576834612
v 0.20614728597962934 0.07822230524379031 -0.6325328902547519
v -0.20674785947856278 0.32822849512739044 -0.6244205064379283
v -0.19585226012803508 0.3222006328606282 0.030365879097764725
v 0.20496813762249996 0.33020867869518283 -0.6301935213174927
v 0.21586373659902697 0.3241808164253978 0.024592864355304583
vt 0.37541541936043726 0.6250418631220984
vt 0.37541541936043726 0.5469064190567102
vt 0.5787187248001365 0.6250418631220984
vt 0.5787187248001365 0.6250418631220984
vt 0.37541541936043726 0.5469064190567102
vt 0.5787187248001365 0.5469064190567102
vt 0.5474374431901385 0.7656236660546926
vt 0.5474374431901385 0.8437591101200808
vt 0.3440540576695176 0.7656236660546926
vt 0.3440540576695176 0.7656236660546926
vt 0.5474374431901385 0.8437591101200808
vt 0.3440540576695176 0.8437591101200808
vt 0.7038338412300137 0.5781445976157417
vt 0.7038338412300137 0.6562800416811299
vt 0.5787187248001365 0.5781445976157417
vt 0.5787187248001365 0.5781445976157417
vt 0.7038338412300137 0.6562800416811299
vt 0.5787187248001365 0.6562800416811299
vt 0.7038338412300137 0.6562800416811299
vt 0.7038338412300137 0.734385487495661
vt 0.5787187248001365 0.6562800416811299
vt 0.5787187248001365 0.6562800416811299
vt 0.7038338412300137 0.734385487495661
vt 0.5787187248001365 0.734385487495661
vt 0.37541541936043726 0.7500045767751768
vt 0.37541541936043726 0.5469064190567102
vt 0.25022022284963874 0.7500045767751768
vt 0.25022022284963874 0.7500045767751768
vt 0.37541541936043726 0.5469064190567102
vt 0.25022022284963874 0.5469064190567102
vt 0.12510510641976175 0.5937636868952576
vt 0.12510510641976175 0.7969018422815334
vt 0 0.5937636868952576
vt 0 0.5937636868952576
vt 0.12510510641976175 0.7969018422815334
vt 0 0.7969018422815334
vn 0.9998506480031276 0.00483275899396022 -0.016592954174360828
vn 0.9998506480022927 0.004832758511130575 -0.016592954365283366
vn -0.9998506479935699 -0.0048327589992483225 0.016592954748744088
vn -0.9998506479935699 -0.004832758999248549 0.016592954748744174
vn -0.014064184036879016 0.00921658598997121 -0.999858616640406
vn -0.014064183191771731 0.009216587385667708 -0.9998586166394281
vn 0.014064182865079565 -0.0092165859956083 0.9998586166568367
vn 0.014064182865078614 -0.009216585995606765 0.9998586166568367
vn 0.004679158628585533 -0.9999459622939006 -0.0092832088554411
vn 0.004679158272616042 -0.9999459622977179 -0.009283208623671785
vn -0.004679158628585614 0.9999459622939006 0.009283208855441186
vn -0.0046791586285859455 0.9999459622939006 0.009283208855440987
usemtl m_9d225fcc-bc87-2d05-dc5b-a973fc833c2e
f 1795/2737/913 1796/2738/913 1797/2739/913
f 1797/2740/914 1796/2741/914 1798/2742/914
f 1799/2743/915 1800/2744/915 1801/2745/915
f 1801/2746/916 1800/2747/916 1802/2748/916
f 1803/2749/917 1804/2750/917 1805/2751/917
f 1805/2752/918 1804/2753/918 1806/2754/918
f 1807/2755/919 1808/2756/919 1809/2757/919
f 1809/2758/920 1808/2759/920 1810/2760/920
f 1811/2761/921 1812/2762/921 1813/2763/921
f 1813/2764/922 1812/2765/922 1814/2766/922
f 1815/2767/923 1816/2768/923 1817/2769/923
f 1817/2770/924 1816/2771/924 1818/2772/924