# Made in Blockbench 5.1.4
mtllib hoverbike_1.mtl

o obj1
v -0.24175209914701398 0.42460135412591954 0.11357573138939142
v -0.24292781454887225 0.04962232380432835 0.1173631234205228
v -0.679247791070249 0.4259590284228608 0.1121859926392536
v -0.4614295906469942 0.05030040891548574 0.11666903897802439
v -0.24194866143149274 0.42523320005458 0.17607224213849365
v -0.6794443589971952 0.4265908771025919 0.1746825111725816
v -0.24312437278743343 0.05025418213193057 0.1798596455668527
v -0.46162615857394046 0.050932257595217065 0.17916555751135252
v -0.24175209914701398 0.42460135412591954 0.11357573138939142
v -0.679247791070249 0.4259590284228608 0.1121859926392536
v -0.24194866143149274 0.42523320005458 0.17607224213849365
v -0.6794443589971952 0.4265908771025919 0.1746825111725816
v -0.24292781454887225 0.04962232380432835 0.1173631234205228
v -0.24312437278743343 0.05025418213193057 0.1798596455668527
v -0.4614295906469942 0.05030040891548574 0.11666903897802439
v -0.46162615857394046 0.050932257595217065 0.17916555751135252
v -0.24175209914701398 0.42460135412591954 0.11357573138939142
v -0.24194866143149274 0.42523320005458 0.17607224213849365
v -0.24292781454887225 0.04962232380432835 0.1173631234205228
v -0.24312437278743343 0.05025418213193057 0.1798596455668527
v -0.679247791070249 0.4259590284228608 0.1121859926392536
v -0.4614295906469942 0.05030040891548574 0.11666903897802439
v -0.6794443589971952 0.4265908771025919 0.1746825111725816
v -0.46162615857394046 0.050932257595217065 0.17916555751135252
vt 0 0.21873999999999993
vt 0 0.125
vt 0.10939 0.125
vt 0 0.21873999999999993
vt 0.10939 0.125
vt 0.05469 0.21873999999999993
vt 0.12502 0.125
vt 0.23437 0.125
vt 0.23437 0.21873999999999993
vt 0.12502 0.125
vt 0.23437 0.21873999999999993
vt 0.17968 0.21873999999999993
vt 0.09376 0.45314
vt 0.09376 0.34373999999999993
vt 0.07813 0.45314
vt 0.07813 0.45314
vt 0.09376 0.34373999999999993
vt 0.07813 0.34373999999999993
vt 0.25 0.48439999999999994
vt 0.23437 0.48439999999999994
vt 0.25 0.54688
vt 0.25 0.54688
vt 0.23437 0.48439999999999994
vt 0.23437 0.54688
vt 0 0.40627
vt 0.01563 0.40627
vt 0.01563 0.50001
vt 0 0.40627
vt 0.01563 0.50001
vt 0 0.50001
vt 0.10939 0.39061
vt 0.10939 0.50001
vt 0.12502 0.39061
vt 0.12502 0.39061
vt 0.10939 0.50001
vt 0.12502 0.50001
vn -0.0031450260574635283 0.01010957173885879 0.9999439511144386
vn -0.003145010487797361 0.010109589788294819 0.9999439509809258
vn 0.003145008065766396 -0.010109602372841113 -0.9999439508613117
vn 0.0031450273596508316 -0.010109580006032542 -0.9999439510267607
vn 0.003135194954120373 0.9999440820133025 -0.010099673221114684
vn 0.0031352011553170125 0.9999440815650826 -0.01009971567317977
vn -0.0031352484508769263 -0.9999440798603063 0.010099869775239606
vn -0.003135203842399319 -0.9999440815567437 0.010099715664646595
vn -0.9999901395840012 0.0031033017956376696 -0.0031765158169360652
vn -0.9999901398212799 0.0031032916673648936 -0.003176451014026027
vn -0.8651047271827967 -0.5015857732540466 0.0023501223625845835
vn -0.8651047271827966 -0.501585773254047 0.0023501223625852496
usemtl m_73ede92d-df23-06b7-6449-48c338f61152
f 2/1/1 1/2/1 3/3/1
f 2/4/2 3/5/2 4/6/2
f 6/7/3 5/8/3 7/9/3
f 6/10/4 7/11/4 8/12/4
f 9/13/5 10/14/5 11/15/5
f 11/16/6 10/17/6 12/18/6
f 13/19/7 14/20/7 15/21/7
f 15/22/8 14/23/8 16/24/8
f 18/25/9 17/26/9 19/27/9
f 18/28/10 19/29/10 20/30/10
f 21/31/11 22/32/11 23/33/11
f 23/34/12 22/35/12 24/36/12
o obj2
v -0.24056854056837462 0.48394355005020034 -0.19954355052363426
v -0.24076449419276 0.4214470385872175 -0.19891231701973855
v -0.6780639907496468 0.48530122771541484 -0.2009332822397023
v -0.6782599427879188 0.42280472586650847 -0.20030205098386722
v -0.24174791943391907 0.4877346486267521 0.17543596457521474
v -0.6792433696151913 0.4890923262919666 0.17404623285914678
v -0.24194387305830442 0.42523813716376924 0.17606719807911037
v -0.6794393216534631 0.4265958244430602 0.1746774641149818
v -0.24056854056837462 0.48394355005020034 -0.19954355052363426
v -0.6780639907496468 0.48530122771541484 -0.2009332822397023
v -0.24174791943391907 0.4877346486267521 0.17543596457521474
v -0.6792433696151913 0.4890923262919666 0.17404623285914678
v -0.24076449419276 0.4214470385872175 -0.19891231701973855
v -0.24194387305830442 0.42523813716376924 0.17606719807911037
v -0.6782599427879188 0.42280472586650847 -0.20030205098386722
v -0.6794393216534631 0.4265958244430602 0.1746774641149818
v -0.24056854056837462 0.48394355005020034 -0.19954355052363426
v -0.24174791943391907 0.4877346486267521 0.17543596457521474
v -0.24076449419276 0.4214470385872175 -0.19891231701973855
v -0.24194387305830442 0.42523813716376924 0.17606719807911037
v -0.6780639907496468 0.48530122771541484 -0.2009332822397023
v -0.6782599427879188 0.42280472586650847 -0.20030205098386722
v -0.6792433696151913 0.4890923262919666 0.17404623285914678
v -0.6794393216534631 0.4265958244430602 0.1746774641149818
vt 0.34376 0.015619999999999967
vt 0.34376 0
vt 0.45313 0
vt 0.34376 0.015619999999999967
vt 0.45313 0
vt 0.45313 0.015619999999999967
vt 0.35939 0.17185000000000006
vt 0.46875 0.17185000000000006
vt 0.46875 0.18747999999999998
vt 0.35939 0.17185000000000006
vt 0.46875 0.18747999999999998
vt 0.35939 0.18747999999999998
vt 0.09374 0.10936000000000001
vt 0.09374 0
vt 0 0.10936000000000001
vt 0 0.10936000000000001
vt 0.09374 0
vt 0 0
vt 0.2031 0
vt 0.10936 0
vt 0.2031 0.10936000000000001
vt 0.2031 0.10936000000000001
vt 0.10936 0
vt 0.10936 0.10936000000000001
vt 0.35939 0.20314999999999994
vt 0.45313 0.20314999999999994
vt 0.45313 0.21877000000000002
vt 0.35939 0.20314999999999994
vt 0.45313 0.21877000000000002
vt 0.35939 0.21877000000000002
vt 0.2031 0.40625
vt 0.2031 0.39063000000000003
vt 0.2969 0.39063000000000003
vt 0.2031 0.40625
vt 0.2969 0.39063000000000003
vt 0.2969 0.40625
vn -0.003145011568494115 0.010109594687270821 0.9999439509279974
vn -0.0031450166039669325 0.01010956021283238 0.9999439512607015
vn 0.003145011568494227 -0.010109594687270962 -0.9999439509279975
vn 0.003145016603966987 -0.010109560212832295 -0.9999439512607013
vn 0.0031352043771122875 0.9999440814875233 -0.010099722351976452
vn 0.0031352043771122875 0.9999440814875233 -0.010099722351976452
vn -0.003135226413973179 -0.9999440814191363 0.010099722281975169
vn -0.0031352264139731514 -0.9999440814191363 0.010099722281975114
vn -0.9999901395003364 0.003103318216266193 -0.003176526113000566
vn -0.9999901395003363 0.0031033182162664708 -0.0031765261130006772
vn 0.9999901395780464 -0.003103293431711368 0.0031765258626695325
vn 0.9999901395780464 -0.0031032934317110628 0.003176525862669477
usemtl m_73ede92d-df23-06b7-6449-48c338f61152
f 26/37/13 25/38/13 27/39/13
f 26/40/14 27/41/14 28/42/14
f 30/43/15 29/44/15 31/45/15
f 30/46/16 31/47/16 32/48/16
f 33/49/17 34/50/17 35/51/17
f 35/52/18 34/53/18 36/54/18
f 37/55/19 38/56/19 39/57/19
f 39/58/20 38/59/20 40/60/20
f 42/61/21 41/62/21 43/63/21
f 42/64/22 43/65/22 44/66/22
f 46/67/23 45/68/23 47/69/23
f 46/70/24 47/71/24 48/72/24
o obj3
v -0.24076928858787466 0.42144210654773956 -0.19890685518286128
v -0.24194499430134767 0.04646308587401925 -0.1951194595387283
v -0.6782649805111096 0.42279978084468073 -0.2002965939329992
v -0.460446771985583 0.0471411613711 -0.19581354173316623
v -0.24096584364377255 0.4220739593394059 -0.13641035446604538
v -0.6784615436692791 0.4234316336025526 -0.13780009907724572
v -0.24214156468809805 0.0470949317688854 -0.13262295465068846
v -0.46064333672986596 0.04777300451489539 -0.13331704462935212
v -0.24076928858787466 0.42144210654773956 -0.19890685518286128
v -0.6782649805111096 0.42279978084468073 -0.2002965939329992
v -0.24096584364377255 0.4220739593394059 -0.13641035446604538
v -0.6784615436692791 0.4234316336025526 -0.13780009907724572
v -0.24194499430134767 0.04646308587401925 -0.1951194595387283
v -0.24214156468809805 0.0470949317688854 -0.13262295465068846
v -0.460446771985583 0.0471411613711 -0.19581354173316623
v -0.46064333672986596 0.04777300451489539 -0.13331704462935212
v -0.24076928858787466 0.42144210654773956 -0.19890685518286128
v -0.24096584364377255 0.4220739593394059 -0.13641035446604538
v -0.24194499430134767 0.04646308587401925 -0.1951194595387283
v -0.24214156468809805 0.0470949317688854 -0.13262295465068846
v -0.6782649805111096 0.42279978084468073 -0.2002965939329992
v -0.460446771985583 0.0471411613711 -0.19581354173316623
v -0.6784615436692791 0.4234316336025526 -0.13780009907724572
v -0.46064333672986596 0.04777300451489539 -0.13331704462935212
vt 0.21872 0.09375999999999995
vt 0.21872 0
vt 0.32815 0
vt 0.21872 0.09375999999999995
vt 0.32815 0
vt 0.27347 0.09375999999999995
vt 0 0.23439999999999994
vt 0.10936 0.23439999999999994
vt 0.10936 0.32810000000000006
vt 0 0.23439999999999994
vt 0.10936 0.32810000000000006
vt 0.05468 0.32810000000000006
vt 0.15623 0.5
vt 0.15623 0.39061
vt 0.14061 0.5
vt 0.14061 0.5
vt 0.15623 0.39061
vt 0.14061 0.39061
vt 0.54688 0.03125
vt 0.53125 0.03125
vt 0.54688 0.09375999999999995
vt 0.54688 0.09375999999999995
vt 0.53125 0.03125
vt 0.53125 0.09375999999999995
vt 0.03125 0.40623999999999993
vt 0.04687 0.40623999999999993
vt 0.04687 0.5
vt 0.03125 0.40623999999999993
vt 0.04687 0.5
vt 0.03125 0.5
vt 0.17185 0.39061
vt 0.17185 0.5
vt 0.18748 0.39061
vt 0.18748 0.39061
vt 0.17185 0.5
vt 0.18748 0.5
vn -0.00314502602669836 0.010109581551282774 0.9999439510153303
vn -0.0031450005551854066 0.01010961107962663 0.9999439507969068
vn 0.0031450393303745763 -0.010109592657344095 -0.9999439508612035
vn 0.00314503643402314 -0.01010959601499528 -0.9999439508363668
vn 0.003135195305689231 0.9999440808831951 -0.01009978500056849
vn 0.003135195305690841 0.999944080883195 -0.010099785000579509
vn -0.003135203708817396 -0.9999440819861342 0.010099673193306095
vn -0.003135191426336114 -0.9999440824532244 0.010099630760542875
vn -0.999990140025903 0.0031032771715112095 -0.003176400757440523
vn -0.9999901391283206 0.003103315484506153 -0.003176645892438601
vn -0.865104719396575 -0.5015857862156949 0.0023502221504849703
vn -0.8651047262453905 -0.5015857748687169 0.0023501228131180825
usemtl m_73ede92d-df23-06b7-6449-48c338f61152
f 50/73/25 49/74/25 51/75/25
f 50/76/26 51/77/26 52/78/26
f 54/79/27 53/80/27 55/81/27
f 54/82/28 55/83/28 56/84/28
f 57/85/29 58/86/29 59/87/29
f 59/88/30 58/89/30 60/90/30
f 61/91/31 62/92/31 63/93/31
f 63/94/32 62/95/32 64/96/32
f 66/97/33 65/98/33 67/99/33
f 66/100/34 67/101/34 68/102/34
f 69/103/35 70/104/35 71/105/35
f 71/106/36 70/107/36 72/108/36
o obj4
v -0.11557456958532789 0.48355069811524964 -0.1991409323524139
v -0.11577052162359978 0.4210541962663434 -0.19850970109657884
v -0.1780739581976714 0.4837446533382077 -0.19933946818057943
v -0.17826991587841068 0.4212481542403721 -0.1987082291405186
v -0.11675394837307732 0.48734179138998174 0.17583807081686526
v -0.17925334262788822 0.48753574936401045 0.17563954277292548
v -0.11694990605381661 0.4248452922921462 0.17646930985692608
v -0.17944929466616014 0.42503924751510413 0.17627077402876057
v -0.11557456958532789 0.48355069811524964 -0.1991409323524139
v -0.1780739581976714 0.4837446533382077 -0.19933946818057943
v -0.11675394837307732 0.48734179138998174 0.17583807081686526
v -0.17925334262788822 0.48753574936401045 0.17563954277292548
v -0.11577052162359978 0.4210541962663434 -0.19850970109657884
v -0.11694990605381661 0.4248452922921462 0.17646930985692608
v -0.17826991587841068 0.4212481542403721 -0.1987082291405186
v -0.17944929466616014 0.42503924751510413 0.17627077402876057
v -0.11557456958532789 0.48355069811524964 -0.1991409323524139
v -0.11675394837307732 0.48734179138998174 0.17583807081686526
v -0.11577052162359978 0.4210541962663434 -0.19850970109657884
v -0.11694990605381661 0.4248452922921462 0.17646930985692608
v -0.1780739581976714 0.4837446533382077 -0.19933946818057943
v -0.17826991587841068 0.4212481542403721 -0.1987082291405186
v -0.17925334262788822 0.48753574936401045 0.17563954277292548
v -0.17944929466616014 0.42503924751510413 0.17627077402876057
vt 0.10939 0.1875
vt 0.10939 0.17189
vt 0.12502 0.17189
vt 0.10939 0.1875
vt 0.12502 0.17189
vt 0.12502 0.1875
vt 0 0.31248999999999993
vt 0.01563 0.31248999999999993
vt 0.01563 0.32814999999999994
vt 0 0.31248999999999993
vt 0.01563 0.32814999999999994
vt 0 0.32814999999999994
vt 0.48437 0.25
vt 0.48437 0.23438000000000003
vt 0.39061 0.25
vt 0.39061 0.25
vt 0.48437 0.23438000000000003
vt 0.39061 0.23438000000000003
vt 0.48437 0.26561
vt 0.39061 0.26561
vt 0.48437 0.28127
vt 0.48437 0.28127
vt 0.39061 0.26561
vt 0.39061 0.28127
vt 0.31248 0.39064
vt 0.40624 0.39064
vt 0.40624 0.40625
vt 0.31248 0.39064
vt 0.40624 0.40625
vt 0.31248 0.40625
vt 0.40624 0.04686000000000001
vt 0.40624 0.03125
vt 0.5 0.03125
vt 0.40624 0.04686000000000001
vt 0.5 0.03125
vt 0.5 0.04686000000000001
vn -0.0031450531404677005 0.01010956032621651 0.99994395114464
vn -0.0031449274794114745 0.010109685200023033 0.9999439502773673
vn 0.0031449274794114745 -0.010109685200023033 -0.9999439502773673
vn 0.003145053140467257 -0.010109560326216875 -0.99994395114464
vn 0.0031352232121092108 0.999944081432599 -0.01009972194300812
vn 0.00313526570767253 0.999944081229225 -0.010099728886645593
vn -0.003135265707672502 -0.999944081229225 0.010099728886645537
vn -0.0031352232121074908 -0.9999440814325992 0.0100997219430079
vn -0.9999901395651986 0.0031032933904123197 -0.0031765299475340894
vn -0.9999901392357768 0.003103383253265951 -0.0031765458591247464
vn 0.9999901392357768 -0.003103383253265951 0.0031765458591247464
vn 0.9999901395651986 -0.0031032933904125695 0.0031765299475342004
usemtl m_73ede92d-df23-06b7-6449-48c338f61152
f 74/109/37 73/110/37 75/111/37
f 74/112/38 75/113/38 76/114/38
f 78/115/39 77/116/39 79/117/39
f 78/118/40 79/119/40 80/120/40
f 81/121/41 82/122/41 83/123/41
f 83/124/42 82/125/42 84/126/42
f 85/127/43 86/128/43 87/129/43
f 87/130/44 86/131/44 88/132/44
f 90/133/45 89/134/45 91/135/45
f 90/136/46 91/137/46 92/138/46
f 94/139/47 93/140/47 95/141/47
f 94/142/48 95/143/48 96/144/48
o obj5
v 0.009424199537087282 0.48316278763553944 -0.19874386655714485
v 0.009228241856347888 0.42066628853770405 -0.1981126275170839
v -0.05307518907525623 0.4833567428584975 -0.1989424023853104
v -0.05327114675599553 0.4208602437606619 -0.19831116334524962
v 0.008244815106870446 0.4869538836613424 0.17623514439636004
v -0.054254573505472914 0.48714783888430024 0.1760366085681943
v 0.00804886306859856 0.42445738181243603 0.1768663756521951
v -0.054450525543744854 0.4246513370353939 0.1766678398240294
v 0.009424199537087282 0.48316278763553944 -0.19874386655714485
v -0.05307518907525623 0.4833567428584975 -0.1989424023853104
v 0.008244815106870446 0.4869538836613424 0.17623514439636004
v -0.054254573505472914 0.48714783888430024 0.1760366085681943
v 0.009228241856347888 0.42066628853770405 -0.1981126275170839
v 0.00804886306859856 0.42445738181243603 0.1768663756521951
v -0.05327114675599553 0.4208602437606619 -0.19831116334524962
v -0.054450525543744854 0.4246513370353939 0.1766678398240294
v 0.009424199537087282 0.48316278763553944 -0.19874386655714485
v 0.008244815106870446 0.4869538836613424 0.17623514439636004
v 0.009228241856347888 0.42066628853770405 -0.1981126275170839
v 0.00804886306859856 0.42445738181243603 0.1768663756521951
v -0.05307518907525623 0.4833567428584975 -0.1989424023853104
v -0.05327114675599553 0.4208602437606619 -0.19831116334524962
v -0.054254573505472914 0.48714783888430024 0.1760366085681943
v -0.054450525543744854 0.4246513370353939 0.1766678398240294
vt 0.62498 0.015650000000000053
vt 0.62498 0
vt 0.64063 0
vt 0.62498 0.015650000000000053
vt 0.64063 0
vt 0.64063 0.015650000000000053
vt 0.62498 0.03125
vt 0.64063 0.03125
vt 0.64063 0.04689999999999994
vt 0.62498 0.03125
vt 0.64063 0.04689999999999994
vt 0.62498 0.04689999999999994
vt 0.49999 0.07813999999999999
vt 0.49999 0.062490000000000046
vt 0.40625 0.07813999999999999
vt 0.40625 0.07813999999999999
vt 0.49999 0.062490000000000046
vt 0.40625 0.062490000000000046
vt 0.51564 0.09374000000000005
vt 0.4219 0.09374000000000005
vt 0.51564 0.10938999999999999
vt 0.51564 0.10938999999999999
vt 0.4219 0.09374000000000005
vt 0.4219 0.10938999999999999
vt 0.4219 0.12497999999999998
vt 0.51564 0.12497999999999998
vt 0.51564 0.14063000000000003
vt 0.4219 0.12497999999999998
vt 0.51564 0.14063000000000003
vt 0.4219 0.14063000000000003
vt 0.20312 0.4375
vt 0.20312 0.42185000000000006
vt 0.29686 0.42185000000000006
vt 0.20312 0.4375
vt 0.29686 0.42185000000000006
vt 0.29686 0.4375
vn -0.0031450527477195336 0.010109685588784943 0.9999439498794471
vn -0.0031450527477219214 0.010109685588782474 0.9999439498794471
vn 0.0031450531404700324 -0.010109560326216847 -0.99994395114464
vn 0.0031450531404700875 -0.010109560326216899 -0.99994395114464
vn 0.003135223234372874 0.9999440813610336 -0.010099729021565444
vn 0.003135223234370265 0.9999440813610337 -0.010099729021565055
vn -0.0031352232121065462 -0.999944081432599 0.010099721943007676
vn -0.0031352232121065185 -0.999944081432599 0.010099721943007593
vn -0.9999901392357768 0.003103383253268005 -0.003176545859124691
vn -0.9999901395651987 0.003103293390412848 -0.003176529947533757
vn 0.9999901392357768 -0.003103383253265951 0.0031765458591243023
vn 0.9999901395651987 -0.00310329339041318 0.0031765299475338673
usemtl m_73ede92d-df23-06b7-6449-48c338f61152
f 98/145/49 97/146/49 99/147/49
f 98/148/50 99/149/50 100/150/50
f 102/151/51 101/152/51 103/153/51
f 102/154/52 103/155/52 104/156/52
f 105/157/53 106/158/53 107/159/53
f 107/160/54 106/161/54 108/162/54
f 109/163/55 110/164/55 111/165/55
f 111/166/56 110/167/56 112/168/56
f 114/169/57 113/170/57 115/171/57
f 114/172/58 115/173/58 116/174/58
f 118/175/59 117/176/59 119/177/59
f 118/178/60 119/179/60 120/180/60
o obj6
v -0.11675333812687044 0.424213443612415 0.11397279132359808
v -0.1171452494319951 0.2992204330515965 0.11523526386755456
v -0.17925273238168124 0.42440740158644363 0.11377426327965809
v -0.1796446380443385 0.29941438827455447 0.11503672803938883
v -0.11694990605381661 0.4248452922921462 0.17646930985692608
v -0.17944929466616014 0.42503924751510413 0.17627077402876057
v -0.11734181013036042 0.29985228859433355 0.17773177236859614
v -0.17984120032881729 0.30004623420321486 0.1775332387884911
v -0.11675333812687044 0.424213443612415 0.11397279132359808
v -0.17925273238168124 0.42440740158644363 0.11377426327965809
v -0.11694990605381661 0.4248452922921462 0.17646930985692608
v -0.17944929466616014 0.42503924751510413 0.17627077402876057
v -0.1171452494319951 0.2992204330515965 0.11523526386755456
v -0.11734181013036042 0.29985228859433355 0.17773177236859614
v -0.1796446380443385 0.29941438827455447 0.11503672803938883
v -0.17984120032881729 0.30004623420321486 0.1775332387884911
v -0.11675333812687044 0.424213443612415 0.11397279132359808
v -0.11694990605381661 0.4248452922921462 0.17646930985692608
v -0.1171452494319951 0.2992204330515965 0.11523526386755456
v -0.11734181013036042 0.29985228859433355 0.17773177236859614
v -0.17925273238168124 0.42440740158644363 0.11377426327965809
v -0.1796446380443385 0.29941438827455447 0.11503672803938883
v -0.17944929466616014 0.42503924751510413 0.17627077402876057
v -0.17984120032881729 0.30004623420321486 0.1775332387884911
vt 0.59376 0.07813999999999999
vt 0.59376 0.04688000000000003
vt 0.60938 0.04688000000000003
vt 0.59376 0.07813999999999999
vt 0.60938 0.04688000000000003
vt 0.60938 0.07813999999999999
vt 0.09375 0.59373
vt 0.10937 0.59373
vt 0.10937 0.625
vt 0.09375 0.59373
vt 0.10937 0.625
vt 0.09375 0.625
vt 0.64063 0.10941000000000001
vt 0.64063 0.09374000000000005
vt 0.625 0.10941000000000001
vt 0.625 0.10941000000000001
vt 0.64063 0.09374000000000005
vt 0.625 0.09374000000000005
vt 0.64063 0.18747000000000003
vt 0.625 0.18747000000000003
vt 0.64063 0.20314
vt 0.64063 0.20314
vt 0.625 0.18747000000000003
vt 0.625 0.20314
vt 0.59376 0.09374000000000005
vt 0.60938 0.09374000000000005
vt 0.60938 0.12501000000000007
vt 0.59376 0.09374000000000005
vt 0.60938 0.12501000000000007
vt 0.59376 0.12501000000000007
vt 0.125 0.625
vt 0.125 0.59373
vt 0.14062 0.59373
vt 0.125 0.625
vt 0.14062 0.59373
vt 0.14062 0.625
vn -0.0031449276217208047 0.010109639813605268 0.9999439507357867
vn -0.0031450530864006168 0.010109577571083604 0.9999439509704622
vn 0.0031450531404673123 -0.010109560326216653 -0.99994395114464
vn 0.003145018595083482 -0.010109577464044034 -0.999943951080027
vn 0.003135265665469288 0.9999440813648868 -0.010099715468254498
vn 0.003135223058585185 0.9999440819260861 -0.010099673131838738
vn -0.0031352235437383247 -0.9999440803665833 0.010099827382626603
vn -0.003135068800657558 -0.9999440824047849 0.010099673621845216
vn -0.9999901391468167 0.003103350023594631 -0.0031766063277263723
vn -0.9999901396878557 0.0031032937846934283 -0.003176490948942623
vn 0.9999901395710495 -0.003103305926397293 0.0031765158586600784
vn 0.9999901395710495 -0.0031033059263962937 0.0031765158586582465
usemtl m_73ede92d-df23-06b7-6449-48c338f61152
f 122/181/61 121/182/61 123/183/61
f 122/184/62 123/185/62 124/186/62
f 126/187/63 125/188/63 127/189/63
f 126/190/64 127/191/64 128/192/64
f 129/193/65 130/194/65 131/195/65
f 131/196/66 130/197/66 132/198/66
f 133/199/67 134/200/67 135/201/67
f 135/202/68 134/203/68 136/204/68
f 138/205/69 137/206/69 139/207/69
f 138/208/70 139/209/70 140/210/70
f 142/211/71 141/212/71 143/213/71
f 142/214/72 143/215/72 144/216/72
o obj7
v 0.008245425353077318 0.4238255358837755 0.11436986490309287
v 0.007853521276533645 0.2988325321859628 0.11563232741476276
v -0.054253957616798715 0.4240194883556626 0.1141713212907014
v -0.0546458608196517 0.29902647782863856 0.11543379969572026
v 0.00804886306859856 0.42445738181243603 0.1768663756521951
v -0.054450525543744854 0.4246513370353939 0.1766678398240294
v 0.007656958992054735 0.2994643781146233 0.1781288381638652
v -0.05484242151801701 0.29965833337137565 0.17793030819676184
v 0.008245425353077318 0.4238255358837755 0.11436986490309287
v -0.054253957616798715 0.4240194883556626 0.1141713212907014
v 0.00804886306859856 0.42445738181243603 0.1768663756521951
v -0.054450525543744854 0.4246513370353939 0.1766678398240294
v 0.007853521276533645 0.2988325321859628 0.11563232741476276
v 0.007656958992054735 0.2994643781146233 0.1781288381638652
v -0.0546458608196517 0.29902647782863856 0.11543379969572026
v -0.05484242151801701 0.29965833337137565 0.17793030819676184
v 0.008245425353077318 0.4238255358837755 0.11436986490309287
v 0.00804886306859856 0.42445738181243603 0.1768663756521951
v 0.007853521276533645 0.2988325321859628 0.11563232741476276
v 0.007656958992054735 0.2994643781146233 0.1781288381638652
v -0.054253957616798715 0.4240194883556626 0.1141713212907014
v -0.0546458608196517 0.29902647782863856 0.11543379969572026
v -0.054450525543744854 0.4246513370353939 0.1766678398240294
v -0.05484242151801701 0.29965833337137565 0.17793030819676184
vt 0.56251 0.09377000000000002
vt 0.56251 0.062490000000000046
vt 0.57813 0.062490000000000046
vt 0.56251 0.09377000000000002
vt 0.57813 0.062490000000000046
vt 0.57813 0.09377000000000002
vt 0.57813 0.14061999999999997
vt 0.59376 0.14061999999999997
vt 0.59376 0.17191
vt 0.57813 0.14061999999999997
vt 0.59376 0.17191
vt 0.57813 0.17191
vt 0.07812 0.64062
vt 0.07812 0.62498
vt 0.0625 0.64062
vt 0.0625 0.64062
vt 0.07812 0.62498
vt 0.0625 0.62498
vt 0.64063 0.062490000000000046
vt 0.625 0.062490000000000046
vt 0.64063 0.07813000000000003
vt 0.64063 0.07813000000000003
vt 0.625 0.062490000000000046
vt 0.625 0.07813000000000003
vt 0.59376 0
vt 0.60938 0
vt 0.60938 0.031279999999999974
vt 0.59376 0
vt 0.60938 0.031279999999999974
vt 0.59376 0.031279999999999974
vt 0.03125 0.62498
vt 0.03125 0.59378
vt 0.04687 0.59378
vt 0.03125 0.62498
vt 0.04687 0.59378
vt 0.04687 0.62498
vn -0.003145178408795023 0.010109560714963382 0.9999439507467043
vn -0.003144924883775101 0.010109686487707768 0.9999439502725118
vn 0.0031450531404700875 -0.010109560326216899 -0.99994395114464
vn 0.003144959625524024 -0.010109606718609304 -0.9999439509697277
vn 0.0031351805852682926 0.9999440820578931 -0.010099673266757979
vn 0.003135223192166358 0.9999440814966956 -0.010099715603178487
vn -0.0031350688006397944 -0.9999440824047849 0.010099673621846243
vn -0.0031352235437269995 -0.9999440803665833 0.01009982738262835
vn -0.9999901396099045 0.003103293534117424 -0.003176515733492702
vn -0.9999901396099045 0.0031032935341185897 -0.003176515733494978
vn 0.9999901393505007 -0.0031032850615864693 0.003176605671591448
vn 0.9999901398915361 -0.003103228822687043 0.003176490292800649
usemtl m_73ede92d-df23-06b7-6449-48c338f61152
f 146/217/73 145/218/73 147/219/73
f 146/220/74 147/221/74 148/222/74
f 150/223/75 149/224/75 151/225/75
f 150/226/76 151/227/76 152/228/76
f 153/229/77 154/230/77 155/231/77
f 155/232/78 154/233/78 156/234/78
f 157/235/79 158/236/79 159/237/79
f 159/238/80 158/239/80 160/240/80
f 162/241/81 161/242/81 163/243/81
f 162/244/82 163/245/82 164/246/82
f 166/247/83 165/248/83 167/249/83
f 166/250/84 167/251/84 168/252/84
o obj8
v 0.00883633993794462 0.29567328464157716 -0.1968502532964275
v 0.009228235912216798 0.42066628830559544 -0.19811272166915997
v -0.053271144597854946 0.4208602435623478 -0.1983112516362633
v -0.0536630486743989 0.2958672398645351 -0.19704878912459303
v 0.009031680856318995 0.4212981410972617 -0.13561622095234432
v -0.05346770775602454 0.42149209632021967 -0.13581475678050986
v 0.008639775193661726 0.29630512778537255 -0.13435375619261358
v -0.0538596134186818 0.2964990830083305 -0.13455229202077915
v 0.009228235912216798 0.42066628830559544 -0.19811272166915997
v -0.053271144597854946 0.4208602435623478 -0.1983112516362633
v 0.009031680856318995 0.4212981410972617 -0.13561622095234432
v -0.05346770775602454 0.42149209632021967 -0.13581475678050986
v 0.00883633993794462 0.29567328464157716 -0.1968502532964275
v 0.008639775193661726 0.29630512778537255 -0.13435375619261358
v -0.0536630486743989 0.2958672398645351 -0.19704878912459303
v -0.0538596134186818 0.2964990830083305 -0.13455229202077915
v 0.009228235912216798 0.42066628830559544 -0.19811272166915997
v 0.009031680856318995 0.4212981410972617 -0.13561622095234432
v 0.00883633993794462 0.29567328464157716 -0.1968502532964275
v 0.008639775193661726 0.29630512778537255 -0.13435375619261358
v -0.053271144597854946 0.4208602435623478 -0.1983112516362633
v -0.0536630486743989 0.2958672398645351 -0.19704878912459303
v -0.05346770775602454 0.42149209632021967 -0.13581475678050986
v -0.0538596134186818 0.2964990830083305 -0.13455229202077915
vt 0.60938 0.31248
vt 0.60938 0.28125
vt 0.62499 0.28125
vt 0.60938 0.31248
vt 0.62499 0.28125
vt 0.62499 0.31248
vt 0.60938 0.32810000000000006
vt 0.62499 0.32810000000000006
vt 0.62499 0.35934
vt 0.60938 0.32810000000000006
vt 0.62499 0.35934
vt 0.60938 0.35934
vt 0.65625 0.29686999999999997
vt 0.65625 0.28125
vt 0.64063 0.29686999999999997
vt 0.64063 0.29686999999999997
vt 0.65625 0.28125
vt 0.64063 0.28125
vt 0.65625 0.31248
vt 0.64063 0.31248
vt 0.65625 0.32810000000000006
vt 0.65625 0.32810000000000006
vt 0.64063 0.31248
vt 0.64063 0.32810000000000006
vt 0.60938 0.37504000000000004
vt 0.62499 0.37504000000000004
vt 0.62499 0.40627
vt 0.60938 0.37504000000000004
vt 0.62499 0.40627
vt 0.60938 0.40627
vt 0.60938 0.45311999999999997
vt 0.60938 0.42189
vt 0.62499 0.42189
vt 0.60938 0.45311999999999997
vt 0.62499 0.42189
vt 0.62499 0.45311999999999997
vn -0.003144959625524024 0.010109606718609304 0.9999439509697277
vn -0.003145053140467368 0.01010956032621829 0.9999439511446401
vn 0.0031450530863978412 -0.010109577571083548 -0.9999439509704622
vn 0.0031450530863977857 -0.010109577571083548 -0.9999439509704622
vn 0.0031352234101488232 0.9999440807959783 -0.010099784911295677
vn 0.0031352234101572054 0.9999440807959783 -0.010099784911303948
vn -0.003135222925003067 -0.9999440823554748 0.010099630660483666
vn -0.003135222925002984 -0.9999440823554748 0.01009963066048361
vn -0.999990140174641 0.003103229732749347 -0.003176400278290804
vn -0.9999901394455264 0.0031033055229067173 -0.003176555768133803
vn 0.9999901395623338 -0.0031032933812047137 0.0031765308584172924
vn 0.9999901394455265 -0.0031033055229067455 0.0031765557681339143
usemtl m_73ede92d-df23-06b7-6449-48c338f61152
f 169/253/85 170/254/85 171/255/85
f 169/256/86 171/257/86 172/258/86
f 174/259/87 173/260/87 175/261/87
f 174/262/88 175/263/88 176/264/88
f 177/265/89 178/266/89 179/267/89
f 179/268/90 178/269/90 180/270/90
f 181/271/91 182/272/91 183/273/91
f 183/274/92 182/275/92 184/276/92
f 186/277/93 185/278/93 187/279/93
f 186/280/94 187/281/94 188/282/94
f 190/283/95 189/284/95 191/285/95
f 190/286/96 191/287/96 192/288/96
o obj9
v -0.11577052756773085 0.4210541960342349 -0.19850979524865495
v -0.11616242918447042 0.29606119512128726 -0.1972473190916967
v -0.17826992182254175 0.42124815400826365 -0.19870832329259475
v -0.1786618193829274 0.2962551407301688 -0.19744585267180162
v -0.11596708826609642 0.421686051576972 -0.13601328674761298
v -0.17846647846455316 0.42187999718585334 -0.13621182032771825
v -0.11635899392875343 0.29669303826508264 -0.13475082198788263
v -0.17885838254109696 0.29688699348804065 -0.13494935781604814
v -0.11577052756773085 0.4210541960342349 -0.19850979524865495
v -0.17826992182254175 0.42124815400826365 -0.19870832329259475
v -0.11596708826609642 0.421686051576972 -0.13601328674761298
v -0.17846647846455316 0.42187999718585334 -0.13621182032771825
v -0.11616242918447042 0.29606119512128726 -0.1972473190916967
v -0.11635899392875343 0.29669303826508264 -0.13475082198788263
v -0.1786618193829274 0.2962551407301688 -0.19744585267180162
v -0.17885838254109696 0.29688699348804065 -0.13494935781604814
v -0.11577052756773085 0.4210541960342349 -0.19850979524865495
v -0.11596708826609642 0.421686051576972 -0.13601328674761298
v -0.11616242918447042 0.29606119512128726 -0.1972473190916967
v -0.11635899392875343 0.29669303826508264 -0.13475082198788263
v -0.17826992182254175 0.42124815400826365 -0.19870832329259475
v -0.1786618193829274 0.2962551407301688 -0.19744585267180162
v -0.17846647846455316 0.42187999718585334 -0.13621182032771825
v -0.17885838254109696 0.29688699348804065 -0.13494935781604814
vt 0.60938 0.49995
vt 0.60938 0.46877
vt 0.62499 0.46877
vt 0.60938 0.49995
vt 0.62499 0.46877
vt 0.62499 0.49995
vt 0.60938 0.51561
vt 0.62499 0.51561
vt 0.62499 0.54694
vt 0.60938 0.51561
vt 0.62499 0.54694
vt 0.60938 0.54694
vt 0.65625 0.35941
vt 0.65625 0.34375
vt 0.64063 0.35941
vt 0.64063 0.35941
vt 0.65625 0.34375
vt 0.64063 0.34375
vt 0.65625 0.37493
vt 0.64063 0.37493
vt 0.65625 0.39059
vt 0.65625 0.39059
vt 0.64063 0.37493
vt 0.64063 0.39059
vt 0.60938 0.56245
vt 0.62499 0.56245
vt 0.62499 0.59378
vt 0.60938 0.56245
vt 0.62499 0.59378
vt 0.60938 0.59378
vt 0.60938 0.64062
vt 0.60938 0.60944
vt 0.62499 0.60944
vt 0.60938 0.64062
vt 0.62499 0.60944
vt 0.62499 0.64062
vn -0.003144927529418861 0.010109669250893153 0.9999439504384594
vn -0.0031450184487212254 0.010109624146183492 0.9999439506085229
vn 0.0031450185950867007 -0.010109577464042672 -0.9999439510800269
vn 0.003145053140467257 -0.010109560326216875 -0.99994395114464
vn 0.0031352660170282922 0.9999440802347743 -0.010099827247711133
vn 0.003135068667077633 0.9999440828341737 -0.010099631150483427
vn -0.0031350686670795483 -0.9999440828341736 0.010099631150498138
vn -0.0031352234101572054 -0.9999440807959783 0.010099784911303948
vn -0.9999901397504218 0.003103273829952873 -0.0031764907473960094
vn -0.9999901394455266 0.003103305522904748 -0.0031765557681356915
vn 0.9999901400578375 -0.003103241874458456 0.0031764251880239116
vn 0.9999901395623337 -0.003103293381203686 0.003176530858417014
usemtl m_73ede92d-df23-06b7-6449-48c338f61152
f 194/289/97 193/290/97 195/291/97
f 194/292/98 195/293/98 196/294/98
f 198/295/99 197/296/99 199/297/99
f 198/298/100 199/299/100 200/300/100
f 201/301/101 202/302/101 203/303/101
f 203/304/102 202/305/102 204/306/102
f 205/307/103 206/308/103 207/309/103
f 207/310/104 206/311/104 208/312/104
f 210/313/105 209/314/105 211/315/105
f 210/316/106 211/317/106 212/318/106
f 214/319/107 213/320/107 215/321/107
f 214/322/108 215/323/108 216/324/108
o obj10
v 0.007853535021272645 0.29883252946868644 0.11563232549159941
v 0.007069719639604163 0.04884651521005527 0.118157260547226
v -0.24214401855441026 0.2996083435313067 0.11483819807228549
v -0.24292782829361137 0.0496223265216048 0.11736312534368634
v 0.007656967094326367 0.29946437814841764 0.17812884402492757
v -0.24234058083888904 0.3002401894599672 0.17733470882138774
v 0.00687315735512542 0.04947836113871579 0.1806537712963282
v -0.24312439622055748 0.05025417520133607 0.1798596438770143
v 0.007853535021272645 0.29883252946868644 0.11563232549159941
v -0.24214401855441026 0.2996083435313067 0.11483819807228549
v 0.007656967094326367 0.29946437814841764 0.17812884402492757
v -0.24234058083888904 0.3002401894599672 0.17733470882138774
v 0.007069719639604163 0.04884651521005527 0.118157260547226
v 0.00687315735512542 0.04947836113871579 0.1806537712963282
v -0.24292782829361137 0.0496223265216048 0.11736312534368634
v -0.24312439622055748 0.05025417520133607 0.1798596438770143
v 0.007853535021272645 0.29883252946868644 0.11563232549159941
v 0.007656967094326367 0.29946437814841764 0.17812884402492757
v 0.007069719639604163 0.04884651521005527 0.118157260547226
v 0.00687315735512542 0.04947836113871579 0.1806537712963282
v -0.24214401855441026 0.2996083435313067 0.11483819807228549
v -0.24292782829361137 0.0496223265216048 0.11736312534368634
v -0.24234058083888904 0.3002401894599672 0.17733470882138774
v -0.24312439622055748 0.05025417520133607 0.1798596438770143
vt 0.125 0.37502
vt 0.125 0.3125
vt 0.18753 0.3125
vt 0.125 0.37502
vt 0.18753 0.3125
vt 0.18753 0.37502
vt 0.20316 0.3125
vt 0.26557 0.3125
vt 0.26557 0.37502
vt 0.20316 0.3125
vt 0.26557 0.37502
vt 0.20316 0.37502
vt 0.2812 0.54688
vt 0.2812 0.48436
vt 0.26557 0.54688
vt 0.26557 0.54688
vt 0.2812 0.48436
vt 0.26557 0.48436
vt 0.31247 0.48436
vt 0.29684 0.48436
vt 0.31247 0.54688
vt 0.31247 0.54688
vt 0.29684 0.48436
vt 0.29684 0.54688
vt 0.3281 0.48436
vt 0.34373 0.48436
vt 0.34373 0.54688
vt 0.3281 0.48436
vt 0.34373 0.54688
vt 0.3281 0.54688
vt 0.35937 0.54688
vt 0.35937 0.48436
vt 0.375 0.48436
vt 0.35937 0.54688
vt 0.375 0.48436
vt 0.375 0.54688
vn -0.0031449897331983223 0.010109600067903374 0.9999439509422743
vn -0.003145021148462268 0.010109568849452605 0.9999439511590908
vn 0.0031450211484630453 -0.010109568849451855 -0.9999439511590908
vn 0.0031449897331983223 -0.010109600067903374 -0.9999439509422743
vn 0.0031351952460099697 0.9999440815834211 -0.010099715691952532
vn 0.0031351844941017435 0.9999440820457629 -0.01009967325434138
vn -0.003135184494101605 -0.9999440820457629 0.010099673254341439
vn -0.003135195246009942 -0.9999440815834211 0.010099715691953254
vn -0.9999901392368034 0.0031033213238285395 -0.003176606037852636
vn -0.999990139590477 0.003103299730257636 -0.003176515796075363
vn 0.9999901395904769 -0.003103299730258219 0.0031765157960754187
vn 0.9999901392368034 -0.003103321323828594 0.0031766060378504704
usemtl m_73ede92d-df23-06b7-6449-48c338f61152
f 218/325/109 217/326/109 219/327/109
f 218/328/110 219/329/110 220/330/110
f 222/331/111 221/332/111 223/333/111
f 222/334/112 223/335/112 224/336/112
f 225/337/113 226/338/113 227/339/113
f 227/340/114 226/341/114 228/342/114
f 229/343/115 230/344/115 231/345/115
f 231/346/116 230/347/116 232/348/116
f 234/349/117 233/350/117 235/351/117
f 234/352/118 235/353/118 236/354/118
f 238/355/119 237/356/119 239/357/119
f 238/358/120 239/359/120 240/360/120
o obj11
v 0.00883633993794462 0.29567328464157716 -0.1968502532964275
v 0.008052538301015162 0.04568726766566964 -0.1943253201639643
v -0.2411612079952709 0.29644909595312674 -0.19764438849996718
v -0.24194500963220014 0.04646307897721906 -0.1951194553675043
v 0.008639775193661726 0.29630512778537255 -0.13435375619261358
v -0.24135776305116885 0.29708094874479296 -0.13514788778315132
v 0.007855973556732149 0.04631911080946504 -0.1318288230601502
v -0.24214157279036969 0.04709493173509104 -0.13262296051175085
v 0.00883633993794462 0.29567328464157716 -0.1968502532964275
v -0.2411612079952709 0.29644909595312674 -0.19764438849996718
v 0.008639775193661726 0.29630512778537255 -0.13435375619261358
v -0.24135776305116885 0.29708094874479296 -0.13514788778315132
v 0.008052538301015162 0.04568726766566964 -0.1943253201639643
v 0.007855973556732149 0.04631911080946504 -0.1318288230601502
v -0.24194500963220014 0.04646307897721906 -0.1951194553675043
v -0.24214157279036969 0.04709493173509104 -0.13262296051175085
v 0.00883633993794462 0.29567328464157716 -0.1968502532964275
v 0.008639775193661726 0.29630512778537255 -0.13435375619261358
v 0.008052538301015162 0.04568726766566964 -0.1943253201639643
v 0.007855973556732149 0.04631911080946504 -0.1318288230601502
v -0.2411612079952709 0.29644909595312674 -0.19764438849996718
v -0.24194500963220014 0.04646307897721906 -0.1951194553675043
v -0.24135776305116885 0.29708094874479296 -0.13514788778315132
v -0.24214157279036969 0.04709493173509104 -0.13262296051175085
vt 0.3125 0.29686
vt 0.3125 0.23438000000000003
vt 0.375 0.23438000000000003
vt 0.3125 0.29686
vt 0.375 0.23438000000000003
vt 0.375 0.29686
vt 0.28123 0.31252
vt 0.34377 0.31252
vt 0.34377 0.37501000000000007
vt 0.28123 0.31252
vt 0.34377 0.37501000000000007
vt 0.28123 0.37501000000000007
vt 0.17186 0.57813
vt 0.17186 0.51564
vt 0.15625 0.57813
vt 0.15625 0.57813
vt 0.17186 0.51564
vt 0.15625 0.51564
vt 0.53125 0.32813000000000003
vt 0.51564 0.32813000000000003
vt 0.53125 0.39061999999999997
vt 0.53125 0.39061999999999997
vt 0.51564 0.32813000000000003
vt 0.51564 0.39061999999999997
vt 0.51564 0.40627
vt 0.53125 0.40627
vt 0.53125 0.46876000000000007
vt 0.51564 0.40627
vt 0.53125 0.46876000000000007
vt 0.51564 0.46876000000000007
vt 0.51564 0.54686
vt 0.51564 0.48436999999999997
vt 0.53125 0.48436999999999997
vt 0.51564 0.54686
vt 0.53125 0.48436999999999997
vt 0.53125 0.54686
vn -0.003145021075279585 0.010109592190522624 0.9999439509233392
vn -0.003145021075281195 0.010109592190521153 0.9999439509233392
vn 0.0031450063559637633 -0.010109592144844885 -0.999943950970096
vn 0.003145029771293495 -0.0101095688762107 -0.9999439511316998
vn 0.00313518436052082 0.9999440824751518 -0.01009963078298706
vn 0.003135223410152127 0.9999440807959784 -0.010099784911294818
vn -0.003135184360520349 -0.9999440824751518 0.010099630782988006
vn -0.003135223410154181 -0.9999440807959783 0.01009978491130567
vn -0.9999901395667949 0.0031032668457643964 -0.0031765553774872335
vn -0.9999901395667948 0.0031032668457649792 -0.0031765553774891764
vn 0.9999901400533739 -0.003103268409891418 0.003176400668945422
vn 0.9999901395429063 -0.0031032995773421215 0.0031765309209995088
usemtl m_73ede92d-df23-06b7-6449-48c338f61152
f 242/361/121 241/362/121 243/363/121
f 242/364/122 243/365/122 244/366/122
f 246/367/123 245/368/123 247/369/123
f 246/370/124 247/371/124 248/372/124
f 249/373/125 250/374/125 251/375/125
f 251/376/126 250/377/126 252/378/126
f 253/379/127 254/380/127 255/381/127
f 255/382/128 254/383/128 256/384/128
f 258/385/129 257/386/129 259/387/129
f 258/388/130 259/389/130 260/390/130
f 262/391/131 261/392/131 263/393/131
f 262/394/132 263/395/132 264/396/132
o obj12
v -0.053296310688949515 0.4430553904741129 -0.16728890109512742
v -0.054021329495766865 0.21181782681328382 -0.16495333062743983
v -0.30329334200629376 0.44383120033658524 -0.16808303386108012
v -0.3040183648694649 0.2125936490409034 -0.1657474578572276
v -0.05427911821625771 0.44621463102476755 0.14519361307946063
v -0.30427615604976016 0.44699045046752195 0.14439947220438493
v -0.05500415076781397 0.21497707008121475 0.1475291854703114
v -0.30500118049904473 0.21575288955776362 0.14673505045629803
v -0.053296310688949515 0.4430553904741129 -0.16728890109512742
v -0.30329334200629376 0.44383120033658524 -0.16808303386108012
v -0.05427911821625771 0.44621463102476755 0.14519361307946063
v -0.30427615604976016 0.44699045046752195 0.14439947220438493
v -0.054021329495766865 0.21181782681328382 -0.16495333062743983
v -0.05500415076781397 0.21497707008121475 0.1475291854703114
v -0.3040183648694649 0.2125936490409034 -0.1657474578572276
v -0.30500118049904473 0.21575288955776362 0.14673505045629803
v -0.053296310688949515 0.4430553904741129 -0.16728890109512742
v -0.05427911821625771 0.44621463102476755 0.14519361307946063
v -0.054021329495766865 0.21181782681328382 -0.16495333062743983
v -0.05500415076781397 0.21497707008121475 0.1475291854703114
v -0.30329334200629376 0.44383120033658524 -0.16808303386108012
v -0.3040183648694649 0.2125936490409034 -0.1657474578572276
v -0.30427615604976016 0.44699045046752195 0.14439947220438493
v -0.30500118049904473 0.21575288955776362 0.14673505045629803
vt 0.48436 0.4375
vt 0.48436 0.375
vt 0.54688 0.375
vt 0.48436 0.4375
vt 0.54688 0.375
vt 0.54688 0.4375
vt 0.48436 0.45313000000000003
vt 0.54688 0.45313000000000003
vt 0.54688 0.51563
vt 0.48436 0.45313000000000003
vt 0.54688 0.51563
vt 0.48436 0.51563
vt 0.42184 0.21875
vt 0.42184 0.15625
vt 0.34375 0.21875
vt 0.34375 0.21875
vt 0.42184 0.15625
vt 0.34375 0.15625
vt 0.46878 0.23438000000000003
vt 0.39059 0.23438000000000003
vt 0.46878 0.29688000000000003
vt 0.46878 0.29688000000000003
vt 0.39059 0.23438000000000003
vt 0.39059 0.29688000000000003
vt 0.39059 0.3125
vt 0.46878 0.3125
vt 0.46878 0.375
vt 0.39059 0.3125
vt 0.46878 0.375
vt 0.39059 0.375
vt 0.39059 0.45313000000000003
vt 0.39059 0.39063000000000003
vt 0.46878 0.39063000000000003
vt 0.39059 0.45313000000000003
vt 0.46878 0.39063000000000003
vt 0.46878 0.45313000000000003
vn -0.0031450178520880936 0.01010960209487685 0.9999439508333421
vn -0.0031449950808705154 0.010109626557593175 0.9999439506576393
vn 0.003145049790094611 -0.010109610815211915 -0.9999439506447263
vn 0.003145026368786663 -0.01010963597630729 -0.999943950464008
vn 0.0031351851922922494 0.9999440816777865 -0.010099709469995331
vn 0.0031352238538866475 0.9999440812462095 -0.01009974019765533
vn -0.0031352344019204836 -0.9999440814392789 0.010099717808032815
vn -0.003135223756855875 -0.9999440815581092 0.010099709347494044
vn -0.999990139720095 0.0031032705010995143 -0.0031765035467009595
vn -0.999990139395368 0.003103329499095752 -0.0031765481347852944
vn 0.9999901395986825 -0.0031032879181860096 0.0031765247526511775
vn 0.9999901395620896 -0.003103294566585756 0.00317652977721855
usemtl m_176db8f8-90c0-0e2e-f2de-b6726d94649e
f 266/397/133 265/398/133 267/399/133
f 266/400/134 267/401/134 268/402/134
f 270/403/135 269/404/135 271/405/135
f 270/406/136 271/407/136 272/408/136
f 273/409/137 274/410/137 275/411/137
f 275/412/138 274/413/138 276/414/138
f 277/415/139 278/416/139 279/417/139
f 279/418/140 278/419/140 280/420/140
f 282/421/141 281/422/141 283/423/141
f 282/424/142 283/425/142 284/426/142
f 286/427/143 285/428/143 287/429/143
f 286/430/144 287/431/144 288/432/144
o obj13
v 0.19589734988171834 0.2333896390593289 -0.11750762049884589
v 0.13237690784233758 0.0648445850160218 -0.11600337994024282
v -0.054099671747240924 0.2341654585696722 -0.11830174965179668
v -0.054628744720815484 0.06542492555684887 -0.11659742197293765
v 0.19520938258281517 0.2356011083635539 0.10123000402382415
v -0.054787639046144004 0.23637692787389714 0.10043587487087319
v 0.1316889405434344 0.0670560543202468 0.10273424458242719
v -0.05531671201971867 0.06763639486107388 0.10214020254973238
v 0.19589734988171834 0.2333896390593289 -0.11750762049884589
v -0.054099671747240924 0.2341654585696722 -0.11830174965179668
v 0.19520938258281517 0.2356011083635539 0.10123000402382415
v -0.054787639046144004 0.23637692787389714 0.10043587487087319
v 0.13237690784233758 0.0648445850160218 -0.11600337994024282
v 0.1316889405434344 0.0670560543202468 0.10273424458242719
v -0.054628744720815484 0.06542492555684887 -0.11659742197293765
v -0.05531671201971867 0.06763639486107388 0.10214020254973238
v 0.19589734988171834 0.2333896390593289 -0.11750762049884589
v 0.19520938258281517 0.2356011083635539 0.10123000402382415
v 0.13237690784233758 0.0648445850160218 -0.11600337994024282
v 0.1316889405434344 0.0670560543202468 0.10273424458242719
v -0.054099671747240924 0.2341654585696722 -0.11830174965179668
v -0.054628744720815484 0.06542492555684887 -0.11659742197293765
v -0.054787639046144004 0.23637692787389714 0.10043587487087319
v -0.05531671201971867 0.06763639486107388 0.10214020254973238
vt 0.51562 0.125
vt 0.49999 0.07813000000000003
vt 0.5625 0.07813000000000003
vt 0.51562 0.125
vt 0.5625 0.07813000000000003
vt 0.5625 0.125
vt 0.0625 0.51559
vt 0.12501 0.51559
vt 0.10938 0.56253
vt 0.0625 0.51559
vt 0.10938 0.56253
vt 0.0625 0.56253
vt 0.5625 0.06252999999999997
vt 0.5625 0
vt 0.49999 0.06252999999999997
vt 0.49999 0.06252999999999997
vt 0.5625 0
vt 0.49999 0
vt 0.20314 0.51559
vt 0.14063 0.51559
vt 0.20314 0.56253
vt 0.20314 0.56253
vt 0.14063 0.51559
vt 0.14063 0.56253
vt 0.48437 0.53126
vt 0.54687 0.53126
vt 0.54687 0.57812
vt 0.48437 0.53126
vt 0.54687 0.57812
vt 0.48437 0.57812
vt 0.2969 0.57812
vt 0.2969 0.53126
vt 0.35935 0.53126
vt 0.2969 0.57812
vt 0.35935 0.53126
vt 0.35935 0.57812
vn -0.0031450030433254885 0.010109630567383785 0.9999439505920562
vn -0.003145047913508502 0.010109581155788803 0.9999439509504902
vn 0.0031450030433263767 -0.010109630567384119 -0.9999439505920562
vn 0.0031450479135086687 -0.010109581155789858 -0.9999439509504902
vn 0.003135223789633378 0.9999440814527456 -0.01009971976907542
vn 0.0031352237896331014 0.9999440814527456 -0.010099719769075116
vn -0.0031352407747553815 -0.9999440814000353 0.010099719715121384
vn -0.0031352407747553815 -0.9999440814000353 0.010099719715121384
vn -0.9357503854284832 0.35260298153862013 -0.00650796285489591
vn -0.9357503854284832 0.35260298153862013 -0.00650796285489591
vn 0.9999901395651238 -0.003103308520932574 0.0031765151893650145
vn 0.9999901395651237 -0.0031033085209333225 0.00317651518936568
usemtl m_176db8f8-90c0-0e2e-f2de-b6726d94649e
f 290/433/145 289/434/145 291/435/145
f 290/436/146 291/437/146 292/438/146
f 294/439/147 293/440/147 295/441/147
f 294/442/148 295/443/148 296/444/148
f 297/445/149 298/446/149 299/447/149
f 299/448/150 298/449/150 300/450/150
f 301/451/151 302/452/151 303/453/151
f 303/454/152 302/455/152 304/456/152
f 306/457/153 305/458/153 307/459/153
f 306/460/154 307/461/154 308/462/154
f 310/463/155 309/464/155 311/465/155
f 310/466/156 311/467/156 312/468/156
o obj14
v 0.19616831696233755 0.24041236154264778 -0.19570779094011653
v 0.19592337073889649 0.16229178917957443 -0.19491874365006148
v 0.008669911843148831 0.24099422662811332 -0.19630339181339548
v 0.00842497126217489 0.16287365151396935 -0.19551435230756584
v 0.19498893809679319 0.2442034601191996 0.17927172415873247
v 0.007490532977604408 0.24478532520466517 0.17867612328545351
v 0.1947439918733521 0.16608288775612615 0.18006077144878752
v 0.0072455923966305985 0.16666475009052112 0.17946516279128294
v 0.19616831696233755 0.24041236154264778 -0.19570779094011653
v 0.008669911843148831 0.24099422662811332 -0.19630339181339548
v 0.19498893809679319 0.2442034601191996 0.17927172415873247
v 0.007490532977604408 0.24478532520466517 0.17867612328545351
v 0.19592337073889649 0.16229178917957443 -0.19491874365006148
v 0.1947439918733521 0.16608288775612615 0.18006077144878752
v 0.00842497126217489 0.16287365151396935 -0.19551435230756584
v 0.0072455923966305985 0.16666475009052112 0.17946516279128294
v 0.19616831696233755 0.24041236154264778 -0.19570779094011653
v 0.19498893809679319 0.2442034601191996 0.17927172415873247
v 0.19592337073889649 0.16229178917957443 -0.19491874365006148
v 0.1947439918733521 0.16608288775612615 0.18006077144878752
v 0.008669911843148831 0.24099422662811332 -0.19630339181339548
v 0.00842497126217489 0.16287365151396935 -0.19551435230756584
v 0.007490532977604408 0.24478532520466517 0.17867612328545351
v 0.0072455923966305985 0.16666475009052112 0.17946516279128294
vt 0.09375 0.21873999999999993
vt 0.09375 0.20311
vt 0.14064 0.20311
vt 0.09375 0.21873999999999993
vt 0.14064 0.20311
vt 0.14064 0.21873999999999993
vt 0.53123 0.10938000000000003
vt 0.57812 0.10938000000000003
vt 0.57812 0.125
vt 0.53123 0.10938000000000003
vt 0.57812 0.125
vt 0.53123 0.125
vt 0.34377 0.15623999999999993
vt 0.34377 0.10938000000000003
vt 0.24998 0.15623999999999993
vt 0.24998 0.15623999999999993
vt 0.34377 0.10938000000000003
vt 0.24998 0.10938000000000003
vt 0.34377 0.17186999999999997
vt 0.24998 0.17186999999999997
vt 0.34377 0.21873999999999993
vt 0.34377 0.21873999999999993
vt 0.24998 0.17186999999999997
vt 0.24998 0.21873999999999993
vt 0.42189 0.29689
vt 0.51562 0.29689
vt 0.51562 0.31252
vt 0.42189 0.29689
vt 0.51562 0.31252
vt 0.42189 0.31252
vt 0.31249 0.4375
vt 0.31249 0.42188000000000003
vt 0.40628 0.42188000000000003
vt 0.31249 0.4375
vt 0.40628 0.42188000000000003
vt 0.40628 0.4375
vn -0.0031450135479457186 0.01010967277069516 0.9999439501323326
vn -0.003145055618193393 0.010109572690166158 0.999943951011846
vn 0.00314501354794594 -0.010109672770695353 -0.9999439501323325
vn 0.003145055618194669 -0.01010957269016413 -0.9999439510118459
vn 0.003135215744755309 0.9999440814522461 -0.010099722315866809
vn 0.0031352157447553366 0.9999440814522461 -0.010099722315866809
vn -0.003135201587004699 -0.999944081496182 0.010099722360839364
vn -0.0031352015870049757 -0.9999440814961819 0.0100997223608395
vn -0.9999901393244173 0.003103374322587893 -0.0031765266796905944
vn -0.9999901393244173 0.0031033743225879215 -0.00317652667969054
vn 0.9999901395502064 -0.003103302310917655 0.0031765259523518496
vn 0.9999901395502064 -0.003103302310916267 0.003176525952351572
usemtl m_73ede92d-df23-06b7-6449-48c338f61152
f 314/469/157 313/470/157 315/471/157
f 314/472/158 315/473/158 316/474/158
f 318/475/159 317/476/159 319/477/159
f 318/478/160 319/479/160 320/480/160
f 321/481/161 322/482/161 323/483/161
f 323/484/162 322/485/162 324/486/162
f 325/487/163 326/488/163 327/489/163
f 327/490/164 326/491/164 328/492/164
f 330/493/165 329/494/165 331/495/165
f 330/496/166 331/497/166 332/498/166
f 334/499/167 333/500/167 335/501/167
f 334/502/168 335/503/168 336/504/168
o obj15
v 0.10631147839001544 0.3679724948288338 -0.10352453701999809
v 0.06197917708648074 0.32391793321765566 -0.10321857831033857
v 0.01820111099063665 0.4566301935039505 -0.10469801014848681
v -0.026131182210626554 0.4125756319265667 -0.10439204557776471
v 0.10572178895724332 0.3698680441171098 0.08396522052942632
v 0.017611421557864368 0.4585257427922264 0.08279174740093778
v 0.06138948765370847 0.32581348250593156 0.084271179239086
v -0.026720871643398703 0.4144711812148426 0.08309771197165969
v 0.10631147839001544 0.3679724948288338 -0.10352453701999809
v 0.01820111099063665 0.4566301935039505 -0.10469801014848681
v 0.10572178895724332 0.3698680441171098 0.08396522052942632
v 0.017611421557864368 0.4585257427922264 0.08279174740093778
v 0.06197917708648074 0.32391793321765566 -0.10321857831033857
v 0.06138948765370847 0.32581348250593156 0.084271179239086
v -0.026131182210626554 0.4125756319265667 -0.10439204557776471
v -0.026720871643398703 0.4144711812148426 0.08309771197165969
v 0.10631147839001544 0.3679724948288338 -0.10352453701999809
v 0.10572178895724332 0.3698680441171098 0.08396522052942632
v 0.06197917708648074 0.32391793321765566 -0.10321857831033857
v 0.06138948765370847 0.32581348250593156 0.084271179239086
v 0.01820111099063665 0.4566301935039505 -0.10469801014848681
v -0.026131182210626554 0.4125756319265667 -0.10439204557776471
v 0.017611421557864368 0.4585257427922264 0.08279174740093778
v -0.026720871643398703 0.4144711812148426 0.08309771197165969
vt 0.34375 0.25003
vt 0.34375 0.23436999999999997
vt 0.37497 0.23436999999999997
vt 0.34375 0.25003
vt 0.37497 0.23436999999999997
vt 0.37497 0.25003
vt 0.7969 0.51562
vt 0.82812 0.51562
vt 0.82812 0.53128
vt 0.7969 0.51562
vt 0.82812 0.53128
vt 0.7969 0.53128
vt 0.42187 0.65625
vt 0.42187 0.62501
vt 0.37497 0.65625
vt 0.37497 0.65625
vt 0.42187 0.62501
vt 0.37497 0.62501
vt 0.6875 0.0625
vt 0.64061 0.0625
vt 0.6875 0.09374000000000005
vt 0.6875 0.09374000000000005
vt 0.64061 0.0625
vt 0.64061 0.09374000000000005
vt 0.70311 0.09374000000000005
vt 0.75001 0.09374000000000005
vt 0.75001 0.10939999999999994
vt 0.70311 0.09374000000000005
vt 0.75001 0.10939999999999994
vt 0.70311 0.10939999999999994
vt 0.71873 0.32810000000000006
vt 0.71873 0.31251000000000007
vt 0.76562 0.31251000000000007
vt 0.71873 0.32810000000000006
vt 0.76562 0.31251000000000007
vt 0.76562 0.32810000000000006
vn -0.003145119366829984 0.01010955333794161 0.9999439510069932
vn -0.0031450202310096534 0.010109586039868805 0.9999439509881787
vn 0.0031451193668270983 -0.010109553337942417 -0.9999439510069932
vn 0.0031450202310127065 -0.0101095860398675 -0.9999439509881787
vn 0.7093167104741342 0.704872923946147 -0.004895439690425745
vn 0.7093167104741335 0.7048729239461479 -0.004895439690425135
vn -0.7093167428547901 -0.704872891364345 0.00489543925917571
vn -0.7093167428547903 -0.7048728913643446 0.004895439259175988
vn -0.7048828826751616 0.7092615824445825 -0.009387724951299081
vn -0.7048828826751601 0.709261582444584 -0.009387724951299803
vn 0.7048829478438355 -0.7092615176841813 0.009387724501529691
vn 0.7048829478438363 -0.7092615176841804 0.009387724501529082
usemtl m_176db8f8-90c0-0e2e-f2de-b6726d94649e
f 338/505/169 337/506/169 339/507/169
f 338/508/170 339/509/170 340/510/170
f 342/511/171 341/512/171 343/513/171
f 342/514/172 343/515/172 344/516/172
f 345/517/173 346/518/173 347/519/173
f 347/520/174 346/521/174 348/522/174
f 349/523/175 350/524/175 351/525/175
f 351/526/176 350/527/176 352/528/176
f 354/529/177 353/530/177 355/531/177
f 354/532/178 355/533/178 356/534/178
f 358/535/179 357/536/179 359/537/179
f 358/538/180 359/539/180 360/540/180
o obj16
v 0.10586860672027607 0.3679770203490622 -0.10321361836518803
v 0.06197960094698719 0.32436299213237496 -0.10291071172077243
v 0.0181987649923177 0.45619145012761225 -0.10438121861054542
v -0.025690227036232284 0.4125774191936488 -0.10407831388929303
v 0.10528087615068411 0.36986625383750604 0.083651327918951
v 0.017611042524997247 0.45808068364985055 0.0824837335346561
v 0.06139188253602067 0.326252213289466 0.083954234888264
v -0.026277949503552625 0.414466652715887 0.08278663825590835
v 0.10586860672027607 0.3679770203490622 -0.10321361836518803
v 0.0181987649923177 0.45619145012761225 -0.10438121861054542
v 0.10528087615068411 0.36986625383750604 0.083651327918951
v 0.017611042524997247 0.45808068364985055 0.0824837335346561
v 0.06197960094698719 0.32436299213237496 -0.10291071172077243
v 0.06139188253602067 0.326252213289466 0.083954234888264
v -0.025690227036232284 0.4125774191936488 -0.10407831388929303
v -0.026277949503552625 0.414466652715887 0.08278663825590835
v 0.10586860672027607 0.3679770203490622 -0.10321361836518803
v 0.10528087615068411 0.36986625383750604 0.083651327918951
v 0.06197960094698719 0.32436299213237496 -0.10291071172077243
v 0.06139188253602067 0.326252213289466 0.083954234888264
v 0.0181987649923177 0.45619145012761225 -0.10438121861054542
v -0.025690227036232284 0.4125774191936488 -0.10407831388929303
v 0.017611042524997247 0.45808068364985055 0.0824837335346561
v -0.026277949503552625 0.414466652715887 0.08278663825590835
vt 0.68748 0.68752
vt 0.68748 0.62502
vt 0.81249 0.62502
vt 0.68748 0.68752
vt 0.81249 0.62502
vt 0.81249 0.68752
vt 0.375 0.75001
vt 0.50002 0.75001
vt 0.50002 0.8125
vt 0.375 0.75001
vt 0.50002 0.8125
vt 0.375 0.8125
vt 0.81249 0.12497999999999998
vt 0.81249 0
vt 0.62503 0.12497999999999998
vt 0.62503 0.12497999999999998
vt 0.81249 0
vt 0.62503 0
vt 0.81249 0.18747999999999998
vt 0.62503 0.18747999999999998
vt 0.81249 0.31245999999999996
vt 0.81249 0.31245999999999996
vt 0.62503 0.18747999999999998
vt 0.62503 0.31245999999999996
vt 0.68748 0.37495
vt 0.875 0.37495
vt 0.875 0.43755
vt 0.68748 0.37495
vt 0.875 0.43755
vt 0.68748 0.43755
vt 0.68748 0.56253
vt 0.68748 0.50004
vt 0.875 0.50004
vt 0.68748 0.56253
vt 0.875 0.50004
vt 0.875 0.56253
vn -0.0031450007116976533 0.010109605536972625 0.9999439508524517
vn -0.0031450348668806685 0.010109594193960568 0.9999439508597068
vn 0.003144965782222008 -0.010109574104095296 -0.9999439512801017
vn 0.0031450027122249535 -0.010109561839559245 -0.9999439512879471
vn 0.7093166833596678 0.7048729513649172 -0.004895420487766532
vn 0.7093167159996705 0.7048729183087564 -0.004895450780074999
vn -0.7093167278104786 -0.7048729066405597 0.004895419524876127
vn -0.7093167608444572 -0.7048728731853958 0.004895450182826082
vn -0.7048827606911872 0.7092617032937008 -0.009387753793599738
vn -0.7048829595294726 0.7092615069277469 -0.009387659748515575
vn 0.7048828937396436 -0.709261571485482 0.009387722150290212
vn 0.7048828937396459 -0.7092615714854797 0.009387722150289213
usemtl m_617c672c-1484-9191-9138-1ae56b52b70b
f 362/541/181 361/542/181 363/543/181
f 362/544/182 363/545/182 364/546/182
f 366/547/183 365/548/183 367/549/183
f 366/550/184 367/551/184 368/552/184
f 369/553/185 370/554/185 371/555/185
f 371/556/186 370/557/186 372/558/186
f 373/559/187 374/560/187 375/561/187
f 375/562/188 374/563/188 376/564/188
f 378/565/189 377/566/189 379/567/189
f 378/568/190 379/569/190 380/570/190
f 382/571/191 381/572/191 383/573/191
f 382/574/192 383/575/192 384/576/192
o obj17
v 0.2584388928333484 0.2618398566288156 -0.10259776835154497
v 0.19529940402246604 0.21479387631725141 -0.1023207062809322
v 0.008685655535856665 0.34036722055589125 -0.10417721082529699
v 0.008392494194385494 0.2468685248795127 -0.10323284258472232
v 0.2578452694696726 0.26374803744916686 0.08614160000632545
v 0.00809203217218099 0.34227540137624235 0.08456215753257332
v 0.1947057863012576 0.21670205438653187 0.08641865429271248
v 0.007798878059290637 0.2487767125628696 0.0855065157408616
v 0.2584388928333484 0.2618398566288156 -0.10259776835154497
v 0.008685655535856665 0.34036722055589125 -0.10417721082529699
v 0.2578452694696726 0.26374803744916686 0.08614160000632545
v 0.00809203217218099 0.34227540137624235 0.08456215753257332
v 0.19529940402246604 0.21479387631725141 -0.1023207062809322
v 0.1947057863012576 0.21670205438653187 0.08641865429271248
v 0.008392494194385494 0.2468685248795127 -0.10323284258472232
v 0.007798878059290637 0.2487767125628696 0.0855065157408616
v 0.2584388928333484 0.2618398566288156 -0.10259776835154497
v 0.2578452694696726 0.26374803744916686 0.08614160000632545
v 0.19529940402246604 0.21479387631725141 -0.1023207062809322
v 0.1947057863012576 0.21670205438653187 0.08641865429271248
v 0.008685655535856665 0.34036722055589125 -0.10417721082529699
v 0.008392494194385494 0.2468685248795127 -0.10323284258472232
v 0.00809203217218099 0.34227540137624235 0.08456215753257332
v 0.007798878059290637 0.2487767125628696 0.0855065157408616
vt 0.30087 0.014889999999999959
vt 0.30554 0
vt 0.37104 0
vt 0.30087 0.014889999999999959
vt 0.37104 0
vt 0.36403 0.022379999999999955
vt 0.20312 0.68753
vt 0.20312 0.75302
vt 0.19498 0.75764
vt 0.20312 0.68753
vt 0.19498 0.75764
vt 0.1875 0.69447
vt 0.42185 0.60937
vt 0.42185 0.54684
vt 0.37498 0.60937
vt 0.37498 0.60937
vt 0.42185 0.54684
vt 0.37498 0.54684
vt 0.5469 0.20311999999999997
vt 0.59377 0.20311999999999997
vt 0.5469 0.14060000000000006
vt 0.5469 0.14060000000000006
vt 0.59377 0.20311999999999997
vt 0.59377 0.14060000000000006
vt 0.73438 0.71879
vt 0.68751 0.71879
vt 0.73438 0.73433
vt 0.73438 0.73433
vt 0.68751 0.71879
vt 0.68751 0.73433
vt 0.64064 0.25002
vt 0.64064 0.21875
vt 0.68751 0.21875
vt 0.64064 0.25002
vt 0.68751 0.21875
vt 0.68751 0.25002
vn -0.003144979673600389 0.010109661806226909 0.9999439503497265
vn -0.003145000480655246 0.010109630888648661 0.9999439505968681
vn 0.0031450164746389944 -0.010109544783419909 -0.9999439514171015
vn 0.0031450303280214356 -0.010109524198429002 -0.999943951581646
vn 0.29998173028233066 0.9539052682987826 -0.008700609670975287
vn 0.29998173028233016 0.9539052682987827 -0.008700609670974649
vn -0.16917242525774417 -0.9855413387626257 0.009431867385863851
vn -0.16917247616788497 -0.9855413295309781 0.009431918868305687
vn 0.5974868207356706 -0.8018165532169026 0.009985691490670356
vn 0.5974868768323018 -0.8018165117814651 0.009985662110527815
vn 0.9999901393575348 -0.0031033440587064642 0.00317654582081095
vn 0.9999901397176862 -0.0031032677088877756 0.0031765070328267373
usemtl m_176db8f8-90c0-0e2e-f2de-b6726d94649e
f 386/577/193 385/578/193 387/579/193
f 386/580/194 387/581/194 388/582/194
f 390/583/195 389/584/195 391/585/195
f 390/586/196 391/587/196 392/588/196
f 393/589/197 394/590/197 395/591/197
f 395/592/198 394/593/198 396/594/198
f 397/595/199 398/596/199 399/597/199
f 399/598/200 398/599/200 400/600/200
f 401/601/201 402/602/201 403/603/201
f 403/604/202 402/605/202 404/606/202
f 406/607/203 405/608/203 407/609/203
f 406/610/204 407/611/204 408/612/204
o obj18
v 0.37131497767788363 0.310826669257699 -0.10242564574280369
v 0.38197489494997733 0.24924594975605172 -0.10176952996943575
v 0.18656299970627166 0.27884247729493516 -0.10268336415336068
v 0.1972229169783651 0.2172617577932879 -0.10202724837999233
v 0.3707233204059688 0.312728541141224 0.08568890131749518
v 0.18597134895051506 0.2807443395981779 0.085431191016061
v 0.381383236091949 0.25114781202550013 0.08634501933892377
v 0.19663126622260876 0.21916362009653062 0.086087306789429
v 0.37131497767788363 0.310826669257699 -0.10242564574280369
v 0.18656299970627166 0.27884247729493516 -0.10268336415336068
v 0.3707233204059688 0.312728541141224 0.08568890131749518
v 0.18597134895051506 0.2807443395981779 0.085431191016061
v 0.38197489494997733 0.24924594975605172 -0.10176952996943575
v 0.381383236091949 0.25114781202550013 0.08634501933892377
v 0.1972229169783651 0.2172617577932879 -0.10202724837999233
v 0.19663126622260876 0.21916362009653062 0.086087306789429
v 0.37131497767788363 0.310826669257699 -0.10242564574280369
v 0.3707233204059688 0.312728541141224 0.08568890131749518
v 0.38197489494997733 0.24924594975605172 -0.10176952996943575
v 0.381383236091949 0.25114781202550013 0.08634501933892377
v 0.18656299970627166 0.27884247729493516 -0.10268336415336068
v 0.1972229169783651 0.2172617577932879 -0.10202724837999233
v 0.18597134895051506 0.2807443395981779 0.085431191016061
v 0.19663126622260876 0.21916362009653062 0.086087306789429
vt 0.73438 0.14061
vt 0.73438 0.125
vt 0.78125 0.125
vt 0.73438 0.14061
vt 0.78125 0.125
vt 0.78125 0.14061
vt 0.73438 0.15626000000000007
vt 0.78125 0.15626000000000007
vt 0.78125 0.17186999999999997
vt 0.73438 0.15626000000000007
vt 0.78125 0.17186999999999997
vt 0.73438 0.17186999999999997
vt 0.60937 0.48439999999999994
vt 0.60937 0.43748
vt 0.5625 0.48439999999999994
vt 0.5625 0.48439999999999994
vt 0.60937 0.43748
vt 0.5625 0.43748
vt 0.60937 0.50001
vt 0.5625 0.50001
vt 0.60937 0.54688
vt 0.60937 0.54688
vt 0.5625 0.50001
vt 0.5625 0.54688
vt 0.73438 0.26561
vt 0.78125 0.26561
vt 0.78125 0.28127
vt 0.73438 0.26561
vt 0.78125 0.28127
vt 0.73438 0.28127
vt 0.73438 0.43748
vt 0.73438 0.42186999999999997
vt 0.78125 0.42186999999999997
vt 0.73438 0.43748
vt 0.78125 0.42186999999999997
vt 0.78125 0.43748
vn -0.0031450256709132365 0.010109548744005907 0.9999439513481353
vn -0.0031450256709121263 0.01010954874401229 0.9999439513481352
vn 0.003144989558145849 -0.010109589998615663 -0.9999439510446269
vn 0.0031449950039774124 -0.010109554053055357 -0.9999439513909134
vn -0.17055866197671846 0.9852915997764106 -0.01049791573376696
vn -0.17055871804773973 0.9852915906717552 -0.010497859278650434
vn 0.17055866213095208 -0.9852916002721895 0.010497866696043188
vn 0.17055866956504906 -0.9852915990650616 0.010497859211021643
vn -0.9853424997975435 -0.17058214706615968 -0.0013744799115013029
vn -0.9853425084760123 -0.1705820967948902 -0.0013744974567079238
vn 0.9853424998777479 0.1705821468083422 0.0013744544109194345
vn 0.9853424998777471 0.17058214680834632 0.0013744544109179913
usemtl m_176db8f8-90c0-0e2e-f2de-b6726d94649e
f 410/613/205 409/614/205 411/615/205
f 410/616/206 411/617/206 412/618/206
f 414/619/207 413/620/207 415/621/207
f 414/622/208 415/623/208 416/624/208
f 417/625/209 418/626/209 419/627/209
f 419/628/210 418/629/210 420/630/210
f 421/631/211 422/632/211 423/633/211
f 423/634/212 422/635/212 424/636/212
f 426/637/213 425/638/213 427/639/213
f 426/640/214 427/641/214 428/642/214
f 430/643/215 429/644/215 431/645/215
f 430/646/216 431/647/216 432/648/216
o obj19
v -0.011570449372417845 0.3490054102120517 -0.16620679420989812
v 0.13168373339881173 0.22804349177530686 -0.16453328731849795
v -0.061975364798421306 0.2893174552014848 -0.1657618692851301
v 0.08127881797280827 0.1683555367647399 -0.1640883623937299
v -0.011767010070783158 0.3496372657547888 -0.10371028570885657
v -0.0621719214404327 0.2899492983790745 -0.10326536632025363
v 0.1314871727004464 0.22867534731804381 -0.10203677881745635
v 0.08108226133079688 0.16898737994232968 -0.10159185942885343
v -0.011570449372417845 0.3490054102120517 -0.16620679420989812
v -0.061975364798421306 0.2893174552014848 -0.1657618692851301
v -0.011767010070783158 0.3496372657547888 -0.10371028570885657
v -0.0621719214404327 0.2899492983790745 -0.10326536632025363
v 0.13168373339881173 0.22804349177530686 -0.16453328731849795
v 0.1314871727004464 0.22867534731804381 -0.10203677881745635
v 0.08127881797280827 0.1683555367647399 -0.1640883623937299
v 0.08108226133079688 0.16898737994232968 -0.10159185942885343
v -0.011570449372417845 0.3490054102120517 -0.16620679420989812
v -0.011767010070783158 0.3496372657547888 -0.10371028570885657
v 0.13168373339881173 0.22804349177530686 -0.16453328731849795
v 0.1314871727004464 0.22867534731804381 -0.10203677881745635
v -0.061975364798421306 0.2893174552014848 -0.1657618692851301
v 0.08127881797280827 0.1683555367647399 -0.1640883623937299
v -0.0621719214404327 0.2899492983790745 -0.10326536632025363
v 0.08108226133079688 0.16898737994232968 -0.10159185942885343
vt 0.89059 0.93746
vt 0.89059 0.89065
vt 0.90625 0.89065
vt 0.89059 0.93746
vt 0.90625 0.89065
vt 0.90625 0.93746
vt 0.57808 0.49998999999999993
vt 0.59374 0.49998999999999993
vt 0.59374 0.5469
vt 0.57808 0.49998999999999993
vt 0.59374 0.5469
vt 0.57808 0.5469
vt 0.65628 0.14066999999999996
vt 0.65628 0.125
vt 0.64062 0.14066999999999996
vt 0.64062 0.14066999999999996
vt 0.65628 0.125
vt 0.64062 0.125
vt 0.17191 0.64062
vt 0.15625 0.64062
vt 0.17191 0.65629
vt 0.17191 0.65629
vt 0.15625 0.64062
vt 0.15625 0.65629
vt 0.82815 0.90622
vt 0.84371 0.90622
vt 0.84371 0.95313
vt 0.82815 0.90622
vt 0.84371 0.95313
vt 0.82815 0.95313
vt 0.57808 0.60938
vt 0.57808 0.56247
vt 0.59374 0.56247
vt 0.57808 0.60938
vt 0.59374 0.56247
vt 0.59374 0.60938
vn -0.003144991154089949 0.010109627646814362 0.9999439506589776
vn -0.0031449911540900035 0.010109627646814471 0.9999439506589775
vn 0.003145038008843636 -0.01010957216284569 -0.9999439510725625
vn 0.003145038008843747 -0.010109572162845358 -0.9999439510725625
vn -0.7640212148172486 0.6451293830632833 -0.008925380527652793
vn -0.7640213064357281 0.6451292770121525 -0.008925203304178453
vn 0.7640212148172483 -0.6451293830632834 0.008925380527651959
vn 0.7640213064357275 -0.645129277012153 0.008925203304178229
vn -0.6451834128181431 -0.7640064984205321 0.005695102767396876
vn -0.6451834128181435 -0.7640064984205319 0.005695102767395349
vn 0.6451834124760472 0.764006499520206 -0.005694993998597977
vn 0.6451834124760472 0.7640064995202062 -0.005694993998598032
usemtl m_176db8f8-90c0-0e2e-f2de-b6726d94649e
f 434/649/217 433/650/217 435/651/217
f 434/652/218 435/653/218 436/654/218
f 438/655/219 437/656/219 439/657/219
f 438/658/220 439/659/220 440/660/220
f 441/661/221 442/662/221 443/663/221
f 443/664/222 442/665/222 444/666/222
f 445/667/223 446/668/223 447/669/223
f 447/670/224 446/671/224 448/672/224
f 450/673/225 449/674/225 451/675/225
f 450/676/226 451/677/226 452/678/226
f 454/679/227 453/680/227 455/681/227
f 454/682/228 455/683/228 456/684/228
o obj20
v -0.012356694615247174 0.3515328048340457 0.08377920921558751
v 0.1308974881559825 0.23057088639730078 0.08545271610698754
v -0.06276161814352227 0.29184484978968445 0.08422412827929315
v 0.08049256462770743 0.1708829313529395 0.08589763517069321
v -0.01255325777341676 0.3521646575919176 0.146275704071341
v -0.0629581747855337 0.2924766929672741 0.14672063124416967
v 0.13070091935534553 0.2312027419062434 0.14794921874696676
v 0.08029600798569603 0.17151477453052916 0.1483941381355697
v -0.012356694615247174 0.3515328048340457 0.08377920921558751
v -0.06276161814352227 0.29184484978968445 0.08422412827929315
v -0.01255325777341676 0.3521646575919176 0.146275704071341
v -0.0629581747855337 0.2924766929672741 0.14672063124416967
v 0.1308974881559825 0.23057088639730078 0.08545271610698754
v 0.13070091935534553 0.2312027419062434 0.14794921874696676
v 0.08049256462770743 0.1708829313529395 0.08589763517069321
v 0.08029600798569603 0.17151477453052916 0.1483941381355697
v -0.012356694615247174 0.3515328048340457 0.08377920921558751
v -0.01255325777341676 0.3521646575919176 0.146275704071341
v 0.1308974881559825 0.23057088639730078 0.08545271610698754
v 0.13070091935534553 0.2312027419062434 0.14794921874696676
v -0.06276161814352227 0.29184484978968445 0.08422412827929315
v 0.08049256462770743 0.1708829313529395 0.08589763517069321
v -0.0629581747855337 0.2924766929672741 0.14672063124416967
v 0.08029600798569603 0.17151477453052916 0.1483941381355697
vt 0.50002 0.28123
vt 0.50002 0.23436
vt 0.51562 0.23436
vt 0.50002 0.28123
vt 0.51562 0.23436
vt 0.51562 0.28123
vt 0.54689 0.32814999999999994
vt 0.56249 0.32814999999999994
vt 0.56249 0.37502
vt 0.54689 0.32814999999999994
vt 0.56249 0.37502
vt 0.54689 0.37502
vt 0.23436 0.64062
vt 0.23436 0.62502
vt 0.21875 0.64062
vt 0.21875 0.64062
vt 0.23436 0.62502
vt 0.21875 0.62502
vt 0.64062 0.21875
vt 0.62502 0.21875
vt 0.64062 0.23436
vt 0.64062 0.23436
vt 0.62502 0.21875
vt 0.62502 0.23436
vt 0.54689 0.39061999999999997
vt 0.56249 0.39061999999999997
vt 0.56249 0.43748999999999993
vt 0.54689 0.39061999999999997
vt 0.56249 0.43748999999999993
vt 0.54689 0.43748999999999993
vt 0.54689 0.50002
vt 0.54689 0.45314999999999994
vt 0.56249 0.45314999999999994
vt 0.54689 0.50002
vt 0.56249 0.45314999999999994
vt 0.56249 0.50002
vn -0.003145039346490074 0.010109570578844094 0.9999439510843697
vn -0.003145039346490074 0.010109570578844177 0.9999439510843697
vn 0.003145005254147847 -0.01010967566662446 -0.9999439501291395
vn 0.0031450380088429144 -0.010109572162845191 -0.9999439510725625
vn -0.7640211634332338 0.645129443865381 -0.00892538425348477
vn -0.7640212567511147 0.64512933584716 -0.008925203742740527
vn 0.7640211631304851 -0.6451294428922237 0.008925480508625015
vn 0.7640213064357282 -0.6451292770121524 0.008925203304177287
vn -0.6451834126351322 -0.764006499008828 0.005695044579156955
vn -0.6451834190055288 -0.7640064938185362 0.005695019178476811
vn 0.645183412476047 0.7640064995202063 -0.005694993998596561
vn 0.645183412476047 0.7640064995202063 -0.005694993998596561
usemtl m_176db8f8-90c0-0e2e-f2de-b6726d94649e
f 458/685/229 457/686/229 459/687/229
f 458/688/230 459/689/230 460/690/230
f 462/691/231 461/692/231 463/693/231
f 462/694/232 463/695/232 464/696/232
f 465/697/233 466/698/233 467/699/233
f 467/700/234 466/701/234 468/702/234
f 469/703/235 470/704/235 471/705/235
f 471/706/236 470/707/236 472/708/236
f 474/709/237 473/710/237 475/711/237
f 474/712/238 475/713/238 476/714/238
f 478/715/239 477/716/239 479/717/239
f 478/718/240 479/719/240 480/720/240
o obj21
v 0.5084441436914198 0.2638263747121927 -0.10120682365597863
v 0.4458489375746101 0.07652902611901277 -0.09951009086663024
v 0.13344731001991778 0.26499009795252965 -0.10239802709237425
v 0.1328594602656961 0.07750032321611969 -0.10050432350381139
v 0.5078544542586475 0.2657219240004686 0.08628293389344596
v 0.13285762058714587 0.2668856472408054 0.08509173045704979
v 0.4452592481418378 0.07842457540728874 0.0879796666827943
v 0.1322697708329239 0.07939587250439548 0.08698543404561304
v 0.5084441436914198 0.2638263747121927 -0.10120682365597863
v 0.13344731001991778 0.26499009795252965 -0.10239802709237425
v 0.5078544542586475 0.2657219240004686 0.08628293389344596
v 0.13285762058714587 0.2668856472408054 0.08509173045704979
v 0.4458489375746101 0.07652902611901277 -0.09951009086663024
v 0.4452592481418378 0.07842457540728874 0.0879796666827943
v 0.1328594602656961 0.07750032321611969 -0.10050432350381139
v 0.1322697708329239 0.07939587250439548 0.08698543404561304
v 0.5084441436914198 0.2638263747121927 -0.10120682365597863
v 0.5078544542586475 0.2657219240004686 0.08628293389344596
v 0.4458489375746101 0.07652902611901277 -0.09951009086663024
v 0.4452592481418378 0.07842457540728874 0.0879796666827943
v 0.13344731001991778 0.26499009795252965 -0.10239802709237425
v 0.1328594602656961 0.07750032321611969 -0.10050432350381139
v 0.13285762058714587 0.2668856472408054 0.08509173045704979
v 0.1322697708329239 0.07939587250439548 0.08698543404561304
vt 0.12498 0.50001
vt 0.10934 0.45314
vt 0.20312 0.45314
vt 0.12498 0.50001
vt 0.20312 0.45314
vt 0.20312 0.50001
vt 0.2969 0.46877
vt 0.3906 0.46877
vt 0.37503 0.51564
vt 0.2969 0.46877
vt 0.37503 0.51564
vt 0.2969 0.51564
vt 0.20312 0.43752
vt 0.20312 0.34378
vt 0.15627 0.43752
vt 0.15627 0.43752
vt 0.20312 0.34378
vt 0.15627 0.34378
vt 0.04685 0.51564
vt 0 0.51564
vt 0.04685 0.59375
vt 0.04685 0.59375
vt 0 0.51564
vt 0 0.59375
vt 0.57815 0
vt 0.625 0
vt 0.625 0.04686999999999997
vt 0.57815 0
vt 0.625 0.04686999999999997
vt 0.57815 0.04686999999999997
vt 0.56251 0.60938
vt 0.56251 0.56251
vt 0.60936 0.56251
vt 0.56251 0.60938
vt 0.60936 0.56251
vt 0.60936 0.60938
vn -0.003145018281084655 0.010109597229958939 0.999943950881178
vn -0.003145017834510099 0.01010959797012778 0.9999439508750994
vn 0.003145018281086042 -0.010109597229959437 -0.9999439508811779
vn 0.003145017834510654 -0.010109597970129834 -0.9999439508750994
vn 0.0031351971140116943 0.9999440815100629 -0.010099722375048496
vn 0.0031351971140112503 0.9999440815100629 -0.010099722375047636
vn -0.003135198875303751 -0.9999440815045971 0.010099722369453721
vn -0.0031351988753031967 -0.9999440815045972 0.010099722369452807
vn -0.9484344534884095 0.3169129344517537 -0.006187035907489091
vn -0.9484344534884095 0.3169129344517537 -0.006187035907489258
vn 0.9999901396988915 -0.003103254889371964 0.0031765254733790984
vn 0.9999901396988916 -0.0031032548893733802 0.003176525473380487
usemtl m_176db8f8-90c0-0e2e-f2de-b6726d94649e
f 482/721/241 481/722/241 483/723/241
f 482/724/242 483/725/242 484/726/242
f 486/727/243 485/728/243 487/729/243
f 486/730/244 487/731/244 488/732/244
f 489/733/245 490/734/245 491/735/245
f 491/736/246 490/737/246 492/738/246
f 493/739/247 494/740/247 495/741/247
f 495/742/248 494/743/248 496/744/248
f 498/745/249 497/746/249 499/747/249
f 498/748/250 499/749/250 500/750/250
f 502/751/251 501/752/251 503/753/251
f 502/754/252 503/755/252 504/756/252
o obj22
v 0.4734089223715113 0.3919942949173715 -0.10261280980021534
v 0.37915056916532475 0.2299143463445789 -0.10127061806129661
v 0.4193808507334989 0.42341053143875435 -0.10310036288831909
v 0.32512249752731204 0.2613305828659619 -0.10175817114939997
v 0.47281923293873895 0.3938898442056474 0.08487694774920926
v 0.4187911613007266 0.42530608072703013 0.08438939466110548
v 0.3785608797325525 0.23180989563285487 0.08621913948812798
v 0.32453280809453977 0.2632261321542378 0.0857315864000246
v 0.4734089223715113 0.3919942949173715 -0.10261280980021534
v 0.4193808507334989 0.42341053143875435 -0.10310036288831909
v 0.47281923293873895 0.3938898442056474 0.08487694774920926
v 0.4187911613007266 0.42530608072703013 0.08438939466110548
v 0.37915056916532475 0.2299143463445789 -0.10127061806129661
v 0.3785608797325525 0.23180989563285487 0.08621913948812798
v 0.32512249752731204 0.2613305828659619 -0.10175817114939997
v 0.32453280809453977 0.2632261321542378 0.0857315864000246
v 0.4734089223715113 0.3919942949173715 -0.10261280980021534
v 0.47281923293873895 0.3938898442056474 0.08487694774920926
v 0.37915056916532475 0.2299143463445789 -0.10127061806129661
v 0.3785608797325525 0.23180989563285487 0.08621913948812798
v 0.4193808507334989 0.42341053143875435 -0.10310036288831909
v 0.32512249752731204 0.2613305828659619 -0.10175817114939997
v 0.4187911613007266 0.42530608072703013 0.08438939466110548
v 0.32453280809453977 0.2632261321542378 0.0857315864000246
vt 0.74996 0.74998
vt 0.74996 0.70309
vt 0.76562 0.70309
vt 0.74996 0.74998
vt 0.76562 0.70309
vt 0.76562 0.74998
vt 0.71874 0.74998
vt 0.7344 0.74998
vt 0.7344 0.79687
vt 0.71874 0.74998
vt 0.7344 0.79687
vt 0.71874 0.79687
vt 0.78128 0.59371
vt 0.78128 0.57811
vt 0.7344 0.59371
vt 0.7344 0.59371
vt 0.78128 0.57811
vt 0.7344 0.57811
vt 0.8125 0.0625
vt 0.76562 0.0625
vt 0.8125 0.07810000000000006
vt 0.8125 0.07810000000000006
vt 0.76562 0.0625
vt 0.76562 0.07810000000000006
vt 0.0625 0.57811
vt 0.10938 0.57811
vt 0.10938 0.625
vt 0.0625 0.57811
vt 0.10938 0.625
vt 0.0625 0.625
vt 0.5781 0.10938999999999999
vt 0.5781 0.0625
vt 0.62498 0.0625
vt 0.5781 0.10938999999999999
vt 0.62498 0.0625
vt 0.62498 0.10938999999999999
vn -0.0031450379993758206 0.010109594846396118 0.9999439508432582
vn -0.0031450379993701585 0.010109594846394924 0.9999439508432582
vn 0.003145037999375877 -0.010109594846396008 -0.9999439508432583
vn 0.0031450379993700475 -0.010109594846394702 -0.9999439508432582
vn 0.5027104644688217 0.864425211872289 -0.007158351282933885
vn 0.5027104644688217 0.864425211872289 -0.007158351282933885
vn -0.5027104644688214 -0.8644252118722894 0.007158351282934482
vn -0.5027104644688214 -0.8644252118722894 0.0071583512829345095
vn -0.8644491009640107 0.5026598244567603 -0.007800815317158425
vn -0.8644491009640107 0.5026598244567605 -0.007800815317158649
vn 0.86444910096401 -0.5026598244567616 0.00780081531715837
vn 0.8644491009640101 -0.5026598244567618 0.007800815317158594
usemtl m_176db8f8-90c0-0e2e-f2de-b6726d94649e
f 506/757/253 505/758/253 507/759/253
f 506/760/254 507/761/254 508/762/254
f 510/763/255 509/764/255 511/765/255
f 510/766/256 511/767/256 512/768/256
f 513/769/257 514/770/257 515/771/257
f 515/772/258 514/773/258 516/774/258
f 517/775/259 518/776/259 519/777/259
f 519/778/260 518/779/260 520/780/260
f 522/781/261 521/782/261 523/783/261
f 522/784/262 523/785/262 524/786/262
f 526/787/263 525/788/263 527/789/263
f 526/790/264 527/791/264 528/792/264
o obj23
v 0.6353109154620284 0.37865058311073446 0.08585406589217967
v 0.4494933223009744 0.4036997725141377 0.08501638389622715
v 0.6436629915619287 0.44058710830795017 0.08525414148522317
v 0.4578453968147613 0.4656362880972768 0.08441646173733136
v 0.6351163165078426 0.3792761143345245 0.1477256397621201
v 0.643468392607743 0.44121263953173995 0.14712571535516375
v 0.4492987233467888 0.4043253037379275 0.14688795776616742
v 0.45765079786057566 0.46626181932106653 0.1462880356072717
v 0.6353109154620284 0.37865058311073446 0.08585406589217967
v 0.6436629915619287 0.44058710830795017 0.08525414148522317
v 0.6351163165078426 0.3792761143345245 0.1477256397621201
v 0.643468392607743 0.44121263953173995 0.14712571535516375
v 0.4494933223009744 0.4036997725141377 0.08501638389622715
v 0.4492987233467888 0.4043253037379275 0.14688795776616742
v 0.4578453968147613 0.4656362880972768 0.08441646173733136
v 0.45765079786057566 0.46626181932106653 0.1462880356072717
v 0.6353109154620284 0.37865058311073446 0.08585406589217967
v 0.6351163165078426 0.3792761143345245 0.1477256397621201
v 0.4494933223009744 0.4036997725141377 0.08501638389622715
v 0.4492987233467888 0.4043253037379275 0.14688795776616742
v 0.6436629915619287 0.44058710830795017 0.08525414148522317
v 0.4578453968147613 0.4656362880972768 0.08441646173733136
v 0.643468392607743 0.44121263953173995 0.14712571535516375
v 0.45765079786057566 0.46626181932106653 0.1462880356072717
vt 0.56255 0.29694
vt 0.56255 0.25
vt 0.57812 0.25
vt 0.56255 0.29694
vt 0.57812 0.25
vt 0.57812 0.29694
vt 0.26562 0.56258
vt 0.2812 0.56258
vt 0.2812 0.60933
vt 0.26562 0.56258
vt 0.2812 0.60933
vt 0.26562 0.60933
vt 0.42195 0.64062
vt 0.42195 0.62498
vt 0.40623 0.64062
vt 0.40623 0.64062
vt 0.42195 0.62498
vt 0.40623 0.62498
vt 0.45309 0.62498
vt 0.43752 0.62498
vt 0.45309 0.64062
vt 0.45309 0.64062
vt 0.43752 0.62498
vt 0.43752 0.64062
vt 0.29692 0.56258
vt 0.31249 0.56258
vt 0.31249 0.60933
vt 0.29692 0.56258
vt 0.31249 0.60933
vt 0.29692 0.60933
vt 0.32806 0.60933
vt 0.32806 0.56258
vt 0.34379 0.56258
vt 0.32806 0.60933
vt 0.34379 0.56258
vt 0.34379 0.60933
vn -0.003144997790115067 0.010109673414546994 0.9999439501753844
vn -0.003144991005319564 0.010109637697886642 0.9999439505578271
vn 0.0031449977901159 -0.010109673414545384 -0.9999439501753844
vn 0.0031449910053206187 -0.010109637697886587 -0.9999439505578271
vn 0.9910258690335174 -0.13359553501257274 0.004467653865979082
vn 0.9910258690335172 -0.13359553501257407 0.004467653865977694
vn -0.9910258696267168 0.13359553061358206 -0.004467653823367501
vn -0.9910258696267168 0.13359553061358204 -0.004467653823367501
vn 0.13363318092338028 0.9909843782210439 -0.009598701899220628
vn 0.13363318092337947 0.990984378221044 -0.009598701899218185
vn -0.13363312933230237 -0.9909843851757916 0.009598702131795506
vn -0.13363312933230212 -0.9909843851757915 0.009598702131794755
usemtl m_73ede92d-df23-06b7-6449-48c338f61152
f 530/793/265 529/794/265 531/795/265
f 530/796/266 531/797/266 532/798/266
f 534/799/267 533/800/267 535/801/267
f 534/802/268 535/803/268 536/804/268
f 537/805/269 538/806/269 539/807/269
f 539/808/270 538/809/270 540/810/270
f 541/811/271 542/812/271 543/813/271
f 543/814/272 542/815/272 544/816/272
f 546/817/273 545/818/273 547/819/273
f 546/820/274 547/821/274 548/822/274
f 550/823/275 549/824/275 551/825/275
f 550/826/276 551/827/276 552/828/276
o obj24
v 0.6360971662695302 0.37612319103948944 -0.16413143338796188
v 0.4502795731084761 0.40117238044289283 -0.16496911538391446
v 0.6444492367269631 0.43805971898777585 -0.16473135001069258
v 0.4586316435659091 0.4631089083911791 -0.16556903200664508
v 0.6359025673153444 0.37674872226327943 -0.10225985951802144
v 0.6442546434152447 0.4386852474604949 -0.1028597839249778
v 0.4500849741542904 0.40179791166668255 -0.10309754151397393
v 0.4584370502541907 0.46373443686389804 -0.10369746592093032
v 0.6360971662695302 0.37612319103948944 -0.16413143338796188
v 0.6444492367269631 0.43805971898777585 -0.16473135001069258
v 0.6359025673153444 0.37674872226327943 -0.10225985951802144
v 0.6442546434152447 0.4386852474604949 -0.1028597839249778
v 0.4502795731084761 0.40117238044289283 -0.16496911538391446
v 0.4500849741542904 0.40179791166668255 -0.10309754151397393
v 0.4586316435659091 0.4631089083911791 -0.16556903200664508
v 0.4584370502541907 0.46373443686389804 -0.10369746592093032
v 0.6360971662695302 0.37612319103948944 -0.16413143338796188
v 0.6359025673153444 0.37674872226327943 -0.10225985951802144
v 0.4502795731084761 0.40117238044289283 -0.16496911538391446
v 0.4500849741542904 0.40179791166668255 -0.10309754151397393
v 0.6444492367269631 0.43805971898777585 -0.16473135001069258
v 0.4586316435659091 0.4631089083911791 -0.16556903200664508
v 0.6442546434152447 0.4386852474604949 -0.1028597839249778
v 0.4584370502541907 0.46373443686389804 -0.10369746592093032
vt 0.35938 0.60937
vt 0.35938 0.5625
vt 0.37502 0.5625
vt 0.35938 0.60937
vt 0.37502 0.5625
vt 0.37502 0.60937
vt 0.39059 0.5625
vt 0.40624 0.5625
vt 0.40624 0.60937
vt 0.39059 0.5625
vt 0.40624 0.60937
vt 0.39059 0.60937
vt 0.48441 0.64062
vt 0.48441 0.62502
vt 0.46876 0.64062
vt 0.46876 0.64062
vt 0.48441 0.62502
vt 0.46876 0.62502
vt 0.51562 0.62502
vt 0.49998 0.62502
vt 0.51562 0.64062
vt 0.51562 0.64062
vt 0.49998 0.62502
vt 0.49998 0.64062
vt 0.42189 0.5625
vt 0.43754 0.5625
vt 0.43754 0.60937
vt 0.42189 0.5625
vt 0.43754 0.60937
vt 0.42189 0.60937
vt 0.45311 0.60937
vt 0.45311 0.5625
vt 0.46876 0.5625
vt 0.45311 0.60937
vt 0.46876 0.5625
vt 0.46876 0.60937
vn -0.003145014530283928 0.010109549274378344 0.9999439513778126
vn -0.0031450145302836506 0.010109549274377677 0.9999439513778126
vn 0.0031449977901150663 -0.010109673414545743 -0.9999439501753843
vn 0.0031449977901152884 -0.01010967341454566 -0.9999439501753844
vn 0.9910258817010527 -0.13359544107384524 0.004467652956085088
vn 0.991025869334651 -0.1335955359805825 0.004467558120534509
vn -0.9910258817010527 0.1335954410738451 -0.00446765295608531
vn -0.991025869334651 0.13359553598058246 -0.004467558120534509
vn 0.13363318092338086 0.9909843782210438 -0.009598701899220656
vn 0.1336331809233797 0.9909843782210441 -0.009598701899217132
vn -0.13363318082693124 -0.9909843785310755 0.00959867123382052
vn -0.13363318082693124 -0.9909843785310755 0.00959867123382052
usemtl m_73ede92d-df23-06b7-6449-48c338f61152
f 554/829/277 553/830/277 555/831/277
f 554/832/278 555/833/278 556/834/278
f 558/835/279 557/836/279 559/837/279
f 558/838/280 559/839/280 560/840/280
f 561/841/281 562/842/281 563/843/281
f 563/844/282 562/845/282 564/846/282
f 565/847/283 566/848/283 567/849/283
f 567/850/284 566/851/284 568/852/284
f 570/853/285 569/854/285 571/855/285
f 570/856/286 571/857/286 572/858/286
f 574/859/287 573/860/287 575/861/287
f 574/862/288 575/863/288 576/864/288
o obj25
v 0.46551567890376333 0.4633251437144294 -0.16523733988847977
v 0.4653197268654914 0.4008286418655229 -0.1646061086326447
v 0.4030163040361588 0.4635190962201108 -0.1654358776398086
v 0.4028203463554195 0.4010225971222753 -0.1648046385997478
v 0.46453680284755466 0.4664717499481433 0.14599554983237378
v 0.4020374142352112 0.46666570517110134 0.14579701400420825
v 0.46434084516681506 0.40397525085030783 0.1466267888724351
v 0.4018414621969393 0.40416920332219486 0.14642824526004333
v 0.46551567890376333 0.4633251437144294 -0.16523733988847977
v 0.4030163040361588 0.4635190962201108 -0.1654358776398086
v 0.46453680284755466 0.4664717499481433 0.14599554983237378
v 0.4020374142352112 0.46666570517110134 0.14579701400420825
v 0.4653197268654914 0.4008286418655229 -0.1646061086326447
v 0.46434084516681506 0.40397525085030783 0.1466267888724351
v 0.4028203463554195 0.4010225971222753 -0.1648046385997478
v 0.4018414621969393 0.40416920332219486 0.14642824526004333
v 0.46551567890376333 0.4633251437144294 -0.16523733988847977
v 0.46453680284755466 0.4664717499481433 0.14599554983237378
v 0.4653197268654914 0.4008286418655229 -0.1646061086326447
v 0.46434084516681506 0.40397525085030783 0.1466267888724351
v 0.4030163040361588 0.4635190962201108 -0.1654358776398086
v 0.4028203463554195 0.4010225971222753 -0.1648046385997478
v 0.4020374142352112 0.46666570517110134 0.14579701400420825
v 0.4018414621969393 0.40416920332219486 0.14642824526004333
vt 0.34375 0.64062
vt 0.34375 0.62505
vt 0.3594 0.62505
vt 0.34375 0.64062
vt 0.3594 0.62505
vt 0.3594 0.64062
vt 0.37497 0.62505
vt 0.39062 0.62505
vt 0.39062 0.64062
vt 0.37497 0.62505
vt 0.39062 0.64062
vt 0.37497 0.64062
vt 0.5 0.3437
vt 0.5 0.32811999999999997
vt 0.42191 0.3437
vt 0.42191 0.3437
vt 0.5 0.32811999999999997
vt 0.42191 0.32811999999999997
vt 0.5 0.3594200000000001
vt 0.42191 0.3594200000000001
vt 0.5 0.37498999999999993
vt 0.5 0.37498999999999993
vt 0.42191 0.3594200000000001
vt 0.42191 0.37498999999999993
vt 0.42191 0.39056
vt 0.5 0.39056
vt 0.5 0.40629000000000004
vt 0.42191 0.39056
vt 0.5 0.40629000000000004
vt 0.42191 0.40629000000000004
vt 0.42191 0.43743
vt 0.42191 0.42186
vt 0.5 0.42186
vt 0.42191 0.43743
vt 0.5 0.42186
vt 0.5 0.43743
vn -0.0031450850402202626 0.010109560425212492 0.9999439510433066
vn -0.0031449593791401656 0.010109685299020814 0.9999439501760379
vn 0.003145052747719367 -0.0101096855887908 -0.999943949879447
vn 0.0031451784088003523 -0.010109560714965353 -0.9999439507467043
vn 0.0031351806947243765 0.999944081706042 -0.010099708068664864
vn 0.003135223194870528 0.9999440814880115 -0.01009971646212232
vn -0.0031352231948678635 -0.9999440814880116 0.010099716462122042
vn -0.0031351806947307595 -0.9999440817060418 0.01009970806866639
vn -0.9999901396596592 0.00310329369405582 -0.0031764999140257433
vn -0.9999901393205735 0.0031033835258518494 -0.003176518898382996
vn 0.9999901392385181 -0.003103383262077957 0.0031765449875083
vn 0.9999901395776046 -0.003103293430291366 0.0031765260031527695
usemtl m_73ede92d-df23-06b7-6449-48c338f61152
f 578/865/289 577/866/289 579/867/289
f 578/868/290 579/869/290 580/870/290
f 582/871/291 581/872/291 583/873/291
f 582/874/292 583/875/292 584/876/292
f 585/877/293 586/878/293 587/879/293
f 587/880/294 586/881/294 588/882/294
f 589/883/295 590/884/295 591/885/295
f 591/886/296 590/887/296 592/888/296
f 594/889/297 593/890/297 595/891/297
f 594/892/298 595/893/298 596/894/298
f 598/895/299 597/896/299 599/897/299
f 598/898/300 599/899/300 600/900/300
o obj26
v 0.558380612190468 0.2641927702140975 0.08614482248243421
v 0.5834368512078093 0.45000260823381233 0.08434506705598047
v 0.6203197322614389 0.2558430612919589 0.08642405466520803
v 0.6453759769212478 0.4416528965606027 0.08462429145452821
v 0.5581820800595382 0.2648309404279108 0.14926626200157522
v 0.6201212057729762 0.25648122875470136 0.14954548640012322
v 0.5832383247193467 0.45064077569655475 0.14746649879089568
v 0.645177450432785 0.4422910640233452 0.1477457231894438
v 0.558380612190468 0.2641927702140975 0.08614482248243421
v 0.6203197322614389 0.2558430612919589 0.08642405466520803
v 0.5581820800595382 0.2648309404279108 0.14926626200157522
v 0.6201212057729762 0.25648122875470136 0.14954548640012322
v 0.5834368512078093 0.45000260823381233 0.08434506705598047
v 0.5832383247193467 0.45064077569655475 0.14746649879089568
v 0.6453759769212478 0.4416528965606027 0.08462429145452821
v 0.645177450432785 0.4422910640233452 0.1477457231894438
v 0.558380612190468 0.2641927702140975 0.08614482248243421
v 0.5581820800595382 0.2648309404279108 0.14926626200157522
v 0.5834368512078093 0.45000260823381233 0.08434506705598047
v 0.5832383247193467 0.45064077569655475 0.14746649879089568
v 0.6203197322614389 0.2558430612919589 0.08642405466520803
v 0.6453759769212478 0.4416528965606027 0.08462429145452821
v 0.6201212057729762 0.25648122875470136 0.14954548640012322
v 0.645177450432785 0.4422910640233452 0.1477457231894438
vt 0.54689 0.56249
vt 0.54689 0.51564
vt 0.56249 0.51564
vt 0.54689 0.56249
vt 0.56249 0.51564
vt 0.56249 0.56249
vt 0.56249 0
vt 0.57809 0
vt 0.57809 0.04685000000000006
vt 0.56249 0
vt 0.57809 0.04685000000000006
vt 0.56249 0.04685000000000006
vt 0.26563 0.62498
vt 0.26563 0.64062
vt 0.25003 0.64062
vt 0.26563 0.62498
vt 0.25003 0.64062
vt 0.25003 0.62498
vt 0.62503 0.24995999999999996
vt 0.64062 0.24995999999999996
vt 0.64062 0.26560000000000006
vt 0.62503 0.24995999999999996
vt 0.64062 0.26560000000000006
vt 0.62503 0.26560000000000006
vt 0.0781 0.56249
vt 0.0625 0.56249
vt 0.0781 0.60934
vt 0.0781 0.60934
vt 0.0625 0.56249
vt 0.0625 0.60934
vt 0.56249 0.18747000000000003
vt 0.56249 0.23439999999999994
vt 0.57809 0.18747000000000003
vt 0.57809 0.18747000000000003
vt 0.56249 0.23439999999999994
vt 0.57809 0.23439999999999994
vn -0.003145096469504948 0.010109576869385432 0.9999439508411057
vn -0.0031449667440915374 0.01010960151394874 0.9999439509999588
vn 0.003144966744096034 -0.010109601513947769 -0.9999439509999588
vn 0.003144966744097477 -0.010109601513947492 -0.9999439509999588
vn 0.1336330182321908 0.9909843997919354 -0.009598739874189048
vn 0.13363304822566385 0.9909843960398114 -0.009598709680347787
vn -0.13363304822566674 -0.9909843960398111 0.009598709680346013
vn -0.13363304822566546 -0.9909843960398114 0.0095987096803474
vn -0.9910258862730297 0.1335954058848244 -0.004467691039602761
vn -0.9910258823457014 0.13359543814652405 -0.004467597493319264
vn 0.9910258823457012 -0.13359543814652594 0.004467597493319209
vn 0.9910258823457013 -0.13359543814652447 0.0044675974933234275
usemtl m_73ede92d-df23-06b7-6449-48c338f61152
f 602/901/301 601/902/301 603/903/301
f 602/904/302 603/905/302 604/906/302
f 606/907/303 605/908/303 607/909/303
f 606/910/304 607/911/304 608/912/304
f 610/913/305 609/914/305 611/915/305
f 610/916/306 611/917/306 612/918/306
f 614/919/307 613/920/307 615/921/307
f 614/922/308 615/923/308 616/924/308
f 617/925/309 618/926/309 619/927/309
f 619/928/310 618/929/310 620/930/310
f 621/931/311 622/932/311 623/933/311
f 623/934/312 622/935/312 624/936/312
o obj27
v 0.5591668573555024 0.2616653808939233 -0.1638406690134816
v 0.584223102015311 0.44747521616256725 -0.16564043222416105
v 0.6211059830689407 0.2533156692207138 -0.16356144461493355
v 0.6461622277287493 0.4391255044893578 -0.16536120782561303
v 0.5589683308670396 0.2623035483566659 -0.10071923727856599
v 0.6209074565804781 0.2539538366834564 -0.10044001288001836
v 0.5840245755268484 0.4481133836253097 -0.10251900048924578
v 0.6459637012402867 0.43976367195210037 -0.10223977609069781
v 0.5591668573555024 0.2616653808939233 -0.1638406690134816
v 0.6211059830689407 0.2533156692207138 -0.16356144461493355
v 0.5589683308670396 0.2623035483566659 -0.10071923727856599
v 0.6209074565804781 0.2539538366834564 -0.10044001288001836
v 0.584223102015311 0.44747521616256725 -0.16564043222416105
v 0.5840245755268484 0.4481133836253097 -0.10251900048924578
v 0.6461622277287493 0.4391255044893578 -0.16536120782561303
v 0.6459637012402867 0.43976367195210037 -0.10223977609069781
v 0.5591668573555024 0.2616653808939233 -0.1638406690134816
v 0.5589683308670396 0.2623035483566659 -0.10071923727856599
v 0.584223102015311 0.44747521616256725 -0.16564043222416105
v 0.5840245755268484 0.4481133836253097 -0.10251900048924578
v 0.6211059830689407 0.2533156692207138 -0.16356144461493355
v 0.6461622277287493 0.4391255044893578 -0.16536120782561303
v 0.6209074565804781 0.2539538366834564 -0.10044001288001836
v 0.6459637012402867 0.43976367195210037 -0.10223977609069781
vt 0.5156 0.60937
vt 0.5156 0.5625
vt 0.53126 0.5625
vt 0.5156 0.60937
vt 0.53126 0.5625
vt 0.53126 0.60937
vt 0.18748 0.57811
vt 0.20314 0.57811
vt 0.20314 0.62498
vt 0.18748 0.57811
vt 0.20314 0.62498
vt 0.18748 0.62498
vt 0.59375 0.62498
vt 0.59375 0.64064
vt 0.57809 0.64064
vt 0.59375 0.62498
vt 0.57809 0.64064
vt 0.57809 0.62498
vt 0.03125 0.64064
vt 0.04691 0.64064
vt 0.04691 0.65625
vt 0.03125 0.64064
vt 0.04691 0.65625
vt 0.03125 0.65625
vt 0.59375 0.3125
vt 0.57809 0.3125
vt 0.59375 0.35938000000000003
vt 0.59375 0.35938000000000003
vt 0.57809 0.3125
vt 0.57809 0.35938000000000003
vt 0.57809 0.37498999999999993
vt 0.57809 0.42186999999999997
vt 0.59375 0.37498999999999993
vt 0.59375 0.37498999999999993
vt 0.57809 0.42186999999999997
vt 0.59375 0.42186999999999997
vn -0.0031449667440974207 0.010109601513947795 0.9999439509999588
vn -0.0031449667440974207 0.010109601513947795 0.9999439509999588
vn 0.0031449667440908704 -0.010109601513948628 -0.9999439509999588
vn 0.0031449667440960885 -0.0101096015139476 -0.9999439509999587
vn 0.13363304822566544 0.9909843960398113 -0.009598709680349147
vn 0.13363304822566516 0.9909843960398111 -0.00959870968034948
vn -0.13363304822566546 -0.9909843960398114 0.009598709680346124
vn -0.13363304822566208 -0.9909843960398117 0.00959870968034948
vn -0.9910258823457014 0.13359543814652425 -0.004467597493322706
vn -0.9910258823457013 0.13359543814652566 -0.0044675974933185425
vn 0.9910258823457014 -0.1335954381465243 0.004467597493319042
vn 0.9910258823457013 -0.13359543814652425 0.004467597493319208
usemtl m_73ede92d-df23-06b7-6449-48c338f61152
f 626/937/313 625/938/313 627/939/313
f 626/940/314 627/941/314 628/942/314
f 630/943/315 629/944/315 631/945/315
f 630/946/316 631/947/316 632/948/316
f 634/949/317 633/950/317 635/951/317
f 634/952/318 635/953/318 636/954/318
f 638/955/319 637/956/319 639/957/319
f 638/958/320 639/959/320 640/960/320
f 641/961/321 642/962/321 643/963/321
f 643/964/322 642/965/322 644/966/322
f 645/967/323 646/968/323 647/969/323
f 647/970/324 646/971/324 648/972/324
o obj28
v 0.5594755700293093 0.26162705792873764 -0.1635273263054597
v 0.5678276445430961 0.32356357351187653 -0.16412724846435545
v 0.6207953381932648 0.2533608292995481 -0.16325088606925184
v 0.6291474142931651 0.31529735449676366 -0.16385081047620825
v 0.5584927656846642 0.2647862929434562 0.14895516643961432
v 0.6198125273324616 0.2565200738945489 0.1492315985666992
v 0.5668448280398255 0.32672282085794807 0.14835524395582128
v 0.6281645977898945 0.31845660184283525 0.14863168194396847
v 0.5594755700293093 0.26162705792873764 -0.1635273263054597
v 0.6207953381932648 0.2533608292995481 -0.16325088606925184
v 0.5584927656846642 0.2647862929434562 0.14895516643961432
v 0.6198125273324616 0.2565200738945489 0.1492315985666992
v 0.5678276445430961 0.32356357351187653 -0.16412724846435545
v 0.5668448280398255 0.32672282085794807 0.14835524395582128
v 0.6291474142931651 0.31529735449676366 -0.16385081047620825
v 0.6281645977898945 0.31845660184283525 0.14863168194396847
v 0.5594755700293093 0.26162705792873764 -0.1635273263054597
v 0.5584927656846642 0.2647862929434562 0.14895516643961432
v 0.5678276445430961 0.32356357351187653 -0.16412724846435545
v 0.5668448280398255 0.32672282085794807 0.14835524395582128
v 0.6207953381932648 0.2533608292995481 -0.16325088606925184
v 0.6291474142931651 0.31529735449676366 -0.16385081047620825
v 0.6198125273324616 0.2565200738945489 0.1492315985666992
v 0.6281645977898945 0.31845660184283525 0.14863168194396847
vt 0.09375 0.65625
vt 0.09375 0.64063
vt 0.10937 0.64063
vt 0.09375 0.65625
vt 0.10937 0.64063
vt 0.10937 0.65625
vt 0.125 0.64063
vt 0.14062 0.64063
vt 0.14062 0.65625
vt 0.125 0.64063
vt 0.14062 0.65625
vt 0.125 0.65625
vt 0.46876 0.45314999999999994
vt 0.46876 0.46877
vt 0.39065 0.46877
vt 0.46876 0.45314999999999994
vt 0.39065 0.46877
vt 0.39065 0.45314999999999994
vt 0.46876 0
vt 0.54688 0
vt 0.54688 0.015619999999999967
vt 0.46876 0
vt 0.54688 0.015619999999999967
vt 0.46876 0.015619999999999967
vt 0.54688 0.20310000000000006
vt 0.46876 0.20310000000000006
vt 0.54688 0.21872000000000003
vt 0.54688 0.21872000000000003
vt 0.46876 0.20310000000000006
vt 0.46876 0.21872000000000003
vt 0.48438 0.15622999999999998
vt 0.48438 0.17185000000000006
vt 0.5625 0.15622999999999998
vt 0.5625 0.15622999999999998
vt 0.48438 0.17185000000000006
vt 0.5625 0.17185000000000006
vn -0.003145087841396276 0.01010965075190176 0.9999439501212778
vn -0.0031450487048046982 0.010109680278115901 0.9999439499458552
vn 0.0031449595015102796 -0.010109636065930875 -0.9999439506734107
vn 0.003145065444956129 -0.010109556137941204 -0.9999439511482835
vn 0.1336332005732868 0.9909843758517192 -0.009598672945701573
vn 0.13363306130112232 0.9909843943566552 -0.009598701415494237
vn -0.13363304434325785 -0.9909843965838504 0.00959870756378195
vn -0.1336330443432579 -0.9909843965838504 0.009598707563781948
vn -0.9910258698219077 0.13359553124102652 -0.004467591762851164
vn -0.9910258989729532 0.1335953135998281 -0.004467633491414213
vn 0.9910258691504733 -0.1335955353885306 0.004467616680201515
vn 0.9910258817583841 -0.13359544125813338 0.004467634727916836
usemtl m_73ede92d-df23-06b7-6449-48c338f61152
f 650/973/325 649/974/325 651/975/325
f 650/976/326 651/977/326 652/978/326
f 654/979/327 653/980/327 655/981/327
f 654/982/328 655/983/328 656/984/328
f 658/985/329 657/986/329 659/987/329
f 658/988/330 659/989/330 660/990/330
f 662/991/331 661/992/331 663/993/331
f 662/994/332 663/995/332 664/996/332
f 665/997/333 666/998/333 667/999/333
f 667/1000/334 666/1001/334 668/1002/334
f 669/1003/335 670/1004/335 671/1005/335
f 671/1006/336 670/1007/336 672/1008/336
o obj29
v 0.615533497281377 0.2548707299376426 -0.16359508335100298
v 0.38034502951549287 0.17009971537334262 -0.16347774390194003
v 0.5943415928305747 0.3136645779186211 -0.16425614677046535
v 0.359153130707158 0.2288935606032504 -0.16413881510562822
v 0.6145487146863454 0.2580362862205403 0.14951223036674555
v 0.5933568102355431 0.31683013420151884 0.14885116694728318
v 0.379360255022733 0.17326527169003478 0.14962957567687085
v 0.3581683496982401 0.23205912650022473 0.1489684963640595
v 0.615533497281377 0.2548707299376426 -0.16359508335100298
v 0.5943415928305747 0.3136645779186211 -0.16425614677046535
v 0.6145487146863454 0.2580362862205403 0.14951223036674555
v 0.5933568102355431 0.31683013420151884 0.14885116694728318
v 0.38034502951549287 0.17009971537334262 -0.16347774390194003
v 0.379360255022733 0.17326527169003478 0.14962957567687085
v 0.359153130707158 0.2288935606032504 -0.16413881510562822
v 0.3581683496982401 0.23205912650022473 0.1489684963640595
v 0.615533497281377 0.2548707299376426 -0.16359508335100298
v 0.6145487146863454 0.2580362862205403 0.14951223036674555
v 0.38034502951549287 0.17009971537334262 -0.16347774390194003
v 0.379360255022733 0.17326527169003478 0.14962957567687085
v 0.5943415928305747 0.3136645779186211 -0.16425614677046535
v 0.359153130707158 0.2288935606032504 -0.16413881510562822
v 0.5933568102355431 0.31683013420151884 0.14885116694728318
v 0.3581683496982401 0.23205912650022473 0.1489684963640595
vt 0.48437 0.51564
vt 0.48437 0.45311
vt 0.5 0.45311
vt 0.48437 0.51564
vt 0.5 0.45311
vt 0.5 0.51564
vt 0 0.51564
vt 0.01563 0.51564
vt 0.01563 0.57813
vt 0 0.51564
vt 0.01563 0.57813
vt 0 0.57813
vt 0.28122 0.46876000000000007
vt 0.28122 0.45311
vt 0.20315 0.46876000000000007
vt 0.20315 0.46876000000000007
vt 0.28122 0.45311
vt 0.20315 0.45311
vt 0.37498 0.45311
vt 0.29685 0.45311
vt 0.37498 0.46876000000000007
vt 0.37498 0.46876000000000007
vt 0.29685 0.45311
vt 0.29685 0.46876000000000007
vt 0.12502 0.23438000000000003
vt 0.20315 0.23438000000000003
vt 0.20315 0.29686
vt 0.12502 0.23438000000000003
vt 0.20315 0.29686
vt 0.12502 0.29686
vt 0.21878 0.29686
vt 0.21878 0.23438000000000003
vt 0.29685 0.23438000000000003
vt 0.21878 0.29686
vt 0.29685 0.23438000000000003
vt 0.29685 0.29686
vn -0.0031449774931622257 0.01010953230372466 0.9999439516658759
vn -0.0031450494304416377 0.010109639525716863 0.9999439503555888
vn 0.003144955533644577 -0.01010954021878385 -0.9999439516549196
vn 0.003145100896443597 -0.010109756880971764 -0.9999439490072225
vn 0.9407557258352011 0.33908471512875404 -0.0004693339279965847
vn 0.9407557258352008 0.33908471512875477 -0.00046933392799647367
vn -0.9407557496684272 -0.339084648973203 0.00046935755592514283
vn -0.9407557340272018 -0.3390846923802301 0.0004693488529362022
vn -0.33907046516863953 0.9407015177458362 -0.010577058239541635
vn -0.3390704756481393 0.9407015140683469 -0.010577049364742184
vn 0.3390704817967039 -0.9407015117524389 0.010577058231246049
vn 0.3390704496125677 -0.9407015230465666 0.010577085487102567
usemtl m_73ede92d-df23-06b7-6449-48c338f61152
f 674/1009/337 673/1010/337 675/1011/337
f 674/1012/338 675/1013/338 676/1014/338
f 678/1015/339 677/1016/339 679/1017/339
f 678/1018/340 679/1019/340 680/1020/340
f 681/1021/341 682/1022/341 683/1023/341
f 683/1024/342 682/1025/342 684/1026/342
f 685/1027/343 686/1028/343 687/1029/343
f 687/1030/344 686/1031/344 688/1032/344
f 690/1033/345 689/1034/345 691/1035/345
f 690/1036/346 691/1037/346 692/1038/346
f 694/1039/347 693/1040/347 695/1041/347
f 694/1042/348 695/1043/348 696/1044/348
o obj30
v 0.45468442133566356 0.4462505315489282 0.08460301685092844
v 0.41046609886797003 0.200002916758586 0.08695353609466366
v 0.40344157457024404 0.4615993689247652 0.08428666803877038
v 0.3590244753206879 0.23178651719651444 0.08647041567819022
v 0.4544898296100588 0.44687606963572385 0.14647458068858232
v 0.40324698125852587 0.4622248973974844 0.1461582341244849
v 0.41027149991378425 0.2006284479823759 0.14882510996460416
v 0.35882987390669807 0.2324120456354391 0.14834197590284243
v 0.45468442133566356 0.4462505315489282 0.08460301685092844
v 0.40344157457024404 0.4615993689247652 0.08428666803877038
v 0.4544898296100588 0.44687606963572385 0.14647458068858232
v 0.40324698125852587 0.4622248973974844 0.1461582341244849
v 0.41046609886797003 0.200002916758586 0.08695353609466366
v 0.41027149991378425 0.2006284479823759 0.14882510996460416
v 0.3590244753206879 0.23178651719651444 0.08647041567819022
v 0.35882987390669807 0.2324120456354391 0.14834197590284243
v 0.45468442133566356 0.4462505315489282 0.08460301685092844
v 0.4544898296100588 0.44687606963572385 0.14647458068858232
v 0.41046609886797003 0.200002916758586 0.08695353609466366
v 0.41027149991378425 0.2006284479823759 0.14882510996460416
v 0.40344157457024404 0.4615993689247652 0.08428666803877038
v 0.3590244753206879 0.23178651719651444 0.08647041567819022
v 0.40324698125852587 0.4622248973974844 0.1461582341244849
v 0.35882987390669807 0.2324120456354391 0.14834197590284243
vt 0.53204 0.29845
vt 0.53204 0.23595999999999995
vt 0.54533 0.23438000000000003
vt 0.53204 0.29845
vt 0.54533 0.23438000000000003
vt 0.54609 0.29295000000000004
vt 0.06327 0.46877
vt 0.07815 0.47031
vt 0.07815 0.5328
vt 0.06327 0.46877
vt 0.07815 0.5328
vt 0.0625 0.52735
vt 0.29689 0.64062
vt 0.29689 0.625
vt 0.28124 0.64062
vt 0.28124 0.64062
vt 0.29689 0.625
vt 0.28124 0.625
vt 0.31247 0.64062
vt 0.32812 0.64062
vt 0.31247 0.625
vt 0.31247 0.625
vt 0.32812 0.64062
vt 0.32812 0.625
vt 0.42187 0.48439
vt 0.43752 0.48439
vt 0.43752 0.54689
vt 0.42187 0.48439
vt 0.43752 0.54689
vt 0.42187 0.54689
vt 0.45311 0.54689
vt 0.45311 0.48439
vt 0.46875 0.48439
vt 0.45311 0.54689
vt 0.46875 0.48439
vt 0.46875 0.54689
vn -0.003145044308061451 0.010109564250207148 0.999943951132748
vn -0.0031448229550051212 0.010109570200578786 0.9999439517687685
vn 0.003144992860204309 -0.010109595559238264 -0.9999439509780226
vn 0.0031450742692432634 -0.010109593370817264 -0.9999439507440994
vn 0.2869746424219287 0.9578979227062839 -0.008782043144525032
vn 0.2869744685086785 0.9578979762335796 -0.008781887711323794
vn -0.5256570879174121 -0.8506681867259331 0.0069470867706756395
vn -0.5256570375529335 -0.8506682183148164 0.006947029593291923
vn -0.9842536569039693 0.17669438302633766 -0.004881995299620245
vn -0.9842536524719482 0.17669440509474965 -0.004882090109995074
vn 0.981826435829419 -0.1897150228083839 0.005005999132471517
vn 0.9818264289565422 -0.1897150549668883 0.005006128379773822
usemtl m_73ede92d-df23-06b7-6449-48c338f61152
f 698/1045/349 697/1046/349 699/1047/349
f 698/1048/350 699/1049/350 700/1050/350
f 702/1051/351 701/1052/351 703/1053/351
f 702/1054/352 703/1055/352 704/1056/352
f 705/1057/353 706/1058/353 707/1059/353
f 707/1060/354 706/1061/354 708/1062/354
f 709/1063/355 710/1064/355 711/1065/355
f 711/1066/356 710/1067/356 712/1068/356
f 714/1069/357 713/1070/357 715/1071/357
f 714/1072/358 715/1073/358 716/1074/358
f 718/1075/359 717/1076/359 719/1077/359
f 718/1078/360 719/1079/360 720/1080/360
o obj31
v 0.4554706853206354 0.4437231344775683 -0.1653834731367142
v 0.411252355624361 0.1974755128242204 -0.1630329438606926
v 0.40422783045294425 0.459071971819611 -0.1656998278099346
v 0.3598107296172746 0.22925911047728365 -0.16351607792245412
v 0.45527608390664576 0.44434866291649305 -0.10351191291206222
v 0.4040332314987588 0.4596975030434008 -0.10382825393999451
v 0.4110577542103713 0.19810104126314498 -0.10116138363604057
v 0.3596161241469307 0.2298846512813557 -0.10164451216163664
v 0.4554706853206354 0.4437231344775683 -0.1653834731367142
v 0.40422783045294425 0.459071971819611 -0.1656998278099346
v 0.45527608390664576 0.44434866291649305 -0.10351191291206222
v 0.4040332314987588 0.4596975030434008 -0.10382825393999451
v 0.411252355624361 0.1974755128242204 -0.1630329438606926
v 0.4110577542103713 0.19810104126314498 -0.10116138363604057
v 0.3598107296172746 0.22925911047728365 -0.16351607792245412
v 0.3596161241469307 0.2298846512813557 -0.10164451216163664
v 0.4554706853206354 0.4437231344775683 -0.1653834731367142
v 0.45527608390664576 0.44434866291649305 -0.10351191291206222
v 0.411252355624361 0.1974755128242204 -0.1630329438606926
v 0.4110577542103713 0.19810104126314498 -0.10116138363604057
v 0.40422783045294425 0.459071971819611 -0.1656998278099346
v 0.3598107296172746 0.22925911047728365 -0.16351607792245412
v 0.4040332314987588 0.4596975030434008 -0.10382825393999451
v 0.3596161241469307 0.2298846512813557 -0.10164451216163664
vt 0.48519 0.59533
vt 0.48519 0.53282
vt 0.49844 0.53123
vt 0.48519 0.59533
vt 0.49844 0.53123
vt 0.49919 0.58984
vt 0.2039 0.48435000000000006
vt 0.21873 0.48594000000000004
vt 0.21873 0.54845
vt 0.2039 0.48435000000000006
vt 0.21873 0.54845
vt 0.20315 0.54295
vt 0.65625 0.17188000000000003
vt 0.65625 0.15625
vt 0.64059 0.17188000000000003
vt 0.64059 0.17188000000000003
vt 0.65625 0.15625
vt 0.64059 0.15625
vt 0.18749 0.65625
vt 0.20315 0.65625
vt 0.18749 0.64062
vt 0.18749 0.64062
vt 0.20315 0.65625
vt 0.20315 0.64062
vt 0.09375 0.51561
vt 0.10941 0.51561
vt 0.10941 0.57812
vt 0.09375 0.51561
vt 0.10941 0.57812
vt 0.09375 0.57812
vt 0.125 0.57812
vt 0.125 0.51561
vt 0.14065 0.51561
vt 0.125 0.57812
vt 0.14065 0.51561
vt 0.14065 0.57812
vn -0.0031451408480245293 0.010109622126189736 0.9999439502439683
vn -0.0031450550755263143 0.01010962443191049 0.999943950490435
vn 0.0031448877929269306 -0.010109576697432896 -0.999943951499167
vn 0.003144975744160893 -0.01010957433314477 -0.9999439512464543
vn 0.28697460051675 0.957897937034712 -0.008781849628326911
vn 0.2869746589477965 0.9578979190507121 -0.008781901850480818
vn -0.5256570375529332 -0.8506682183148165 0.0069470295932921936
vn -0.5256571554148765 -0.8506681443911325 0.00694716339866591
vn -0.984253652370513 0.17669440476869 -0.004882122360592932
vn -0.984253652370513 0.17669440476869003 -0.004882122360592878
vn 0.9818264357485704 -0.1897150206587212 0.005006096455270003
vn 0.981826428636273 -0.18971505393742213 0.00500623020472496
usemtl m_73ede92d-df23-06b7-6449-48c338f61152
f 722/1081/361 721/1082/361 723/1083/361
f 722/1084/362 723/1085/362 724/1086/362
f 726/1087/363 725/1088/363 727/1089/363
f 726/1090/364 727/1091/364 728/1092/364
f 729/1093/365 730/1094/365 731/1095/365
f 731/1096/366 730/1097/366 732/1098/366
f 733/1099/367 734/1100/367 735/1101/367
f 735/1102/368 734/1103/368 736/1104/368
f 738/1105/369 737/1106/369 739/1107/369
f 738/1108/370 739/1109/370 740/1110/370
f 742/1111/371 741/1112/371 743/1113/371
f 742/1114/372 743/1115/372 744/1116/372
o obj32
v 0.5708296473241419 0.4221517612873551 0.08490446938271914
v 0.6014393845204585 0.29642280824192047 0.08627188763322419
v 0.44533858323668823 0.4225411933327907 0.08450584347987936
v 0.38274213131956336 0.23485041214353716 0.0862065498857574
v 0.570633085039663 0.4227836072160156 0.14740098013182135
v 0.44514201284993793 0.42317303922765687 0.14700234836791903
v 0.6012428141337081 0.29705465413678656 0.148768392521264
v 0.3825455762636655 0.23548226493520338 0.14870305060257327
v 0.5708296473241419 0.4221517612873551 0.08490446938271914
v 0.44533858323668823 0.4225411933327907 0.08450584347987936
v 0.570633085039663 0.4227836072160156 0.14740098013182135
v 0.44514201284993793 0.42317303922765687 0.14700234836791903
v 0.6014393845204585 0.29642280824192047 0.08627188763322419
v 0.6012428141337081 0.29705465413678656 0.148768392521264
v 0.38274213131956336 0.23485041214353716 0.0862065498857574
v 0.3825455762636655 0.23548226493520338 0.14870305060257327
v 0.5708296473241419 0.4221517612873551 0.08490446938271914
v 0.570633085039663 0.4227836072160156 0.14740098013182135
v 0.6014393845204585 0.29642280824192047 0.08627188763322419
v 0.6012428141337081 0.29705465413678656 0.148768392521264
v 0.44533858323668823 0.4225411933327907 0.08450584347987936
v 0.38274213131956336 0.23485041214353716 0.0862065498857574
v 0.44514201284993793 0.42317303922765687 0.14700234836791903
v 0.3825455762636655 0.23548226493520338 0.14870305060257327
vt 0.36387 0.09372999999999998
vt 0.39606 0.09372999999999998
vt 0.40364 0.12402999999999997
vt 0.36387 0.09372999999999998
vt 0.40364 0.12402999999999997
vt 0.36198 0.15056999999999998
vt 0.35463 0.03125
vt 0.39064 0.038860000000000006
vt 0.39064 0.07105000000000006
vt 0.35463 0.03125
vt 0.39064 0.07105000000000006
vt 0.32813 0.07292999999999994
vt 0.17185 0.625
vt 0.17185 0.59376
vt 0.15625 0.625
vt 0.15625 0.625
vt 0.17185 0.59376
vt 0.15625 0.59376
vt 0.40624 0.48436999999999997
vt 0.39064 0.48436999999999997
vt 0.40624 0.54686
vt 0.40624 0.54686
vt 0.39064 0.48436999999999997
vt 0.39064 0.54686
vt 0.59378 0.18752999999999997
vt 0.60938 0.18752999999999997
vt 0.60938 0.21877999999999997
vt 0.59378 0.18752999999999997
vt 0.60938 0.21877999999999997
vt 0.59378 0.21877999999999997
vt 0.23436 0.60934
vt 0.23436 0.56252
vt 0.25002 0.56252
vt 0.23436 0.60934
vt 0.25002 0.56252
vt 0.25002 0.60934
vn -0.003144977249674551 0.010109641809527723 0.9999439505595211
vn -0.0031450147857781663 0.01010959535480263 0.9999439509111296
vn 0.0031450239324202767 -0.01010958403490908 -0.9999439509968076
vn 0.003145028856651743 -0.0101095779406746 -0.9999439510429333
vn 0.0031351735157396357 0.9999440820798319 -0.010099673289214654
vn 0.0031351735157417173 0.9999440820798319 -0.010099673289218845
vn 0.2709876591172713 -0.9625246370376233 0.010583558084758138
vn 0.2709876482796067 -0.9625246396441477 0.01058359852752455
vn -0.9716177564307433 -0.23655547781944092 -0.0006643057313757694
vn -0.9716177704448847 -0.23655541990228035 -0.0006644325152390662
vn 0.9486321485478781 -0.3163207746426971 0.006181769235491963
vn 0.9486321688929117 -0.31632071749627066 0.006181571335421077
usemtl m_73ede92d-df23-06b7-6449-48c338f61152
f 746/1117/373 745/1118/373 747/1119/373
f 746/1120/374 747/1121/374 748/1122/374
f 750/1123/375 749/1124/375 751/1125/375
f 750/1126/376 751/1127/376 752/1128/376
f 753/1129/377 754/1130/377 755/1131/377
f 755/1132/378 754/1133/378 756/1134/378
f 757/1135/379 758/1136/379 759/1137/379
f 759/1138/380 758/1139/380 760/1140/380
f 762/1141/381 761/1142/381 763/1143/381
f 762/1144/382 763/1145/382 764/1146/382
f 766/1147/383 765/1148/383 767/1149/383
f 766/1150/384 767/1151/384 768/1152/384
o obj33
v 0.5716158947251118 0.41962436646704704 -0.16508162233378026
v 0.6022256319214283 0.29389541342161235 -0.1637142040832752
v 0.44612483063765807 0.42001379851248266 -0.16548024823662003
v 0.38352839246527226 0.23232301460595256 -0.1637795437539053
v 0.5714193380831003 0.4202562096446367 -0.10258511936890374
v 0.44592826747948855 0.4206456512703546 -0.1029837533808666
v 0.6020290671771453 0.29452725656540774 -0.10121770697946109
v 0.38333182366463536 0.23295487011489519 -0.10128304111392611
v 0.5716158947251118 0.41962436646704704 -0.16508162233378026
v 0.44612483063765807 0.42001379851248266 -0.16548024823662003
v 0.5714193380831003 0.4202562096446367 -0.10258511936890374
v 0.44592826747948855 0.4206456512703546 -0.1029837533808666
v 0.6022256319214283 0.29389541342161235 -0.1637142040832752
v 0.6020290671771453 0.29452725656540774 -0.10121770697946109
v 0.38352839246527226 0.23232301460595256 -0.1637795437539053
v 0.38333182366463536 0.23295487011489519 -0.10128304111392611
v 0.5716158947251118 0.41962436646704704 -0.16508162233378026
v 0.5714193380831003 0.4202562096446367 -0.10258511936890374
v 0.6022256319214283 0.29389541342161235 -0.1637142040832752
v 0.6020290671771453 0.29452725656540774 -0.10121770697946109
v 0.44612483063765807 0.42001379851248266 -0.16548024823662003
v 0.38352839246527226 0.23232301460595256 -0.1637795437539053
v 0.44592826747948855 0.4206456512703546 -0.1029837533808666
v 0.38333182366463536 0.23295487011489519 -0.10128304111392611
vt 0.36389 0.31252
vt 0.39609 0.31252
vt 0.40364 0.3428
vt 0.36389 0.31252
vt 0.40364 0.3428
vt 0.36198 0.36935000000000007
vt 0.02655 0.34377
vt 0.06249 0.35134
vt 0.06249 0.38351
vt 0.02655 0.34377
vt 0.06249 0.38351
vt 0 0.38541000000000003
vt 0.60936 0.26564
vt 0.60936 0.23439
vt 0.59372 0.26564
vt 0.59372 0.26564
vt 0.60936 0.23439
vt 0.59372 0.23439
vt 0.04685 0.51561
vt 0.03128 0.51561
vt 0.04685 0.57812
vt 0.04685 0.57812
vt 0.03128 0.51561
vt 0.03128 0.57812
vt 0.60936 0.14061999999999997
vt 0.625 0.14061999999999997
vt 0.625 0.17188000000000003
vt 0.60936 0.14061999999999997
vt 0.625 0.17188000000000003
vt 0.60936 0.17188000000000003
vt 0 0.64062
vt 0 0.59374
vt 0.01564 0.59374
vt 0 0.64062
vt 0.01564 0.59374
vt 0.01564 0.64062
vn -0.00314497724967444 0.010109641809527668 0.9999439505595212
vn -0.003145021546586301 0.010109586987618711 0.9999439509744591
vn 0.003145041123713609 -0.010109579849422233 -0.9999439509850532
vn 0.0031450058756835033 -0.01010962347242103 -0.9999439506548794
vn 0.003135173382160711 0.9999440825092206 -0.010099630817860555
vn 0.0031352506937047655 0.9999440807113085 -0.010099784824636108
vn 0.2709876860982166 -0.9625246301616874 0.010583492582390441
vn 0.27098763061386627 -0.962524643506009 0.010583699632599862
vn -0.9716177566736051 -0.23655547703875457 -0.0006642285137989368
vn -0.9716177706877547 -0.2365554191216007 -0.000664355297665009
vn 0.9486321709838267 -0.31632070881591484 0.006181694647017786
vn 0.9486321608001723 -0.31632073742039246 0.006181793705346494
usemtl m_73ede92d-df23-06b7-6449-48c338f61152
f 770/1153/385 769/1154/385 771/1155/385
f 770/1156/386 771/1157/386 772/1158/386
f 774/1159/387 773/1160/387 775/1161/387
f 774/1162/388 775/1163/388 776/1164/388
f 777/1165/389 778/1166/389 779/1167/389
f 779/1168/390 778/1169/390 780/1170/390
f 781/1171/391 782/1172/391 783/1173/391
f 783/1174/392 782/1175/392 784/1176/392
f 786/1177/393 785/1178/393 787/1179/393
f 786/1180/394 787/1181/394 788/1182/394
f 790/1183/395 789/1184/395 791/1185/395
f 790/1186/396 791/1187/396 792/1188/396
o obj34
v 0.6214188455541003 0.4201011083477944 -0.10242629999212605
v 0.6047849172464981 0.2945187651728419 -0.10120896434825355
v 0.43397721002020906 0.4387922282579928 -0.10320481194236406
v 0.44976653523535703 0.29499983537174945 -0.10170138660925862
v 0.6208291553671689 0.42199665017812216 0.08506320271654375
v 0.4333875214193912 0.4406877797023971 0.08428468851824514
v 0.6041952214170994 0.29641430975424055 0.08628054614464203
v 0.44917684504842553 0.2968953772020773 0.08578811609941117
v 0.6214188455541003 0.4201011083477944 -0.10242629999212605
v 0.43397721002020906 0.4387922282579928 -0.10320481194236406
v 0.6208291553671689 0.42199665017812216 0.08506320271654375
v 0.4333875214193912 0.4406877797023971 0.08428468851824514
v 0.6047849172464981 0.2945187651728419 -0.10120896434825355
v 0.6041952214170994 0.29641430975424055 0.08628054614464203
v 0.44976653523535703 0.29499983537174945 -0.10170138660925862
v 0.44917684504842553 0.2968953772020773 0.08578811609941117
v 0.6214188455541003 0.4201011083477944 -0.10242629999212605
v 0.6208291553671689 0.42199665017812216 0.08506320271654375
v 0.6047849172464981 0.2945187651728419 -0.10120896434825355
v 0.6041952214170994 0.29641430975424055 0.08628054614464203
v 0.43397721002020906 0.4387922282579928 -0.10320481194236406
v 0.44976653523535703 0.29499983537174945 -0.10170138660925862
v 0.4333875214193912 0.4406877797023971 0.08428468851824514
v 0.44917684504842553 0.2968953772020773 0.08578811609941117
vt 0.19594 0.65651
vt 0.19517 0.62501
vt 0.24229 0.62501
vt 0.19594 0.65651
vt 0.24229 0.62501
vt 0.23488 0.66035
vt 0.04046 0.6094
vt 0.04165 0.65623
vt 0.01012 0.65623
vt 0.04046 0.6094
vt 0.01012 0.65623
vt 0.00527 0.61773
vt 0.32808 0.64062
vt 0.32808 0.59374
vt 0.28122 0.64062
vt 0.28122 0.64062
vt 0.32808 0.59374
vt 0.28122 0.59374
vt 0.17192 0.57813
vt 0.12497 0.57813
vt 0.17192 0.62501
vt 0.17192 0.62501
vt 0.12497 0.57813
vt 0.12497 0.62501
vt 0.65627 0.3125
vt 0.70313 0.3125
vt 0.70313 0.34377
vt 0.65627 0.3125
vt 0.70313 0.34377
vt 0.65627 0.34377
vt 0.26563 0.6875
vt 0.26563 0.65623
vt 0.31249 0.65623
vt 0.26563 0.6875
vt 0.31249 0.65623
vt 0.31249 0.6875
vn -0.0031450291686363485 0.010109554985037128 0.9999439512740368
vn -0.0031449898188328764 0.010109601567108798 0.9999439509268476
vn 0.0031450343817066564 -0.01010961801352883 -0.9999439506204129
vn 0.0031450402946388003 -0.010109611013834145 -0.9999439506725836
vn 0.09926028440730414 0.9950137596151049 -0.009747518453205817
vn 0.09926033605012612 0.9950137539562808 -0.009747570212422505
vn -0.003135219282645373 -0.9999440815614664 0.010099710404022353
vn -0.003135202113982105 -0.9999440817577381 0.010099696301302724
vn -0.991337498098448 0.1312638811373073 -0.004445039109030324
vn -0.9913374918633113 0.13126392714225393 -0.004445071130192768
vn 0.9940209252502591 0.1091710084992423 0.002022638840122326
vn 0.9940209271842387 0.10917099062749183 0.002022653009867425
usemtl m_176db8f8-90c0-0e2e-f2de-b6726d94649e
f 794/1189/397 793/1190/397 795/1191/397
f 794/1192/398 795/1193/398 796/1194/398
f 798/1195/399 797/1196/399 799/1197/399
f 798/1198/400 799/1199/400 800/1200/400
f 801/1201/401 802/1202/401 803/1203/401
f 803/1204/402 802/1205/402 804/1206/402
f 805/1207/403 806/1208/403 807/1209/403
f 807/1210/404 806/1211/404 808/1212/404
f 810/1213/405 809/1214/405 811/1215/405
f 810/1216/406 811/1217/406 812/1218/406
f 814/1219/407 813/1220/407 815/1221/407
f 814/1222/408 815/1223/408 816/1224/408
o obj35
v 0.07248637396330991 0.4912293977814347 0.09163765742893507
v 0.10444662094064806 0.3704549188449186 0.08750649397862673
v 0.02414996417291633 0.47843903406414157 0.09161494213237811
v 0.05611021115025461 0.35766455512762535 0.08748377868206961
v 0.07288713839947547 0.4896261057117326 0.1416103689923558
v 0.02455072860908189 0.47683574199443945 0.14158765369579884
v 0.10484738537681366 0.3688516267752166 0.13747920554204746
v 0.05651097558642022 0.3560612630579234 0.13745649024549034
v 0.07248637396330991 0.4912293977814347 0.09163765742893507
v 0.02414996417291633 0.47843903406414157 0.09161494213237811
v 0.07288713839947547 0.4896261057117326 0.1416103689923558
v 0.02455072860908189 0.47683574199443945 0.14158765369579884
v 0.10444662094064806 0.3704549188449186 0.08750649397862673
v 0.10484738537681366 0.3688516267752166 0.13747920554204746
v 0.05611021115025461 0.35766455512762535 0.08748377868206961
v 0.05651097558642022 0.3560612630579234 0.13745649024549034
v 0.07248637396330991 0.4912293977814347 0.09163765742893507
v 0.07288713839947547 0.4896261057117326 0.1416103689923558
v 0.10444662094064806 0.3704549188449186 0.08750649397862673
v 0.10484738537681366 0.3688516267752166 0.13747920554204746
v 0.02414996417291633 0.47843903406414157 0.09161494213237811
v 0.05611021115025461 0.35766455512762535 0.08748377868206961
v 0.02455072860908189 0.47683574199443945 0.14158765369579884
v 0.05651097558642022 0.3560612630579234 0.13745649024549034
vt 0.79683 0.57812
vt 0.79683 0.54688
vt 0.8125 0.54688
vt 0.79683 0.57812
vt 0.8125 0.54688
vt 0.8125 0.57812
vt 0.56253 0.79688
vt 0.5781 0.79688
vt 0.5781 0.82813
vt 0.56253 0.79688
vt 0.5781 0.82813
vt 0.56253 0.82813
vt 0.75001 0.84373
vt 0.75001 0.82813
vt 0.73433 0.84373
vt 0.73433 0.84373
vt 0.75001 0.82813
vt 0.73433 0.82813
vt 0.01567 0.84373
vt 0 0.84373
vt 0.01567 0.85937
vt 0.01567 0.85937
vt 0 0.84373
vt 0 0.85937
vt 0.59378 0.79688
vt 0.60935 0.79688
vt 0.60935 0.82813
vt 0.59378 0.79688
vt 0.60935 0.82813
vt 0.59378 0.82813
vt 0.78125 0.82813
vt 0.78125 0.79688
vt 0.79683 0.79688
vt 0.78125 0.82813
vt 0.79683 0.79688
vt 0.79683 0.82813
vn 0.008015301245706874 -0.032065841130438005 0.9994536191232379
vn 0.008015301245704097 -0.03206584113044005 0.9994536191232377
vn -0.008015301245707207 0.03206584113043809 -0.9994536191232379
vn -0.008015301245704152 0.03206584113044033 -0.9994536191232377
vn -0.25568194969608304 0.9661958835055259 0.03304928587104761
vn -0.2556819496960831 0.9661958835055257 0.0330492858710476
vn 0.25568194969608476 -0.9661958835055253 -0.0330492858710456
vn 0.25568194969608493 -0.9661958835055254 -0.033049285871045664
vn -0.9667277159408483 -0.25580718681489867 -0.00045431887280411587
vn -0.9667277159408482 -0.2558071868148991 -0.0004543188728027281
vn 0.966727715940848 0.25580718681489945 0.0004543188728036718
vn 0.966727715940848 0.25580718681489983 0.0004543188728027836
usemtl m_176db8f8-90c0-0e2e-f2de-b6726d94649e
f 818/1225/409 817/1226/409 819/1227/409
f 818/1228/410 819/1229/410 820/1230/410
f 822/1231/411 821/1232/411 823/1233/411
f 822/1234/412 823/1235/412 824/1236/412
f 825/1237/413 826/1238/413 827/1239/413
f 827/1240/414 826/1241/414 828/1242/414
f 829/1243/415 830/1244/415 831/1245/415
f 831/1246/416 830/1247/416 832/1248/416
f 834/1249/417 833/1250/417 835/1251/417
f 834/1252/418 835/1253/418 836/1254/418
f 838/1255/419 837/1256/419 839/1257/419
f 838/1258/420 839/1259/420 840/1260/420
o obj36
v 0.06141431313696892 0.4140700802952363 0.092754518764842
v 0.061277146190332685 0.3703224149929477 0.09319638201991626
v -0.044834618768507986 0.41439979780489467 0.09241701423675361
v -0.04497178412903052 0.37065214211668257 0.09285887524376688
v 0.061276722745446016 0.41451237058262363 0.1365020394484527
v -0.04497220916003081 0.4148420880922819 0.13616453492036415
v 0.06113955579880978 0.37076470528033506 0.13694390270352697
v -0.04510937452055344 0.3710944324040698 0.13660639592737758
v 0.06141431313696892 0.4140700802952363 0.092754518764842
v -0.044834618768507986 0.41439979780489467 0.09241701423675361
v 0.061276722745446016 0.41451237058262363 0.1365020394484527
v -0.04497220916003081 0.4148420880922819 0.13616453492036415
v 0.061277146190332685 0.3703224149929477 0.09319638201991626
v 0.06113955579880978 0.37076470528033506 0.13694390270352697
v -0.04497178412903052 0.37065214211668257 0.09285887524376688
v -0.04510937452055344 0.3710944324040698 0.13660639592737758
v 0.06141431313696892 0.4140700802952363 0.092754518764842
v 0.061276722745446016 0.41451237058262363 0.1365020394484527
v 0.061277146190332685 0.3703224149929477 0.09319638201991626
v 0.06113955579880978 0.37076470528033506 0.13694390270352697
v -0.044834618768507986 0.41439979780489467 0.09241701423675361
v -0.04497178412903052 0.37065214211668257 0.09285887524376688
v -0.04497220916003081 0.4148420880922819 0.13616453492036415
v -0.04510937452055344 0.3710944324040698 0.13660639592737758
vt 0.81252 0.40625
vt 0.81252 0.39061999999999997
vt 0.84374 0.39061999999999997
vt 0.81252 0.40625
vt 0.84374 0.39061999999999997
vt 0.84374 0.40625
vt 0.6875 0.81251
vt 0.71876 0.81251
vt 0.71876 0.82813
vt 0.6875 0.81251
vt 0.71876 0.82813
vt 0.6875 0.82813
vt 0.82811 0.71877
vt 0.82811 0.68752
vt 0.81252 0.71877
vt 0.81252 0.71877
vt 0.82811 0.68752
vt 0.81252 0.68752
vt 0.82811 0.73439
vt 0.81252 0.73439
vt 0.82811 0.76564
vt 0.82811 0.76564
vt 0.81252 0.73439
vt 0.81252 0.76564
vt 0.84374 0.5781
vt 0.85938 0.5781
vt 0.85938 0.59373
vt 0.84374 0.5781
vt 0.85938 0.59373
vt 0.84374 0.59373
vt 0.59375 0.85937
vt 0.59375 0.84375
vt 0.60938 0.84375
vt 0.59375 0.85937
vt 0.60938 0.84375
vt 0.60938 0.85937
vn -0.0031449945397898907 0.010109565286423176 0.9999439512788025
vn -0.003145014983295169 0.01010951607844679 0.999943951712002
vn 0.003144994539791556 -0.01010956528642326 -0.9999439512788025
vn 0.003145014983295279 -0.01010951607845073 -0.9999439517120019
vn 0.0031351632505697002 0.9999440824534482 -0.010099639484848433
vn 0.0031351632505691443 0.9999440824534481 -0.010099639484847099
vn -0.0031352539905520607 -0.9999440821718547 0.01009963919661505
vn -0.0031352539905520884 -0.9999440821718547 0.010099639196615077
vn -0.9999901398208986 0.0031032979446931628 -0.0031764450013478393
vn -0.9999901398208983 0.0031032979446931055 -0.003176445001347893
vn 0.9999901399319115 -0.003103262538255518 0.0031764446437330665
vn 0.9999901399319115 -0.0031032625382582946 0.003176444643735843
usemtl m_176db8f8-90c0-0e2e-f2de-b6726d94649e
f 842/1261/421 841/1262/421 843/1263/421
f 842/1264/422 843/1265/422 844/1266/422
f 846/1267/423 845/1268/423 847/1269/423
f 846/1270/424 847/1271/424 848/1272/424
f 849/1273/425 850/1274/425 851/1275/425
f 851/1276/426 850/1277/426 852/1278/426
f 853/1279/427 854/1280/427 855/1281/427
f 855/1282/428 854/1283/428 856/1284/428
f 858/1285/429 857/1286/429 859/1287/429
f 858/1288/430 859/1289/430 860/1290/430
f 862/1291/431 861/1292/431 863/1293/431
f 862/1294/432 863/1295/432 864/1296/432
o obj37
v 0.07384755458193892 0.48653893303830464 -0.16377653988819618
v 0.1057735037155625 0.3658746889225241 -0.15700345749373307
v 0.02551114320543215 0.4737485597069348 -0.16379925293669284
v 0.05743709392516905 0.35308432520523086 -0.15702617279029016
v 0.0731325871534804 0.48915221341019743 -0.11384996905780753
v 0.024796177363086924 0.4763618496929042 -0.11387268435436465
v 0.10505853787321753 0.3684879789084934 -0.10707688891140518
v 0.0567221280828242 0.3556976151912 -0.10709960420796247
v 0.07384755458193892 0.48653893303830464 -0.16377653988819618
v 0.02551114320543215 0.4737485597069348 -0.16379925293669284
v 0.0731325871534804 0.48915221341019743 -0.11384996905780753
v 0.024796177363086924 0.4763618496929042 -0.11387268435436465
v 0.1057735037155625 0.3658746889225241 -0.15700345749373307
v 0.10505853787321753 0.3684879789084934 -0.10707688891140518
v 0.05743709392516905 0.35308432520523086 -0.15702617279029016
v 0.0567221280828242 0.3556976151912 -0.10709960420796247
v 0.07384755458193892 0.48653893303830464 -0.16377653988819618
v 0.0731325871534804 0.48915221341019743 -0.11384996905780753
v 0.1057735037155625 0.3658746889225241 -0.15700345749373307
v 0.10505853787321753 0.3684879789084934 -0.10707688891140518
v 0.02551114320543215 0.4737485597069348 -0.16379925293669284
v 0.05743709392516905 0.35308432520523086 -0.15702617279029016
v 0.024796177363086924 0.4763618496929042 -0.11387268435436465
v 0.0567221280828242 0.3556976151912 -0.10709960420796247
vt 0.81247 0.03127000000000002
vt 0.81247 0
vt 0.82814 0
vt 0.81247 0.03127000000000002
vt 0.82814 0
vt 0.82814 0.03127000000000002
vt 0.81247 0.18748999999999993
vt 0.82814 0.18748999999999993
vt 0.82814 0.21875
vt 0.81247 0.18748999999999993
vt 0.82814 0.21875
vt 0.81247 0.21875
vt 0.85938 0.015630000000000033
vt 0.85938 0
vt 0.84371 0.015630000000000033
vt 0.84371 0.015630000000000033
vt 0.85938 0
vt 0.84371 0
vt 0.04692 0.84374
vt 0.03125 0.84374
vt 0.04692 0.85938
vt 0.04692 0.85938
vt 0.03125 0.84374
vt 0.03125 0.85938
vt 0.81247 0.2969200000000001
vt 0.82814 0.2969200000000001
vt 0.82814 0.3280799999999999
vt 0.81247 0.2969200000000001
vt 0.82814 0.3280799999999999
vt 0.81247 0.3280799999999999
vt 0.81247 0.37497
vt 0.81247 0.34370999999999996
vt 0.82814 0.34370999999999996
vt 0.81247 0.37497
vt 0.82814 0.34370999999999996
vt 0.82814 0.37497
vn -0.014299336434386186 0.05226578707591949 0.9985308290077333
vn -0.014299366952651157 0.05226576441632909 0.9985308297567633
vn 0.01429936695265049 -0.05226576441632634 -0.9985308297567634
vn 0.014299366952653433 -0.05226576441632409 -0.9985308297567637
vn -0.2554077577099884 0.9653138981737933 -0.054184456203521233
vn -0.25540758117806434 0.9653139348002906 -0.054184635803433565
vn 0.2554075811780644 -0.9653139348002909 0.05418463580343036
vn 0.25540758117806595 -0.9653139348002905 0.054184635803428735
vn -0.9667277236310845 -0.25580715773733514 -0.00045432742329692955
vn -0.9667277166166295 -0.2558071843904898 -0.00045424597696902536
vn 0.96672771661663 0.25580718439048844 0.00045424597697341085
vn 0.9667277166166295 0.2558071843904905 0.00045424597696686053
usemtl m_176db8f8-90c0-0e2e-f2de-b6726d94649e
f 866/1297/433 865/1298/433 867/1299/433
f 866/1300/434 867/1301/434 868/1302/434
f 870/1303/435 869/1304/435 871/1305/435
f 870/1306/436 871/1307/436 872/1308/436
f 873/1309/437 874/1310/437 875/1311/437
f 875/1312/438 874/1313/438 876/1314/438
f 877/1315/439 878/1316/439 879/1317/439
f 879/1318/440 878/1319/440 880/1320/440
f 882/1321/441 881/1322/441 883/1323/441
f 882/1324/442 883/1325/442 884/1326/442
f 886/1327/443 885/1328/443 887/1329/443
f 886/1330/444 887/1331/444 888/1332/444
o obj38
v 0.06220056489595632 0.41154267609296025 -0.15723147655152048
v 0.062063399535433536 0.36779502040474826 -0.15678961554450685
v -0.04404836542340691 0.411872403216695 -0.15756898332766983
v -0.04418553237004313 0.3681247379144065 -0.1571271200725956
v 0.06206296886196615 0.41198496913141824 -0.1134839480836842
v -0.04418596145739721 0.41231469625515293 -0.11382145485983339
v 0.06192580350144337 0.36823731344320626 -0.11304208707667057
v -0.044323128404033435 0.3685670309528645 -0.11337959160475913
v 0.06220056489595632 0.41154267609296025 -0.15723147655152048
v -0.04404836542340691 0.411872403216695 -0.15756898332766983
v 0.06206296886196615 0.41198496913141824 -0.1134839480836842
v -0.04418596145739721 0.41231469625515293 -0.11382145485983339
v 0.062063399535433536 0.36779502040474826 -0.15678961554450685
v 0.06192580350144337 0.36823731344320626 -0.11304208707667057
v -0.04418553237004313 0.3681247379144065 -0.1571271200725956
v -0.044323128404033435 0.3685670309528645 -0.11337959160475913
v 0.06220056489595632 0.41154267609296025 -0.15723147655152048
v 0.06206296886196615 0.41198496913141824 -0.1134839480836842
v 0.062063399535433536 0.36779502040474826 -0.15678961554450685
v 0.06192580350144337 0.36823731344320626 -0.11304208707667057
v -0.04404836542340691 0.411872403216695 -0.15756898332766983
v -0.04418553237004313 0.3681247379144065 -0.1571271200725956
v -0.04418596145739721 0.41231469625515293 -0.11382145485983339
v -0.044323128404033435 0.3685670309528645 -0.11337959160475913
vt 0.8125 0.79684
vt 0.8125 0.78129
vt 0.84375 0.78129
vt 0.8125 0.79684
vt 0.84375 0.78129
vt 0.84375 0.79684
vt 0.8125 0.81248
vt 0.84375 0.81248
vt 0.84375 0.82813
vt 0.8125 0.81248
vt 0.84375 0.82813
vt 0.8125 0.82813
vt 0.84375 0.07816000000000001
vt 0.84375 0.04688000000000003
vt 0.82812 0.07816000000000001
vt 0.82812 0.07816000000000001
vt 0.84375 0.04688000000000003
vt 0.82812 0.04688000000000003
vt 0.84375 0.09370999999999996
vt 0.82812 0.09370999999999996
vt 0.84375 0.12499000000000005
vt 0.84375 0.12499000000000005
vt 0.82812 0.09370999999999996
vt 0.82812 0.12499000000000005
vt 0.84375 0.60942
vt 0.85937 0.60942
vt 0.85937 0.62497
vt 0.84375 0.60942
vt 0.85937 0.62497
vt 0.84375 0.62497
vt 0.84375 0.65625
vt 0.84375 0.64061
vt 0.85937 0.64061
vt 0.84375 0.65625
vt 0.85937 0.64061
vt 0.85937 0.65625
vn -0.003145014983295058 0.010109516078454645 0.999943951712002
vn -0.003144994539793166 0.010109565286422704 0.9999439512788025
vn 0.003145014983293392 -0.010109516078454754 -0.999943951712002
vn 0.003144994539791445 -0.010109565286422649 -0.9999439512788026
vn 0.00313525418138047 0.9999440815584411 -0.010099699870005058
vn 0.0031352541813810253 0.9999440815584411 -0.010099699870006418
vn -0.0031351634413967757 -0.9999440818400342 0.010099700158250123
vn -0.003135163441397303 -0.9999440818400342 0.010099700158251427
vn -0.9999901395274677 0.0031032612381831637 -0.00317657323596221
vn -0.9999901395274677 0.0031032612381831637 -0.0031765732359621546
vn 0.9999901394164545 -0.003103296644608288 0.0031765735935793673
vn 0.9999901394164545 -0.0031032966446082324 0.0031765735935793673
usemtl m_176db8f8-90c0-0e2e-f2de-b6726d94649e
f 890/1333/445 889/1334/445 891/1335/445
f 890/1336/446 891/1337/446 892/1338/446
f 894/1339/447 893/1340/447 895/1341/447
f 894/1342/448 895/1343/448 896/1344/448
f 897/1345/449 898/1346/449 899/1347/449
f 899/1348/450 898/1349/450 900/1350/450
f 901/1351/451 902/1352/451 903/1353/451
f 903/1354/452 902/1355/452 904/1356/452
f 906/1357/453 905/1358/453 907/1359/453
f 906/1360/454 907/1361/454 908/1362/454
f 910/1363/455 909/1364/455 911/1365/455
f 910/1366/456 911/1367/456 912/1368/456
o obj39
v -0.021589931084357687 0.4210887316359621 -0.13540196034577343
v -0.02276368768188665 0.046735242144511135 -0.13162088295741364
v -0.6465837863848188 0.4230282743866423 -0.13738729293512003
v -0.5837817577275914 0.04847625416036999 -0.13340298978644738
v -0.022374223028679252 0.4236098079073751 0.11395872766908274
v -0.647368072686673 0.42554934790698445 0.11197338729551026
v -0.023547971523936208 0.049256318449718284 0.11773981091850436
v -0.5845660512580262 0.05099732081770644 0.1159577004764692
v -0.021589931084357687 0.4210887316359621 -0.13540196034577343
v -0.6465837863848188 0.4230282743866423 -0.13738729293512003
v -0.022374223028679252 0.4236098079073751 0.11395872766908274
v -0.647368072686673 0.42554934790698445 0.11197338729551026
v -0.02276368768188665 0.046735242144511135 -0.13162088295741364
v -0.023547971523936208 0.049256318449718284 0.11773981091850436
v -0.5837817577275914 0.04847625416036999 -0.13340298978644738
v -0.5845660512580262 0.05099732081770644 0.1159577004764692
v -0.021589931084357687 0.4210887316359621 -0.13540196034577343
v -0.022374223028679252 0.4236098079073751 0.11395872766908274
v -0.02276368768188665 0.046735242144511135 -0.13162088295741364
v -0.023547971523936208 0.049256318449718284 0.11773981091850436
v -0.6465837863848188 0.4230282743866423 -0.13738729293512003
v -0.5837817577275914 0.04847625416036999 -0.13340298978644738
v -0.647368072686673 0.42554934790698445 0.11197338729551026
v -0.5845660512580262 0.05099732081770644 0.1159577004764692
vt 0 0.09374000000000005
vt 0 0
vt 0.15625 0
vt 0 0.09374000000000005
vt 0.15625 0
vt 0.14064 0.09374000000000005
vt 0 0.10936000000000001
vt 0.15625 0.10936000000000001
vt 0.15625 0.20310000000000006
vt 0 0.10936000000000001
vt 0.15625 0.20310000000000006
vt 0.01561 0.20310000000000006
vt 0.375 0.45313000000000003
vt 0.375 0.29689999999999994
vt 0.31251 0.45313000000000003
vt 0.31251 0.45313000000000003
vt 0.375 0.29689999999999994
vt 0.31251 0.29689999999999994
vt 0.28124 0.32814
vt 0.21875 0.32814
vt 0.28124 0.46875
vt 0.28124 0.46875
vt 0.21875 0.32814
vt 0.21875 0.46875
vt 0 0.34377
vt 0.06249 0.34377
vt 0.06249 0.4375
vt 0 0.34377
vt 0.06249 0.4375
vt 0 0.4375
vt 0.0781 0.4375
vt 0.0781 0.34377
vt 0.14064 0.34377
vt 0.0781 0.4375
vt 0.14064 0.34377
vt 0.14064 0.4375
vn -0.003145012278546966 0.010109581046102822 0.9999439510636785
vn -0.003145007481955897 0.010109588996909974 0.9999439509983808
vn 0.0031450247565087395 -0.010109596671691168 -0.9999439508664556
vn 0.0031450139609831 -0.010109614566304796 -0.999943950719492
vn 0.0031352078210399315 0.9999440813688373 -0.01009973303366471
vn 0.0031352035402300027 0.9999440814896352 -0.010099722402693745
vn -0.003135217130910805 -0.9999440813399458 0.010099733004089116
vn -0.0031351998244439627 -0.9999440817841276 0.010099694399275772
vn -0.9999901394405792 0.0031033081212413762 -0.0031765547871137603
vn -0.9999901396110022 0.0031032867602663328 -0.0031765220055872123
vn 0.9862291194818322 0.16537859397744875 0.0014298741664544588
vn 0.9862291229694704 0.16537857289106456 0.0014299074739564375
usemtl m_176db8f8-90c0-0e2e-f2de-b6726d94649e
f 914/1369/457 913/1370/457 915/1371/457
f 914/1372/458 915/1373/458 916/1374/458
f 918/1375/459 917/1376/459 919/1377/459
f 918/1378/460 919/1379/460 920/1380/460
f 921/1381/461 922/1382/461 923/1383/461
f 923/1384/462 922/1385/462 924/1386/462
f 925/1387/463 926/1388/463 927/1389/463
f 927/1390/464 926/1391/464 928/1392/464
f 930/1393/465 929/1394/465 931/1395/465
f 930/1396/466 931/1397/466 932/1398/466
f 934/1399/467 933/1400/467 935/1401/467
f 934/1402/468 935/1403/468 936/1404/468
o obj40
v -0.5100220993317595 0.4229197417162535 -0.13664483641074843
v -0.5111938912576344 0.049191077447111445 -0.1328700605882056
v -0.634395920105503 0.4233057107688727 -0.1370399120670046
v -0.5728911305509773 0.04938254000826035 -0.1330660452472301
v -0.5108044177944712 0.4254344926413467 0.11209105430900773
v -0.6351782369821012 0.42582047130804235 0.11169597640469087
v -0.5119762162365041 0.0517058379524868 0.11586582202242751
v -0.5736734474275753 0.05189730054743005 0.11566984322446541
v -0.5100220993317595 0.4229197417162535 -0.13664483641074843
v -0.634395920105503 0.4233057107688727 -0.1370399120670046
v -0.5108044177944712 0.4254344926413467 0.11209105430900773
v -0.6351782369821012 0.42582047130804235 0.11169597640469087
v -0.5111938912576344 0.049191077447111445 -0.1328700605882056
v -0.5119762162365041 0.0517058379524868 0.11586582202242751
v -0.5728911305509773 0.04938254000826035 -0.1330660452472301
v -0.5736734474275753 0.05189730054743005 0.11566984322446541
v -0.5100220993317595 0.4229197417162535 -0.13664483641074843
v -0.5108044177944712 0.4254344926413467 0.11209105430900773
v -0.5111938912576344 0.049191077447111445 -0.1328700605882056
v -0.5119762162365041 0.0517058379524868 0.11586582202242751
v -0.634395920105503 0.4233057107688727 -0.1370399120670046
v -0.5728911305509773 0.04938254000826035 -0.1330660452472301
v -0.6351782369821012 0.42582047130804235 0.11169597640469087
v -0.5736734474275753 0.05189730054743005 0.11566984322446541
vt 0.18778 0.8125
vt 0.18778 0.43755
vt 0.31216 0.43755
vt 0.18778 0.8125
vt 0.31216 0.43755
vt 0.24997 0.8125
vt 0 0.43755
vt 0.12498 0.43755
vt 0.12498 0.8125
vt 0 0.43755
vt 0.12498 0.8125
vt 0.06219 0.8125
vt 0.625 0.56253
vt 0.625 0.43755
vt 0.37503 0.56253
vt 0.37503 0.56253
vt 0.625 0.43755
vt 0.37503 0.43755
vt 0.625 0.62502
vt 0.37503 0.62502
vt 0.625 0.68752
vt 0.625 0.68752
vt 0.37503 0.62502
vt 0.37503 0.68752
vt 0 0
vt 0.24997 0
vt 0.24997 0.37495
vt 0 0
vt 0.24997 0.37495
vt 0 0.37495
vt 0.31254 0.37495
vt 0.31254 0
vt 0.56251 0
vt 0.31254 0.37495
vt 0.56251 0
vt 0.56251 0.37495
vn -0.0031449666433961956 0.010109605865732089 0.9999439509562782
vn -0.0031450040199685328 0.010109593557096256 0.9999439509631651
vn 0.0031449840427452682 -0.010109584539225334 -0.999943951117169
vn 0.003144909387733207 -0.010109609124179296 -0.9999439511034103
vn 0.0031352065297569343 0.999944081718754 -0.010099698790237616
vn 0.0031352841681782373 0.9999440810863603 -0.010099737300516082
vn -0.0031351686185256125 -0.9999440814449475 0.01009973766756783
vn -0.0031351686185135674 -0.9999440814449476 0.010099737667564918
vn -0.9999901395937002 0.0031032934534315215 -0.003176520913528824
vn -0.9999901394554873 0.003103310768220985 -0.0031765475080735572
vn 0.9867372330957913 0.1623191124120266 0.001462384434376074
vn 0.9867372330957913 0.1623191124120266 0.001462384434376074
usemtl m_617c672c-1484-9191-9138-1ae56b52b70b
f 938/1405/469 937/1406/469 939/1407/469
f 938/1408/470 939/1409/470 940/1410/470
f 942/1411/471 941/1412/471 943/1413/471
f 942/1414/472 943/1415/472 944/1416/472
f 945/1417/473 946/1418/473 947/1419/473
f 947/1420/474 946/1421/474 948/1422/474
f 949/1423/475 950/1424/475 951/1425/475
f 951/1426/476 950/1427/476 952/1428/476
f 954/1429/477 953/1430/477 955/1431/477
f 954/1432/478 955/1433/478 956/1434/478
f 958/1435/479 957/1436/479 959/1437/479
f 958/1438/480 959/1439/480 960/1440/480